Month,Ads / Non Ads,Payment Source 1,Payment Source 2,Batches,Date,Opportunity Name,Email,Phone Number,Mentor,Lead Channel,Course Fee,Registration Date,Upfront Fees,Loan Vendor,Payment Status,Disbursed Date
Apr-26,ADS Referral,BA Meta Ads,META,BA-B06,16/04/2026,Varun Joshi,varunjoshi967@rediffmail.com,8877414648,Meera Pillai,Organic,57999,"20/04/2026, 10:47 PM",23400,Self Finance,Paid,
Apr-26,ADS,DS Search Ads,SEM,DS-B08,11/04/2026,Manish Pillai,manish.pillai127@hotmail.com,7845058486,Vikram Das,Google Ads,63999,"29/04/2026, 09:23 AM",29600,Self Finance,Partial,
Apr-26,ADS,DA Search Ads,GSN,DA-B13,01/04/2026,Amit Naidu,amit_naidu@yahoo.com,9797598747,Priya Sharma,Google Ads,62999,"13/04/2026, 09:49 PM",19400,Self Finance,Paid,
Apr-26,ADS Referral,CS Search Ads,GADS,CS-B04,30/04/2026,Sahil Tiwari,sahil.tiwari907@rediffmail.com,8746864797,Vikram Das,Google Ads,63999,"11/04/2026, 09:20 PM",16000,,Loan Disbursed,
Apr-26,YT Referral,DS Search Ads,GADS,DS-B08,25/04/2026,Bhavna Hegde,bhavna_hegde@hotmail.com,8980037149,Priya Sharma,YouTube,66999,"28/04/2026, 12:12 PM",32500,Propelld,Loan Disbursed,25/04/2026
Apr-26,YT Referral,DA Search Ads,GADS,DA-B14,12/04/2026,Aarav Reddy,aarav_reddy@gmail.com,7700938315,Kavya Reddy,Google Ads,66999,"28/04/2026, 01:01 PM",28600,Self Finance,Paid,
Apr-26,YT,DA Search Ads,GADS,DA-B13,17/04/2026,Deepa Ghosh,deepa.ghosh@outlook.com,9431832412,Vikram Das,Meta Ads,54999,"26/04/2026, 04:34 PM",18700,HDFC Credila,Pending,
Apr-26,ADS,DA Search Ads,GSN,DA-B13,06/04/2026,Pallavi Desai,pallavi.desai@gmail.com,9796944304,Deepak Verma,Meta Ads,50999,"12/04/2026, 10:07 AM",22800,Eduvanz,Loan Disbursed,13/04/2026
Apr-26,ADS,DS Search Ads,GADS,DS-B08,22/04/2026,Geeta Iyer,geetaiyer@outlook.com,6973364464,Vikram Das,Google Ads,81999,"23/04/2026, 03:51 PM",27600,Self Finance,Loan Disbursed,
Apr-26,ADS,DS Meta Ads,FB,DS-B08,27/04/2026,Akash Nair,akash.nair@hotmail.com,9262312862,Ananya Joshi,Meta Ads,73999,"04/04/2026, 06:33 PM",24600,Propelld,Paid,
Apr-26,YT,AI/ML Search Ads,SEM,AIML-B03,06/04/2026,Shruti Pandey,shruti_pandey942@yahoo.com,9404274044,Sneha Iyer,Meta Ads,66999,"27/04/2026, 12:16 PM",25500,,Loan Disbursed,
Apr-26,ADS,DS Search Ads,GSN,DS-B09,11/04/2026,Kavya Chopra,kavyachopra666@rediffmail.com,8450412830,Rahul Menon,Google Ads,73999,"17/04/2026, 02:20 PM",34800,Auxilo,Paid,
Apr-26,ADS,DS Search Ads,GADS,DS-B08,20/04/2026,Aarav Tiwari,aaravtiwari92@hotmail.com,9415695262,Rahul Menon,Google Ads,65999,"15/04/2026, 09:51 PM",20600,HDFC Credila,Paid,
Apr-26,ADS,DS Search Ads,SEM,DS-B08,19/04/2026,Ananya Naidu,ananyanaidu877@hotmail.com,7272632492,Vikram Das,YouTube,66999,"22/04/2026, 07:31 PM",28700,Propelld,Partial,
Apr-26,YT,DA Meta Ads,FB,DA-B13,20/04/2026,Mohit Tiwari,mohittiwari@hotmail.com,7118102286,Suresh Bhat,YouTube,65999,"20/04/2026, 12:45 PM",13600,Self Finance,Loan Disbursed,
Apr-26,ADS Referral,DM Meta Ads,INST,DM-B08,01/04/2026,Hemant Jain,hemant.jain901@gmail.com,7227455382,Sneha Iyer,YouTube,38999,"04/04/2026, 02:35 PM",18600,Self Finance,Refunded,
Apr-26,ADS,DA Search Ads,GSN,DA-B14,13/04/2026,Dhruv Shetty,dhruv_shetty@rediffmail.com,8465880135,Deepak Verma,YouTube,56999,"25/04/2026, 12:06 PM",28300,Self Finance,Paid,
Apr-26,ADS Referral,Gen AI Meta Ads,META,GENAI-B03,01/04/2026,Rahul Murthy,rahul_murthy@hotmail.com,9538185621,Arjun Nair,YouTube,65999,"18/04/2026, 01:01 PM",27500,,Partial,
Apr-26,ADS,DS Meta Ads,FB,DS-B09,23/04/2026,Anjali Rao,anjali_rao610@rediffmail.com,9625028556,Kavya Reddy,YouTube,63999,"10/04/2026, 01:23 PM",19900,Eduvanz,Paid,
Apr-26,YT,DM Meta Ads,FB,DM-B08,26/04/2026,Sakshi Shah,sakshi.shah530@gmail.com,7828884493,Deepak Verma,Email,35999,"27/04/2026, 07:25 PM",17500,Self Finance,Paid,
Apr-26,YT Referral,DA Meta Ads,FB,DA-B13,01/04/2026,Vinay Sharma,vinay_sharma590@yahoo.com,8153279509,Arjun Nair,Referral,60999,"23/04/2026, 01:56 PM",14700,,Paid,
Apr-26,ADS,Gen AI Search Ads,GADS,GENAI-B03,02/04/2026,Esha Varma,eshavarma@yahoo.com,8171039121,Priya Sharma,Meta Ads,58999,"24/04/2026, 02:11 PM",25000,Propelld,Paid,
Apr-26,YT Referral,DM Meta Ads,INST,DM-B07,06/04/2026,Tanvi Iyer,tanviiyer920@outlook.com,7914872779,Vikram Das,Email,47999,"12/04/2026, 05:31 PM",22200,,Pending,
Apr-26,YT,Gen AI Search Ads,GSN,GENAI-B03,29/04/2026,Rahul Jain,rahul_jain720@outlook.com,7825850659,Arjun Nair,Google Ads,77999,"11/04/2026, 10:16 AM",19200,Auxilo,Partial,
Apr-26,ADS,BA Search Ads,GADS,BA-B05,28/04/2026,Pallavi Menon,pallavi_menon@outlook.com,8616155146,Deepak Verma,Google Ads,51999,"20/04/2026, 07:55 PM",11300,HDFC Credila,Loan Disbursed,06/04/2026
Apr-26,ADS,Gen AI Search Ads,SEM,GENAI-B03,25/04/2026,Deepak Varma,deepakvarma@outlook.com,7546359206,Arjun Nair,YouTube,71999,"12/04/2026, 12:08 PM",28800,Self Finance,Paid,
Apr-26,ADS,Gen AI Search Ads,GADS,GENAI-B04,25/04/2026,Pooja Gupta,pooja_gupta51@rediffmail.com,7341714129,Meera Pillai,Google Ads,73999,"07/04/2026, 07:47 PM",20100,Self Finance,Paid,
Apr-26,ADS Referral,DM Meta Ads,META,DM-B08,11/04/2026,Meera Kumar,meerakumar@outlook.com,6120829074,Priya Sharma,Organic,36999,"28/04/2026, 04:24 PM",8400,Auxilo,Pending,
Apr-26,ADS,DS Meta Ads,META,DS-B09,15/04/2026,Nandini Rajan,nandini.rajan295@hotmail.com,6208433310,Meera Pillai,YouTube,83999,"26/04/2026, 06:10 PM",41700,Eduvanz,Loan Disbursed,26/04/2026
Apr-26,YT,CS Search Ads,GSN,CS-B05,19/04/2026,Deepak Varma,deepak_varma36@outlook.com,7632495145,Kavya Reddy,Organic,64999,"02/04/2026, 08:09 PM",27500,Self Finance,Pending,
Apr-26,ADS Referral,DA Search Ads,GADS,DA-B13,28/04/2026,Priya Verma,priya.verma604@gmail.com,7358830284,Rahul Menon,YouTube,55999,"04/04/2026, 06:52 PM",23000,Self Finance,Pending,
Apr-26,ADS,BA Search Ads,GSN,BA-B05,25/04/2026,Uday Murthy,udaymurthy697@hotmail.com,9597689186,Rahul Menon,Google Ads,53999,"22/04/2026, 01:31 PM",26200,Eduvanz,Paid,
Apr-26,YT,DA Search Ads,GADS,DA-B13,25/04/2026,Vijay Nair,vijay_nair904@outlook.com,6532764722,Deepak Verma,Meta Ads,66999,"10/04/2026, 07:27 PM",22700,Self Finance,Refunded,
Apr-26,YT,DA Search Ads,GADS,DA-B12,26/04/2026,Aditya Ghosh,adityaghosh@rediffmail.com,8985244002,Arjun Nair,YouTube,50999,"12/04/2026, 03:34 PM",19000,Self Finance,Partial,
Apr-26,ADS Referral,Gen AI Search Ads,SEM,GENAI-B04,26/04/2026,Sandeep Ghosh,sandeepghosh@yahoo.com,8438439792,Ananya Joshi,Meta Ads,61999,"12/04/2026, 03:21 PM",13900,Propelld,Paid,
Apr-26,ADS Referral,Gen AI Search Ads,GSN,GENAI-B03,16/04/2026,Pallavi Tiwari,pallavi_tiwari600@hotmail.com,9593390174,Arjun Nair,Meta Ads,73999,"26/04/2026, 04:35 PM",22400,Propelld,Paid,
Apr-26,YT,DM Meta Ads,META,DM-B08,16/04/2026,Amit Yadav,amityadav@gmail.com,8029979388,Ananya Joshi,YouTube,41999,"09/04/2026, 12:49 PM",12800,Self Finance,Paid,
Apr-26,ADS,DS Search Ads,SEM,DS-B08,03/04/2026,Rahul Chopra,rahulchopra@hotmail.com,9914389254,Sneha Iyer,YouTube,71999,"23/04/2026, 02:48 PM",21800,Auxilo,Paid,
Apr-26,ADS Referral,DA Search Ads,SEM,DA-B14,08/04/2026,Meera Iyer,meera.iyer@rediffmail.com,6929403170,Suresh Bhat,Meta Ads,52999,"25/04/2026, 09:41 AM",14600,HDFC Credila,Loan Disbursed,04/04/2026
Apr-26,ADS Referral,DA Meta Ads,META,DA-B12,01/04/2026,Sandeep Shetty,sandeep.shetty123@gmail.com,8951163094,Ananya Joshi,YouTube,60999,"09/04/2026, 10:42 AM",14900,,Partial,
Apr-26,YT,AI/ML Search Ads,GSN,AIML-B02,07/04/2026,Ishaan Pillai,ishaanpillai850@yahoo.com,8366844804,Deepak Verma,Organic,86999,"16/04/2026, 10:16 AM",30200,Self Finance,Paid,
Apr-26,ADS Referral,CS Search Ads,GSN,CS-B04,12/04/2026,Akash Mehta,akash.mehta976@outlook.com,6790826700,Kavya Reddy,Google Ads,51999,"04/04/2026, 04:40 PM",22800,Self Finance,Partial,
Apr-26,YT,DS Meta Ads,FB,DS-B08,11/04/2026,Mohit Yadav,mohit_yadav95@yahoo.com,7370301560,Priya Sharma,Google Ads,79999,"11/04/2026, 10:32 PM",27600,Propelld,Paid,
Apr-26,ADS,CS Search Ads,GSN,CS-B05,21/04/2026,Aryan Shah,aryan.shah@hotmail.com,6413936282,Rahul Menon,Google Ads,63999,"14/04/2026, 09:27 PM",18900,Self Finance,Refunded,
Apr-26,ADS,Gen AI Search Ads,GSN,GENAI-B04,11/04/2026,Pooja Pandey,pooja_pandey207@hotmail.com,6436647057,Priya Sharma,YouTube,66999,"24/04/2026, 11:37 AM",21200,Self Finance,Pending,
Apr-26,ADS,DA Search Ads,SEM,DA-B12,21/04/2026,Rohit Bose,rohit.bose@rediffmail.com,6074887627,Ananya Joshi,Meta Ads,58999,"19/04/2026, 03:21 PM",29400,,Refunded,
Apr-26,ADS,DS Search Ads,GADS,DS-B10,14/04/2026,Uday Sharma,uday_sharma152@yahoo.com,6269694646,Sneha Iyer,Google Ads,81999,"16/04/2026, 01:30 PM",24900,Propelld,Paid,
Apr-26,ADS,Gen AI Search Ads,GADS,GENAI-B03,16/04/2026,Kavya Rajan,kavya.rajan@rediffmail.com,9964645466,Sneha Iyer,Google Ads,65999,"06/04/2026, 02:45 PM",15800,Self Finance,Paid,
Apr-26,YT,DS Search Ads,SEM,DS-B08,16/04/2026,Chetan Pillai,chetan.pillai@hotmail.com,9930246708,Deepak Verma,Meta Ads,74999,"14/04/2026, 11:10 AM",19500,Self Finance,Partial,
Apr-26,YT,Gen AI Meta Ads,FB,GENAI-B04,16/04/2026,Ishaan Murthy,ishaan.murthy341@outlook.com,9766772486,Vikram Das,Organic,67999,"26/04/2026, 09:22 PM",15400,Self Finance,Loan Disbursed,
Apr-26,ADS,DM Meta Ads,FB,DM-B07,24/04/2026,Aditya Ghosh,aditya.ghosh@outlook.com,7503902562,Priya Sharma,Organic,36999,"11/04/2026, 03:18 PM",12300,Self Finance,Paid,
Apr-26,YT Referral,DS Meta Ads,META,DS-B08,10/04/2026,Priya Chopra,priyachopra352@rediffmail.com,6516617023,Suresh Bhat,Google Ads,70999,"11/04/2026, 04:34 PM",27400,Auxilo,Loan Disbursed,27/04/2026
Apr-26,YT,DM Meta Ads,META,DM-B08,12/04/2026,Varun Menon,varun.menon805@hotmail.com,7116745820,Suresh Bhat,Organic,43999,"21/04/2026, 07:32 PM",12500,Eduvanz,Paid,
Apr-26,ADS,DS Meta Ads,META,DS-B10,27/04/2026,Pradeep Naidu,pradeep.naidu@gmail.com,8893031224,Priya Sharma,Email,82999,"23/04/2026, 12:31 PM",37500,Self Finance,Paid,
Apr-26,YT,CS Search Ads,GADS,CS-B05,01/04/2026,Meera Nair,meera.nair@outlook.com,6914028405,Suresh Bhat,Google Ads,52999,"18/04/2026, 03:04 PM",24700,Eduvanz,Pending,
Apr-26,YT,DS Search Ads,SEM,DS-B08,17/04/2026,Mohit Pillai,mohit_pillai@gmail.com,6503361509,Kavya Reddy,WhatsApp,63999,"16/04/2026, 09:02 PM",26800,,Paid,
Apr-26,ADS,DM Meta Ads,FB,DM-B07,17/04/2026,Divya Desai,divya.desai984@gmail.com,7332712116,Sneha Iyer,Referral,46999,"02/04/2026, 07:13 PM",10500,HDFC Credila,Paid,
Apr-26,YT Referral,Gen AI Meta Ads,FB,GENAI-B04,22/04/2026,Nandini Agarwal,nandini.agarwal@outlook.com,8767360820,Rahul Menon,Meta Ads,74999,"07/04/2026, 03:30 PM",35300,Self Finance,Paid,
Apr-26,ADS,DM Meta Ads,INST,DM-B07,04/04/2026,Pallavi Shetty,pallavishetty@yahoo.com,7982290824,Ananya Joshi,Meta Ads,37999,"09/04/2026, 06:20 PM",7700,Self Finance,Paid,
Apr-26,ADS,DS Search Ads,GADS,DS-B09,11/04/2026,Uday Joshi,udayjoshi797@yahoo.com,6515244129,Kavya Reddy,Meta Ads,74999,"07/04/2026, 12:04 PM",24300,Self Finance,Paid,
Apr-26,ADS Referral,Gen AI Meta Ads,META,GENAI-B04,21/04/2026,Nandini Yadav,nandini.yadav221@outlook.com,9713551453,Rahul Menon,YouTube,56999,"10/04/2026, 02:31 PM",21500,HDFC Credila,Partial,
Apr-26,YT,DM Meta Ads,INST,DM-B07,24/04/2026,Suresh Kumar,suresh.kumar733@outlook.com,8364888614,Kavya Reddy,Meta Ads,37999,"21/04/2026, 03:28 PM",17300,Eduvanz,Paid,
Apr-26,YT,DS Meta Ads,FB,DS-B08,24/04/2026,Pallavi Jain,pallavijain@yahoo.com,8677254763,Priya Sharma,WhatsApp,83999,"21/04/2026, 02:32 PM",30300,,Refunded,
Apr-26,ADS Referral,DA Search Ads,GADS,DA-B14,29/04/2026,Ananya Kapoor,ananya.kapoor213@rediffmail.com,7499617364,Priya Sharma,YouTube,62999,"18/04/2026, 10:39 PM",14000,HDFC Credila,Paid,
Apr-26,YT Referral,DA Meta Ads,META,DA-B13,15/04/2026,Pradeep Mehta,pradeep.mehta983@hotmail.com,8397337103,Kavya Reddy,Google Ads,66999,"27/04/2026, 08:06 PM",17800,Eduvanz,Partial,
Apr-26,YT,CS Search Ads,GADS,CS-B04,20/04/2026,Nikhil Tiwari,nikhil_tiwari@yahoo.com,8415220222,Priya Sharma,Organic,60999,"27/04/2026, 05:26 PM",27700,Propelld,Paid,
Apr-26,YT Referral,DA Meta Ads,INST,DA-B13,23/04/2026,Aryan Tiwari,aryan_tiwari@outlook.com,6958817108,Sneha Iyer,Google Ads,58999,"19/04/2026, 05:27 PM",19800,Propelld,Paid,
Apr-26,ADS Referral,Gen AI Search Ads,GADS,GENAI-B04,20/04/2026,Gaurav Kumar,gaurav.kumar620@rediffmail.com,9655491951,Ananya Joshi,Meta Ads,77999,"03/04/2026, 06:19 PM",22000,Self Finance,Paid,
Apr-26,YT,DA Search Ads,GSN,DA-B13,22/04/2026,Akash Agarwal,akash.agarwal@yahoo.com,6545766177,Sneha Iyer,Google Ads,53999,"03/04/2026, 07:47 PM",18000,Self Finance,Paid,
Apr-26,YT Referral,Gen AI Meta Ads,FB,GENAI-B04,23/04/2026,Karan Naidu,karannaidu182@gmail.com,9585439565,Sneha Iyer,Referral,65999,"23/04/2026, 12:49 PM",13900,,Loan Disbursed,
Apr-26,ADS,Gen AI Meta Ads,FB,GENAI-B04,03/04/2026,Nikhil Fernandes,nikhil.fernandes@hotmail.com,8510087580,Meera Pillai,Organic,65999,"29/04/2026, 07:01 PM",24900,Self Finance,Loan Disbursed,
Apr-26,ADS Referral,Gen AI Search Ads,GSN,GENAI-B04,09/04/2026,Anjali Desai,anjali.desai@yahoo.com,9550564682,Priya Sharma,Email,55999,"15/04/2026, 01:05 PM",22500,Self Finance,Refunded,
Apr-26,ADS Referral,DM Meta Ads,INST,DM-B07,01/04/2026,Akash Reddy,akash_reddy@hotmail.com,8073517495,Rahul Menon,YouTube,49999,"26/04/2026, 10:52 AM",17400,Self Finance,Paid,
Apr-26,YT Referral,AI/ML Search Ads,GSN,AIML-B03,28/04/2026,Sakshi Agarwal,sakshi.agarwal878@rediffmail.com,8037336478,Rahul Menon,Meta Ads,68999,"28/04/2026, 03:43 PM",15100,Self Finance,Paid,
Apr-26,YT,DA Search Ads,GADS,DA-B14,24/04/2026,Rohit Singh,rohit.singh686@rediffmail.com,9533934764,Kavya Reddy,Google Ads,69999,"12/04/2026, 10:57 PM",32100,Self Finance,Paid,
Apr-26,ADS,DS Search Ads,GADS,DS-B10,21/04/2026,Gaurav Murthy,gaurav.murthy997@hotmail.com,9388777503,Arjun Nair,Meta Ads,71999,"05/04/2026, 09:29 AM",34900,Auxilo,Refunded,
Apr-26,YT,DM Meta Ads,META,DM-B07,10/04/2026,Dhruv Mehta,dhruv_mehta503@hotmail.com,7745944435,Kavya Reddy,Organic,37999,"05/04/2026, 11:05 AM",10500,Self Finance,Partial,
Apr-26,YT,Gen AI Meta Ads,META,GENAI-B04,04/04/2026,Ravi Hegde,ravihegde151@yahoo.com,7864944729,Kavya Reddy,Google Ads,55999,"14/04/2026, 03:33 PM",18000,Self Finance,Paid,
Apr-26,ADS,CS Search Ads,GSN,CS-B05,03/04/2026,Sonia Shetty,sonia_shetty@outlook.com,9364747116,Ananya Joshi,Google Ads,66999,"15/04/2026, 12:26 PM",26400,,Paid,
Apr-26,YT Referral,BA Search Ads,GSN,BA-B06,03/04/2026,Rohit Shetty,rohitshetty@outlook.com,9406670947,Suresh Bhat,Organic,49999,"18/04/2026, 09:23 PM",24100,,Paid,
Apr-26,YT,DA Search Ads,GSN,DA-B12,05/04/2026,Nandini Chopra,nandini.chopra884@yahoo.com,7483739204,Deepak Verma,Meta Ads,56999,"15/04/2026, 10:57 AM",15700,,Pending,
Apr-26,ADS,Gen AI Meta Ads,FB,GENAI-B04,15/04/2026,Harish Patel,harish.patel@hotmail.com,9640814976,Ananya Joshi,Referral,57999,"26/04/2026, 02:55 PM",15400,Propelld,Paid,
Apr-26,YT,DA Meta Ads,FB,DA-B14,25/04/2026,Kritika Menon,kritikamenon923@rediffmail.com,6000468322,Priya Sharma,Referral,52999,"20/04/2026, 09:20 AM",16900,Self Finance,Partial,
Apr-26,YT,CS Search Ads,GSN,CS-B04,09/04/2026,Arjun Patel,arjunpatel531@rediffmail.com,9980352410,Suresh Bhat,Organic,55999,"28/04/2026, 04:07 PM",11900,NBFC Direct,Paid,
Apr-26,ADS,DS Search Ads,SEM,DS-B09,15/04/2026,Dhruv Sharma,dhruvsharma633@rediffmail.com,7033657821,Vikram Das,Google Ads,82999,"30/04/2026, 06:11 PM",22300,,Paid,
Apr-26,YT,BA Search Ads,GSN,BA-B06,19/04/2026,Lakshmi Desai,lakshmi_desai@outlook.com,6822317957,Deepak Verma,Google Ads,51999,"15/04/2026, 10:05 AM",10700,HDFC Credila,Loan Disbursed,07/04/2026
Apr-26,ADS Referral,AI/ML Search Ads,GSN,AIML-B03,22/04/2026,Manish Iyer,manishiyer962@hotmail.com,9646116138,Rahul Menon,Referral,89999,"06/04/2026, 09:14 PM",23600,Propelld,Paid,
Apr-26,ADS,CS Search Ads,GADS,CS-B05,23/04/2026,Nandini Yadav,nandini.yadav572@rediffmail.com,7878985064,Sneha Iyer,YouTube,52999,"03/04/2026, 08:52 PM",11200,Propelld,Paid,
Apr-26,ADS,DA Search Ads,GSN,DA-B13,16/04/2026,Meera Yadav,meera.yadav@hotmail.com,6514089512,Kavya Reddy,Google Ads,67999,"14/04/2026, 02:47 PM",22700,Propelld,Paid,
Apr-26,YT,DM Meta Ads,FB,DM-B08,28/04/2026,Pooja Desai,pooja_desai@rediffmail.com,9783351583,Deepak Verma,Email,45999,"30/04/2026, 04:29 PM",18400,Self Finance,Loan Disbursed,
Apr-26,YT,DA Meta Ads,INST,DA-B13,28/04/2026,Jaya Sharma,jaya.sharma@hotmail.com,7932661569,Meera Pillai,Google Ads,59999,"19/04/2026, 04:11 PM",27500,Propelld,Paid,
Apr-26,YT,DA Meta Ads,FB,DA-B14,09/04/2026,Rahul Hegde,rahul_hegde@yahoo.com,7904065004,Ananya Joshi,Google Ads,59999,"21/04/2026, 11:07 AM",20200,HDFC Credila,Partial,
Apr-26,ADS Referral,DS Search Ads,SEM,DS-B08,22/04/2026,Shruti Rajan,shruti_rajan289@hotmail.com,9315654089,Vikram Das,Organic,76999,"27/04/2026, 02:46 PM",25300,Propelld,Paid,
Apr-26,ADS,DA Search Ads,GADS,DA-B14,20/04/2026,Sneha Patel,sneha_patel@rediffmail.com,6826926289,Sneha Iyer,Google Ads,61999,"11/04/2026, 10:37 AM",16800,Self Finance,Paid,
Apr-26,ADS,DA Meta Ads,INST,DA-B13,19/04/2026,Divya Gupta,divya_gupta562@outlook.com,8781912517,Meera Pillai,YouTube,54999,"01/04/2026, 03:17 PM",25600,Auxilo,Paid,
Apr-26,ADS,DS Search Ads,GADS,DS-B08,04/04/2026,Mohit Gupta,mohitgupta574@outlook.com,6283593576,Priya Sharma,Email,79999,"12/04/2026, 11:11 AM",23700,,Paid,
Apr-26,YT Referral,DM Meta Ads,META,DM-B08,27/04/2026,Pooja Gupta,pooja_gupta@gmail.com,7151829719,Vikram Das,Meta Ads,39999,"10/04/2026, 01:16 PM",18900,Eduvanz,Paid,
Apr-26,ADS,BA Search Ads,GSN,BA-B05,18/04/2026,Deepa Chopra,deepachopra355@gmail.com,9654823396,Meera Pillai,Meta Ads,51999,"22/04/2026, 05:52 PM",10900,Eduvanz,Pending,
Apr-26,YT,DA Meta Ads,INST,DA-B13,24/04/2026,Sandeep Shetty,sandeepshetty208@hotmail.com,8408816492,Deepak Verma,Google Ads,52999,"07/04/2026, 01:59 PM",17700,,Paid,
Apr-26,ADS,DA Meta Ads,META,DA-B13,24/04/2026,Vinay Varma,vinay_varma@yahoo.com,7918803598,Arjun Nair,Google Ads,57999,"01/04/2026, 10:20 PM",15800,HDFC Credila,Paid,
Apr-26,ADS,DS Search Ads,SEM,DS-B08,17/04/2026,Pooja Rao,poojarao@rediffmail.com,8368945125,Meera Pillai,Email,72999,"24/04/2026, 10:45 PM",29600,,Paid,
Apr-26,ADS,DA Search Ads,GADS,DA-B12,18/04/2026,Pooja Pandey,poojapandey248@outlook.com,8343279967,Ananya Joshi,Email,63999,"22/04/2026, 09:42 AM",22900,Self Finance,Loan Disbursed,
Apr-26,YT,Gen AI Meta Ads,FB,GENAI-B04,20/04/2026,Esha Murthy,eshamurthy773@yahoo.com,9817300075,Deepak Verma,Referral,67999,"30/04/2026, 09:39 AM",21300,Eduvanz,Paid,
Apr-26,YT,DA Meta Ads,FB,DA-B12,13/04/2026,Aarav Tiwari,aarav.tiwari240@outlook.com,6973187051,Rahul Menon,WhatsApp,67999,"12/04/2026, 07:17 PM",21500,Eduvanz,Loan Disbursed,30/04/2026
Apr-26,ADS Referral,DM Meta Ads,META,DM-B07,27/04/2026,Sonia Murthy,soniamurthy@outlook.com,7425571189,Arjun Nair,Meta Ads,43999,"19/04/2026, 05:43 PM",20900,Self Finance,Pending,
Apr-26,ADS,DA Meta Ads,META,DA-B12,13/04/2026,Rohan Iyer,rohaniyer533@rediffmail.com,6254517437,Arjun Nair,Meta Ads,59999,"28/04/2026, 10:02 PM",29800,Self Finance,Pending,
Apr-26,ADS,CS Search Ads,GSN,CS-B04,06/04/2026,Rohit Shah,rohit.shah523@gmail.com,7194307835,Deepak Verma,WhatsApp,63999,"08/04/2026, 09:36 PM",14200,Self Finance,Paid,
Apr-26,YT,Gen AI Search Ads,GADS,GENAI-B03,24/04/2026,Deepak Fernandes,deepak.fernandes796@yahoo.com,6725137909,Meera Pillai,Google Ads,70999,"22/04/2026, 06:21 PM",27400,Self Finance,Paid,
Apr-26,ADS Referral,DA Search Ads,GADS,DA-B13,19/04/2026,Rahul Shah,rahul.shah@outlook.com,6455657135,Meera Pillai,Meta Ads,51999,"25/04/2026, 06:52 PM",24300,Eduvanz,Paid,
Apr-26,YT,DS Search Ads,GADS,DS-B09,13/04/2026,Shruti Naidu,shruti_naidu511@yahoo.com,6223509092,Rahul Menon,Meta Ads,71999,"29/04/2026, 05:40 PM",18700,Self Finance,Partial,
Apr-26,ADS Referral,BA Search Ads,GADS,BA-B06,25/04/2026,Aditya Yadav,aditya.yadav@yahoo.com,8730576356,Rahul Menon,Google Ads,51999,"20/04/2026, 12:01 PM",23200,Eduvanz,Pending,
Apr-26,YT,Gen AI Search Ads,GSN,GENAI-B04,18/04/2026,Shruti Rajan,shruti_rajan342@hotmail.com,9719420590,Kavya Reddy,WhatsApp,75999,"04/04/2026, 08:03 PM",26500,Propelld,Partial,
Apr-26,ADS Referral,DA Search Ads,SEM,DA-B13,12/04/2026,Uday Kapoor,udaykapoor92@gmail.com,9528052901,Vikram Das,Google Ads,60999,"18/04/2026, 02:12 PM",21300,,Pending,
Apr-26,YT Referral,DA Search Ads,GSN,DA-B14,19/04/2026,Ravi Chopra,ravi.chopra991@outlook.com,8476215230,Suresh Bhat,Google Ads,68999,"03/04/2026, 12:41 PM",27600,Self Finance,Paid,
Apr-26,ADS Referral,Gen AI Meta Ads,FB,GENAI-B04,06/04/2026,Vishal Verma,vishal_verma@gmail.com,7350983235,Sneha Iyer,Meta Ads,62999,"18/04/2026, 10:25 PM",25800,HDFC Credila,Partial,
Apr-26,ADS,BA Meta Ads,INST,BA-B06,03/04/2026,Lakshmi Shah,lakshmishah@rediffmail.com,8736395757,Rahul Menon,Meta Ads,57999,"05/04/2026, 08:50 PM",12100,Self Finance,Paid,
Apr-26,YT,Gen AI Search Ads,GADS,GENAI-B04,13/04/2026,Bhavna Bose,bhavna_bose@gmail.com,9410635488,Suresh Bhat,YouTube,77999,"23/04/2026, 01:07 PM",28600,Self Finance,Paid,
Apr-26,YT,CS Search Ads,GADS,CS-B05,15/04/2026,Hemant Agarwal,hemant.agarwal@hotmail.com,8417766118,Rahul Menon,Google Ads,63999,"19/04/2026, 04:15 PM",27100,Propelld,Paid,
Apr-26,YT Referral,DM Meta Ads,INST,DM-B07,21/04/2026,Manish Tiwari,manish.tiwari420@rediffmail.com,7274960692,Ananya Joshi,YouTube,40999,"10/04/2026, 08:49 PM",10100,Self Finance,Loan Disbursed,
Apr-26,YT,Gen AI Meta Ads,FB,GENAI-B03,01/04/2026,Rohan Chopra,rohan_chopra886@rediffmail.com,6106023742,Deepak Verma,Referral,65999,"01/04/2026, 01:37 PM",17500,Eduvanz,Partial,
Apr-26,ADS,DA Meta Ads,FB,DA-B12,23/04/2026,Sakshi Reddy,sakshireddy336@yahoo.com,7979700352,Deepak Verma,WhatsApp,65999,"24/04/2026, 05:46 PM",14400,Auxilo,Paid,
Apr-26,YT Referral,Gen AI Search Ads,SEM,GENAI-B03,12/04/2026,Sonia Joshi,sonia_joshi@yahoo.com,6617272401,Priya Sharma,Organic,56999,"19/04/2026, 10:22 AM",27200,Auxilo,Pending,
Apr-26,ADS,DS Search Ads,SEM,DS-B09,12/04/2026,Bhavna Kapoor,bhavna.kapoor697@hotmail.com,7105306973,Suresh Bhat,Referral,76999,"24/04/2026, 04:05 PM",19000,Self Finance,Pending,
Apr-26,ADS,BA Meta Ads,INST,BA-B06,12/04/2026,Mohit Sharma,mohit_sharma699@rediffmail.com,6169122451,Sneha Iyer,Google Ads,59999,"08/04/2026, 03:12 PM",13600,Auxilo,Paid,
Apr-26,ADS Referral,DA Meta Ads,FB,DA-B13,09/04/2026,Lakshmi Das,lakshmidas@hotmail.com,6941195477,Ananya Joshi,YouTube,51999,"17/04/2026, 11:01 AM",14600,Self Finance,Paid,
Apr-26,YT,Gen AI Search Ads,GADS,GENAI-B03,13/04/2026,Ishaan Bose,ishaanbose@rediffmail.com,9545865110,Sneha Iyer,WhatsApp,69999,"23/04/2026, 01:14 PM",21600,Self Finance,Pending,
Apr-26,YT,AI/ML Search Ads,GSN,AIML-B03,11/04/2026,Manish Shah,manish_shah@rediffmail.com,6148853292,Suresh Bhat,Google Ads,89999,"30/04/2026, 10:57 PM",33000,Self Finance,Paid,
Apr-26,ADS,Gen AI Meta Ads,META,GENAI-B03,17/04/2026,Manish Murthy,manish_murthy211@gmail.com,9970422368,Suresh Bhat,Referral,60999,"07/04/2026, 06:11 PM",12500,,Paid,
Apr-26,YT,DA Search Ads,GADS,DA-B14,07/04/2026,Harish Fernandes,harish.fernandes758@rediffmail.com,9397270681,Deepak Verma,Meta Ads,54999,"22/04/2026, 06:16 PM",22300,Eduvanz,Paid,
Apr-26,ADS,DA Search Ads,GSN,DA-B14,20/04/2026,Rohan Yadav,rohanyadav754@rediffmail.com,7228965616,Suresh Bhat,YouTube,50999,"02/04/2026, 09:26 PM",23900,Eduvanz,Loan Disbursed,08/04/2026
Apr-26,ADS,BA Search Ads,GSN,BA-B06,26/04/2026,Hemant Jain,hemant_jain@hotmail.com,8443204864,Suresh Bhat,Email,45999,"06/04/2026, 10:27 PM",10500,Self Finance,Paid,
Apr-26,YT,BA Search Ads,GSN,BA-B06,09/04/2026,Priya Jain,priya_jain90@yahoo.com,8720800607,Arjun Nair,Google Ads,45999,"10/04/2026, 03:34 PM",14100,,Paid,
Apr-26,ADS,DM Meta Ads,FB,DM-B08,25/04/2026,Aditya Reddy,aditya.reddy718@gmail.com,7211267847,Sneha Iyer,YouTube,43999,"30/04/2026, 10:02 AM",19700,Self Finance,Paid,
Apr-26,ADS,DM Meta Ads,META,DM-B07,09/04/2026,Vijay Chopra,vijay.chopra7@rediffmail.com,6283729562,Kavya Reddy,Meta Ads,38999,"04/04/2026, 03:47 PM",10200,,Paid,
Apr-26,ADS Referral,AI/ML Search Ads,GSN,AIML-B02,04/04/2026,Sakshi Murthy,sakshimurthy831@yahoo.com,6395636657,Kavya Reddy,Meta Ads,88999,"15/04/2026, 05:53 PM",29100,HDFC Credila,Paid,
Apr-26,ADS,DA Meta Ads,FB,DA-B13,16/04/2026,Ananya Fernandes,ananyafernandes209@yahoo.com,6090271406,Kavya Reddy,Organic,57999,"04/04/2026, 11:26 AM",27800,Self Finance,Paid,
Apr-26,ADS,DA Meta Ads,INST,DA-B12,18/04/2026,Chetan Murthy,chetan.murthy394@rediffmail.com,8130296146,Arjun Nair,Meta Ads,58999,"28/04/2026, 07:51 PM",12500,,Paid,
Apr-26,YT,DM Meta Ads,FB,DM-B07,28/04/2026,Divya Mehta,divyamehta@rediffmail.com,7739288465,Suresh Bhat,Referral,44999,"29/04/2026, 04:02 PM",12600,,Partial,
Apr-26,YT,DS Search Ads,SEM,DS-B10,17/04/2026,Shruti Verma,shrutiverma@yahoo.com,7703905655,Vikram Das,Referral,65999,"02/04/2026, 08:34 PM",15500,Self Finance,Paid,
Apr-26,YT,DA Search Ads,GADS,DA-B13,16/04/2026,Anjali Chopra,anjalichopra@rediffmail.com,8918930657,Ananya Joshi,Meta Ads,51999,"18/04/2026, 03:55 PM",17500,,Paid,
Apr-26,ADS,DS Search Ads,SEM,DS-B10,20/04/2026,Suresh Bose,suresh_bose925@yahoo.com,9654841643,Meera Pillai,Google Ads,82999,"15/04/2026, 03:42 PM",27500,Eduvanz,Paid,
Apr-26,YT Referral,AI/ML Search Ads,GSN,AIML-B03,16/04/2026,Yash Ghosh,yash.ghosh@rediffmail.com,8200984454,Sneha Iyer,Google Ads,89999,"22/04/2026, 02:18 PM",37400,Self Finance,Refunded,
Apr-26,ADS,CS Search Ads,GSN,CS-B04,16/04/2026,Isha Agarwal,isha_agarwal491@hotmail.com,8807298129,Kavya Reddy,YouTube,61999,"26/04/2026, 11:58 AM",19200,Auxilo,Partial,
Apr-26,ADS,DA Search Ads,GADS,DA-B14,17/04/2026,Mohit Gupta,mohitgupta@rediffmail.com,7703179222,Rahul Menon,Meta Ads,69999,"06/04/2026, 10:05 AM",33300,,Pending,
Apr-26,YT,AI/ML Search Ads,SEM,AIML-B02,30/04/2026,Vinay Jain,vinayjain@hotmail.com,6086515876,Kavya Reddy,Google Ads,70999,"21/04/2026, 11:51 AM",16300,Eduvanz,Paid,
Apr-26,ADS,BA Search Ads,GADS,BA-B06,27/04/2026,Hemant Tiwari,hemant_tiwari897@outlook.com,8666314992,Kavya Reddy,Meta Ads,59999,"23/04/2026, 05:41 PM",23700,Eduvanz,Refunded,
Apr-26,YT,AI/ML Search Ads,SEM,AIML-B03,04/04/2026,Pallavi Murthy,pallavi_murthy@rediffmail.com,9302438290,Suresh Bhat,Meta Ads,68999,"20/04/2026, 01:33 PM",21100,,Pending,
Apr-26,ADS,DS Search Ads,GADS,DS-B09,28/04/2026,Sahil Chopra,sahil_chopra@outlook.com,7361737845,Meera Pillai,YouTube,61999,"29/04/2026, 07:38 PM",29100,HDFC Credila,Paid,
Apr-26,YT,CS Search Ads,GADS,CS-B04,09/04/2026,Aarav Ghosh,aarav.ghosh@gmail.com,6261875964,Kavya Reddy,YouTube,69999,"08/04/2026, 09:35 AM",28900,HDFC Credila,Pending,
Apr-26,ADS,CS Search Ads,GSN,CS-B04,14/04/2026,Anjali Joshi,anjali.joshi@hotmail.com,6051384776,Suresh Bhat,Google Ads,58999,"10/04/2026, 10:10 PM",22900,Auxilo,Pending,
Apr-26,ADS,CS Search Ads,GSN,CS-B05,27/04/2026,Varun Bose,varun.bose@outlook.com,7966899901,Rahul Menon,YouTube,66999,"25/04/2026, 08:46 PM",28100,Eduvanz,Paid,
Apr-26,YT,AI/ML Search Ads,SEM,AIML-B02,17/04/2026,Nikhil Reddy,nikhilreddy430@outlook.com,8018513606,Deepak Verma,Organic,87999,"17/04/2026, 01:43 PM",43900,Self Finance,Paid,
Apr-26,ADS,Gen AI Search Ads,SEM,GENAI-B03,28/04/2026,Aditya Mehta,aditya.mehta724@outlook.com,8784712009,Arjun Nair,Google Ads,78999,"16/04/2026, 05:24 PM",23500,,Partial,
Apr-26,ADS,Gen AI Search Ads,GSN,GENAI-B03,24/04/2026,Sonia Naidu,sonianaidu345@hotmail.com,9419795668,Deepak Verma,Organic,76999,"18/04/2026, 09:35 AM",27300,Self Finance,Paid,
Apr-26,ADS Referral,DA Search Ads,GSN,DA-B14,10/04/2026,Esha Shetty,esha.shetty@outlook.com,6161523846,Sneha Iyer,YouTube,66999,"01/04/2026, 09:43 AM",26800,Auxilo,Paid,
Apr-26,ADS Referral,Gen AI Search Ads,GADS,GENAI-B04,23/04/2026,Jaya Hegde,jaya.hegde@rediffmail.com,8050594684,Kavya Reddy,Google Ads,78999,"27/04/2026, 10:43 AM",23300,Self Finance,Paid,
Apr-26,ADS Referral,CS Search Ads,GSN,CS-B04,19/04/2026,Deepak Kumar,deepak.kumar984@rediffmail.com,6588085691,Deepak Verma,Google Ads,58999,"14/04/2026, 08:45 PM",14000,Self Finance,Paid,
Apr-26,ADS Referral,DA Meta Ads,META,DA-B14,30/04/2026,Lakshmi Agarwal,lakshmiagarwal@hotmail.com,8669262580,Priya Sharma,Google Ads,61999,"04/04/2026, 05:54 PM",13700,Self Finance,Pending,
Apr-26,YT,DM Meta Ads,META,DM-B07,08/04/2026,Vinay Murthy,vinay_murthy@outlook.com,8677936085,Suresh Bhat,Organic,35999,"14/04/2026, 05:17 PM",9100,Self Finance,Paid,
Apr-26,ADS Referral,Gen AI Meta Ads,META,GENAI-B03,05/04/2026,Rohit Yadav,rohit_yadav@rediffmail.com,6235756567,Arjun Nair,Meta Ads,60999,"19/04/2026, 10:39 AM",21800,HDFC Credila,Partial,
Apr-26,YT,Gen AI Search Ads,SEM,GENAI-B03,18/04/2026,Harish Sharma,harish.sharma483@hotmail.com,9155155900,Kavya Reddy,YouTube,56999,"16/04/2026, 01:42 PM",20700,Self Finance,Paid,
Apr-26,ADS Referral,CS Search Ads,GADS,CS-B05,05/04/2026,Esha Menon,eshamenon19@rediffmail.com,6766938358,Suresh Bhat,Meta Ads,52999,"24/04/2026, 09:18 PM",14300,Self Finance,Paid,
Apr-26,YT,DA Meta Ads,META,DA-B13,08/04/2026,Kiran Patel,kiran.patel@rediffmail.com,7828290733,Priya Sharma,Organic,50999,"04/04/2026, 01:18 PM",22600,NBFC Direct,Partial,
Apr-26,YT Referral,DA Meta Ads,META,DA-B14,29/04/2026,Lakshmi Reddy,lakshmireddy892@gmail.com,9378321666,Ananya Joshi,Meta Ads,65999,"08/04/2026, 06:25 PM",24300,Self Finance,Paid,
Apr-26,ADS Referral,DA Meta Ads,INST,DA-B13,27/04/2026,Divya Varma,divyavarma18@rediffmail.com,8888258265,Suresh Bhat,Meta Ads,50999,"12/04/2026, 06:58 PM",23800,,Paid,
Apr-26,ADS,Gen AI Search Ads,GSN,GENAI-B03,29/04/2026,Aryan Rajan,aryanrajan@gmail.com,8050365688,Vikram Das,YouTube,66999,"14/04/2026, 02:03 PM",14900,Auxilo,Loan Disbursed,07/04/2026
Apr-26,ADS,Gen AI Meta Ads,META,GENAI-B03,27/04/2026,Pooja Kumar,pooja_kumar@gmail.com,6837703933,Deepak Verma,YouTube,59999,"06/04/2026, 06:22 PM",21300,HDFC Credila,Partial,
Apr-26,ADS,CS Search Ads,GSN,CS-B05,09/04/2026,Rohan Joshi,rohan.joshi@hotmail.com,6545498395,Meera Pillai,Meta Ads,59999,"22/04/2026, 01:33 PM",26400,,Refunded,
Apr-26,ADS Referral,CS Search Ads,GADS,CS-B04,30/04/2026,Pooja Patel,pooja.patel@hotmail.com,7284275033,Arjun Nair,WhatsApp,66999,"21/04/2026, 10:40 PM",18800,Self Finance,Pending,
Apr-26,ADS,Gen AI Search Ads,GSN,GENAI-B03,14/04/2026,Mohit Menon,mohitmenon@outlook.com,7658408956,Rahul Menon,YouTube,57999,"17/04/2026, 02:48 PM",24200,HDFC Credila,Partial,
Apr-26,ADS,DM Meta Ads,INST,DM-B08,30/04/2026,Sonia Ghosh,sonia.ghosh@outlook.com,9468462646,Vikram Das,Google Ads,41999,"13/04/2026, 09:37 PM",11200,Eduvanz,Paid,
Apr-26,YT,BA Search Ads,GSN,BA-B05,18/04/2026,Rohan Fernandes,rohanfernandes629@outlook.com,7366986599,Arjun Nair,Organic,45999,"21/04/2026, 02:02 PM",13700,Eduvanz,Partial,
Apr-26,YT Referral,BA Search Ads,GSN,BA-B06,22/04/2026,Mohit Singh,mohitsingh@yahoo.com,8755426250,Priya Sharma,Meta Ads,56999,"16/04/2026, 06:32 PM",22700,Self Finance,Paid,
Apr-26,YT Referral,DA Meta Ads,FB,DA-B12,20/04/2026,Sneha Das,sneha.das@outlook.com,7079796522,Vikram Das,Meta Ads,68999,"03/04/2026, 12:24 PM",33700,,Loan Disbursed,
Apr-26,ADS Referral,Gen AI Meta Ads,META,GENAI-B04,10/04/2026,Tanvi Patel,tanvipatel@rediffmail.com,6328582020,Rahul Menon,Google Ads,69999,"02/04/2026, 06:12 PM",14300,Self Finance,Paid,
Apr-26,YT,DS Search Ads,GSN,DS-B10,16/04/2026,Swati Pandey,swati.pandey@hotmail.com,6299595771,Sneha Iyer,Referral,63999,"17/04/2026, 01:53 PM",16000,Eduvanz,Paid,
Apr-26,ADS,DA Search Ads,SEM,DA-B14,30/04/2026,Vinay Shah,vinay.shah@gmail.com,7901286141,Vikram Das,Referral,67999,"29/04/2026, 12:11 PM",21700,Eduvanz,Pending,
Apr-26,ADS,DA Search Ads,GSN,DA-B13,13/04/2026,Shruti Yadav,shruti.yadav655@outlook.com,7702801890,Kavya Reddy,Referral,60999,"26/04/2026, 09:14 AM",19200,Eduvanz,Partial,
Apr-26,ADS,DA Meta Ads,FB,DA-B13,28/04/2026,Rohit Kumar,rohitkumar782@yahoo.com,6836155825,Meera Pillai,YouTube,62999,"22/04/2026, 01:13 PM",28800,,Refunded,
Apr-26,YT,DA Meta Ads,META,DA-B14,03/04/2026,Sonia Iyer,sonia_iyer622@outlook.com,8704787760,Deepak Verma,Organic,60999,"19/04/2026, 05:33 PM",24400,,Pending,
Apr-26,YT,Gen AI Search Ads,GSN,GENAI-B03,15/04/2026,Pallavi Shetty,pallavishetty@yahoo.com,7606620269,Priya Sharma,Google Ads,71999,"03/04/2026, 02:16 PM",24600,Propelld,Partial,
Apr-26,ADS,DA Search Ads,GADS,DA-B12,12/04/2026,Suresh Bose,suresh.bose@hotmail.com,7147580873,Arjun Nair,Google Ads,53999,"25/04/2026, 07:36 PM",19400,,Paid,
Apr-26,YT,BA Search Ads,GSN,BA-B05,15/04/2026,Suresh Bose,sureshbose999@rediffmail.com,9367973981,Deepak Verma,Google Ads,56999,"19/04/2026, 10:49 PM",27700,Auxilo,Pending,
Apr-26,ADS,Gen AI Meta Ads,FB,GENAI-B03,09/04/2026,Tanvi Menon,tanvi_menon@gmail.com,7734375001,Suresh Bhat,Meta Ads,71999,"13/04/2026, 01:49 PM",28400,HDFC Credila,Paid,
Apr-26,ADS,DA Meta Ads,INST,DA-B12,13/04/2026,Anjali Varma,anjali_varma@hotmail.com,9377615847,Kavya Reddy,Google Ads,53999,"15/04/2026, 06:14 PM",19600,Propelld,Pending,
Apr-26,ADS Referral,CS Search Ads,GSN,CS-B04,20/04/2026,Sandeep Varma,sandeep_varma@yahoo.com,6061016741,Kavya Reddy,Google Ads,51999,"24/04/2026, 10:49 PM",19800,Self Finance,Paid,
Apr-26,ADS Referral,Gen AI Search Ads,SEM,GENAI-B04,06/04/2026,Sneha Pillai,sneha.pillai474@rediffmail.com,7550228714,Rahul Menon,YouTube,68999,"18/04/2026, 06:37 PM",14600,,Paid,
Apr-26,ADS,DA Search Ads,SEM,DA-B12,03/04/2026,Manish Fernandes,manish.fernandes466@yahoo.com,9806677335,Arjun Nair,YouTube,69999,"20/04/2026, 03:17 PM",16500,Self Finance,Pending,
Apr-26,YT,DA Meta Ads,META,DA-B12,29/04/2026,Sakshi Das,sakshi.das@yahoo.com,7183101787,Sneha Iyer,YouTube,64999,"10/04/2026, 03:05 PM",14300,,Partial,
Apr-26,ADS,DA Meta Ads,META,DA-B12,21/04/2026,Harish Fernandes,harish.fernandes349@gmail.com,6018155967,Kavya Reddy,Organic,66999,"17/04/2026, 07:32 PM",31900,Auxilo,Partial,
Apr-26,YT Referral,Gen AI Meta Ads,META,GENAI-B04,22/04/2026,Yash Kapoor,yash.kapoor513@yahoo.com,8006283114,Sneha Iyer,Google Ads,56999,"06/04/2026, 09:12 AM",16600,Eduvanz,Paid,
Apr-26,ADS,AI/ML Search Ads,GSN,AIML-B03,22/04/2026,Manish Das,manish_das@hotmail.com,7998466421,Ananya Joshi,YouTube,69999,"09/04/2026, 02:48 PM",17700,Auxilo,Refunded,
Apr-26,ADS,CS Search Ads,GADS,CS-B04,06/04/2026,Shruti Das,shruti_das406@hotmail.com,6817883644,Vikram Das,Google Ads,69999,"13/04/2026, 05:40 PM",30800,Propelld,Paid,
Apr-26,ADS,DA Search Ads,GSN,DA-B12,03/04/2026,Amit Patel,amit.patel272@outlook.com,6673785363,Arjun Nair,Google Ads,69999,"15/04/2026, 10:53 PM",22200,Eduvanz,Paid,
Apr-26,ADS Referral,DA Meta Ads,META,DA-B13,21/04/2026,Aryan Ghosh,aryan.ghosh@hotmail.com,7726164579,Deepak Verma,Meta Ads,53999,"18/04/2026, 10:19 PM",25400,,Pending,
Apr-26,ADS Referral,DA Meta Ads,INST,DA-B13,21/04/2026,Hemant Singh,hemantsingh735@gmail.com,7758777110,Deepak Verma,Meta Ads,52999,"13/04/2026, 05:38 PM",23200,,Partial,
Apr-26,YT,Gen AI Search Ads,SEM,GENAI-B04,19/04/2026,Rohan Rao,rohanrao334@outlook.com,8839417314,Meera Pillai,Google Ads,66999,"18/04/2026, 02:22 PM",13700,Self Finance,Partial,
Apr-26,YT Referral,DA Search Ads,SEM,DA-B14,27/04/2026,Esha Gupta,esha_gupta@yahoo.com,7535133106,Kavya Reddy,Meta Ads,54999,"25/04/2026, 05:27 PM",23200,,Paid,
Apr-26,YT Referral,Gen AI Meta Ads,META,GENAI-B04,06/04/2026,Chetan Rao,chetanrao@yahoo.com,6345127603,Rahul Menon,Meta Ads,70999,"22/04/2026, 12:29 PM",23700,,Paid,
Apr-26,YT Referral,DA Meta Ads,INST,DA-B12,12/04/2026,Rohit Varma,rohit.varma@gmail.com,8499973272,Priya Sharma,Google Ads,57999,"07/04/2026, 01:07 PM",17500,Self Finance,Loan Disbursed,
Apr-26,ADS Referral,DS Search Ads,GADS,DS-B10,22/04/2026,Aryan Hegde,aryan_hegde351@outlook.com,8473187964,Ananya Joshi,Referral,73999,"20/04/2026, 09:20 AM",33200,Self Finance,Paid,
Apr-26,ADS,BA Search Ads,GADS,BA-B05,25/04/2026,Suresh Kapoor,suresh.kapoor636@gmail.com,6287023818,Deepak Verma,YouTube,57999,"03/04/2026, 06:46 PM",12200,Auxilo,Paid,
Apr-26,ADS,DM Meta Ads,FB,DM-B07,11/04/2026,Sakshi Rao,sakshi_rao501@rediffmail.com,9176144909,Ananya Joshi,Meta Ads,37999,"11/04/2026, 10:55 PM",16500,Self Finance,Paid,
Apr-26,ADS,DA Search Ads,GADS,DA-B14,08/04/2026,Lakshmi Murthy,lakshmi.murthy@rediffmail.com,7096897716,Ananya Joshi,Google Ads,50999,"24/04/2026, 09:16 PM",13400,,Paid,
Apr-26,ADS,AI/ML Search Ads,GSN,AIML-B02,09/04/2026,Sahil Fernandes,sahil.fernandes@rediffmail.com,8269817114,Ananya Joshi,Referral,72999,"21/04/2026, 02:45 PM",24600,Self Finance,Paid,
Apr-26,ADS Referral,BA Search Ads,GSN,BA-B06,21/04/2026,Mohit Joshi,mohit.joshi40@hotmail.com,7801438767,Meera Pillai,Meta Ads,52999,"07/04/2026, 02:35 PM",25200,HDFC Credila,Loan Disbursed,24/04/2026
Apr-26,ADS,DA Search Ads,GADS,DA-B12,25/04/2026,Geeta Jain,geeta_jain@outlook.com,9873086927,Ananya Joshi,Organic,59999,"13/04/2026, 05:34 PM",19900,Self Finance,Paid,
Apr-26,YT Referral,Gen AI Meta Ads,FB,GENAI-B04,29/04/2026,Mohit Das,mohit.das978@rediffmail.com,7798535906,Priya Sharma,Meta Ads,55999,"08/04/2026, 09:46 AM",27000,Self Finance,Loan Disbursed,
Apr-26,ADS Referral,DA Meta Ads,FB,DA-B14,28/04/2026,Pallavi Verma,pallaviverma@yahoo.com,9692918474,Rahul Menon,Google Ads,65999,"10/04/2026, 10:12 AM",23800,,Partial,
Apr-26,ADS,AI/ML Search Ads,SEM,AIML-B02,02/04/2026,Varun Gupta,varun.gupta289@hotmail.com,9652951535,Kavya Reddy,Meta Ads,65999,"03/04/2026, 01:40 PM",25900,Self Finance,Paid,
Apr-26,ADS Referral,DA Search Ads,SEM,DA-B13,28/04/2026,Deepa Sharma,deepa_sharma@hotmail.com,7268904628,Sneha Iyer,Organic,60999,"25/04/2026, 08:51 PM",20900,HDFC Credila,Refunded,
Apr-26,ADS Referral,DS Search Ads,SEM,DS-B10,29/04/2026,Vijay Singh,vijay.singh@rediffmail.com,8281894344,Arjun Nair,Meta Ads,67999,"28/04/2026, 04:50 PM",23800,Self Finance,Loan Disbursed,
Apr-26,ADS,DM Meta Ads,FB,DM-B08,21/04/2026,Nandini Jain,nandini_jain449@gmail.com,8467705259,Kavya Reddy,YouTube,38999,"16/04/2026, 09:07 PM",8800,Propelld,Refunded,
Apr-26,YT,DS Meta Ads,META,DS-B08,08/04/2026,Varun Ghosh,varunghosh@rediffmail.com,8465500919,Deepak Verma,YouTube,71999,"28/04/2026, 10:20 PM",19300,Self Finance,Loan Disbursed,
Apr-26,YT,DS Search Ads,SEM,DS-B08,06/04/2026,Manish Chopra,manish_chopra61@hotmail.com,9794376103,Meera Pillai,Organic,67999,"18/04/2026, 08:48 PM",20700,Eduvanz,Paid,
Apr-26,YT,DM Meta Ads,META,DM-B08,04/04/2026,Deepak Pandey,deepak.pandey@outlook.com,7303823050,Meera Pillai,Organic,47999,"19/04/2026, 03:12 PM",12900,Self Finance,Paid,
Apr-26,ADS,DS Search Ads,SEM,DS-B08,19/04/2026,Varun Shah,varun.shah716@yahoo.com,7403122695,Sneha Iyer,Referral,65999,"04/04/2026, 01:23 PM",31900,Auxilo,Paid,
Apr-26,ADS,DA Search Ads,SEM,DA-B14,13/04/2026,Ananya Nair,ananya_nair542@hotmail.com,6120746875,Suresh Bhat,Email,57999,"03/04/2026, 02:11 PM",18000,,Partial,
Apr-26,ADS,Gen AI Meta Ads,FB,GENAI-B04,24/04/2026,Swati Murthy,swati.murthy@yahoo.com,7797047402,Vikram Das,YouTube,67999,"10/04/2026, 04:43 PM",32100,,Paid,
Apr-26,ADS,Gen AI Meta Ads,META,GENAI-B04,23/04/2026,Nikhil Patel,nikhil.patel@rediffmail.com,8707378592,Ananya Joshi,Meta Ads,67999,"17/04/2026, 07:00 PM",20200,Propelld,Paid,
Apr-26,YT Referral,DS Search Ads,SEM,DS-B09,22/04/2026,Shruti Chopra,shruti.chopra@gmail.com,8408525088,Suresh Bhat,Google Ads,75999,"08/04/2026, 09:41 PM",31300,HDFC Credila,Paid,
Apr-26,ADS Referral,DS Meta Ads,FB,DS-B10,21/04/2026,Bhavna Jain,bhavnajain212@yahoo.com,6950473007,Vikram Das,Meta Ads,63999,"04/04/2026, 04:06 PM",14900,Self Finance,Pending,
Apr-26,YT,DS Search Ads,GSN,DS-B09,22/04/2026,Aarav Gupta,aarav.gupta@outlook.com,8488037021,Deepak Verma,YouTube,66999,"04/04/2026, 05:38 PM",21000,HDFC Credila,Paid,
Apr-26,ADS Referral,BA Meta Ads,INST,BA-B05,30/04/2026,Sneha Tiwari,sneha_tiwari539@gmail.com,9623006753,Arjun Nair,Google Ads,46999,"25/04/2026, 11:31 AM",11900,,Paid,
Apr-26,YT Referral,DA Search Ads,GSN,DA-B14,23/04/2026,Geeta Gupta,geeta.gupta@hotmail.com,7616838382,Arjun Nair,YouTube,54999,"06/04/2026, 09:26 PM",22100,HDFC Credila,Partial,
Apr-26,ADS,DA Meta Ads,FB,DA-B13,25/04/2026,Karan Gupta,karangupta@gmail.com,9692733939,Kavya Reddy,Google Ads,66999,"18/04/2026, 12:24 PM",24100,HDFC Credila,Paid,
Apr-26,ADS Referral,DA Meta Ads,META,DA-B12,26/04/2026,Jaya Varma,jayavarma642@gmail.com,6089322814,Arjun Nair,Google Ads,56999,"01/04/2026, 08:37 PM",21800,Propelld,Paid,
Apr-26,ADS Referral,AI/ML Search Ads,SEM,AIML-B02,17/04/2026,Harish Mehta,harish_mehta@gmail.com,9005002786,Rahul Menon,YouTube,83999,"26/04/2026, 07:20 PM",28100,,Partial,
Apr-26,ADS,BA Meta Ads,INST,BA-B06,18/04/2026,Kritika Agarwal,kritikaagarwal718@yahoo.com,8177887683,Rahul Menon,Organic,53999,"21/04/2026, 09:05 PM",11400,HDFC Credila,Paid,
Apr-26,YT Referral,BA Search Ads,GADS,BA-B05,18/04/2026,Chetan Yadav,chetan_yadav983@outlook.com,6532375908,Suresh Bhat,Meta Ads,49999,"29/04/2026, 10:23 PM",15700,Propelld,Refunded,
Apr-26,ADS Referral,Gen AI Meta Ads,META,GENAI-B04,14/04/2026,Shruti Hegde,shrutihegde253@outlook.com,9391697932,Suresh Bhat,Organic,58999,"19/04/2026, 09:12 AM",13000,Propelld,Paid,
Apr-26,YT,CS Search Ads,GADS,CS-B04,17/04/2026,Harish Fernandes,harishfernandes527@yahoo.com,8543186177,Deepak Verma,Google Ads,64999,"27/04/2026, 10:10 PM",22800,Self Finance,Loan Disbursed,
Apr-26,YT,Gen AI Meta Ads,FB,GENAI-B03,25/04/2026,Sneha Iyer,snehaiyer941@outlook.com,6414316354,Sneha Iyer,Meta Ads,67999,"04/04/2026, 07:34 PM",23000,HDFC Credila,Paid,
Apr-26,ADS,DS Search Ads,GADS,DS-B09,28/04/2026,Bhavna Jain,bhavnajain925@gmail.com,9782105304,Sneha Iyer,Google Ads,60999,"12/04/2026, 01:35 PM",16800,Self Finance,Paid,
Apr-26,YT Referral,DM Meta Ads,INST,DM-B07,24/04/2026,Dhruv Chopra,dhruvchopra@hotmail.com,6107287877,Rahul Menon,Organic,46999,"01/04/2026, 02:58 PM",17900,Eduvanz,Paid,
Apr-26,ADS,DA Meta Ads,INST,DA-B14,29/04/2026,Pooja Iyer,pooja_iyer@hotmail.com,6369424160,Sneha Iyer,Referral,62999,"29/04/2026, 11:27 AM",21800,Self Finance,Paid,
Apr-26,ADS Referral,CS Search Ads,GADS,CS-B04,22/04/2026,Karan Kumar,karankumar66@outlook.com,8525022184,Deepak Verma,Meta Ads,60999,"12/04/2026, 09:05 AM",14800,HDFC Credila,Paid,
Apr-26,YT,AI/ML Search Ads,SEM,AIML-B02,25/04/2026,Ravi Varma,ravi.varma@hotmail.com,8056430952,Priya Sharma,Google Ads,73999,"02/04/2026, 10:10 PM",25500,Self Finance,Paid,
Apr-26,ADS,Gen AI Search Ads,GADS,GENAI-B03,12/04/2026,Ananya Iyer,ananyaiyer622@hotmail.com,7797280290,Kavya Reddy,Google Ads,68999,"18/04/2026, 10:27 AM",20800,HDFC Credila,Paid,
Apr-26,YT Referral,DA Meta Ads,INST,DA-B13,07/04/2026,Hemant Murthy,hemantmurthy185@hotmail.com,7946068993,Meera Pillai,Google Ads,66999,"13/04/2026, 01:41 PM",28200,Auxilo,Paid,
Apr-26,ADS Referral,DA Meta Ads,FB,DA-B12,15/04/2026,Pallavi Kapoor,pallavikapoor806@gmail.com,9770152916,Arjun Nair,Referral,55999,"01/04/2026, 03:06 PM",21300,Propelld,Loan Disbursed,29/04/2026
Apr-26,YT,Gen AI Meta Ads,META,GENAI-B04,20/04/2026,Ravi Chopra,ravi_chopra@rediffmail.com,7833903754,Sneha Iyer,Google Ads,76999,"05/04/2026, 10:22 PM",17500,Auxilo,Paid,
Apr-26,ADS,BA Search Ads,GADS,BA-B06,04/04/2026,Ishaan Rajan,ishaan_rajan@yahoo.com,6929096613,Arjun Nair,Meta Ads,56999,"19/04/2026, 10:28 AM",27100,Self Finance,Partial,
Apr-26,ADS,DM Meta Ads,FB,DM-B07,06/04/2026,Ravi Reddy,ravi_reddy@gmail.com,8850181187,Arjun Nair,Meta Ads,48999,"19/04/2026, 10:32 AM",11400,Self Finance,Partial,
Apr-26,YT,DS Meta Ads,FB,DS-B10,03/04/2026,Ravi Jain,ravijain920@gmail.com,6022708323,Meera Pillai,Organic,79999,"22/04/2026, 03:21 PM",30700,,Paid,
Apr-26,YT,Gen AI Meta Ads,FB,GENAI-B04,28/04/2026,Vishal Jain,vishal.jain@outlook.com,8911878698,Deepak Verma,Meta Ads,56999,"05/04/2026, 02:06 PM",15800,NBFC Direct,Loan Disbursed,30/04/2026
Apr-26,ADS,DM Meta Ads,FB,DM-B07,23/04/2026,Isha Nair,isha.nair841@yahoo.com,9117323309,Arjun Nair,Google Ads,44999,"09/04/2026, 12:35 PM",18300,,Paid,
Apr-26,YT,DA Search Ads,GSN,DA-B12,16/04/2026,Geeta Gupta,geeta_gupta@gmail.com,8290970216,Kavya Reddy,Meta Ads,64999,"23/04/2026, 04:13 PM",26200,Eduvanz,Paid,
Apr-26,ADS,BA Search Ads,GADS,BA-B06,13/04/2026,Vishal Sharma,vishal.sharma291@gmail.com,6734496740,Deepak Verma,WhatsApp,51999,"15/04/2026, 11:57 AM",12900,Self Finance,Pending,
Apr-26,YT,DS Search Ads,GSN,DS-B10,23/04/2026,Shruti Chopra,shrutichopra496@rediffmail.com,8062599354,Vikram Das,YouTube,80999,"03/04/2026, 12:15 PM",28100,Self Finance,Paid,
Apr-26,ADS,DA Meta Ads,META,DA-B12,15/04/2026,Aditya Rao,aditya.rao998@yahoo.com,6131633243,Kavya Reddy,Meta Ads,65999,"20/04/2026, 09:17 AM",22700,Self Finance,Paid,
Apr-26,YT,BA Meta Ads,INST,BA-B06,24/04/2026,Varun Ghosh,varun.ghosh@hotmail.com,9139481560,Rahul Menon,WhatsApp,45999,"24/04/2026, 08:15 PM",14900,Propelld,Paid,
Apr-26,YT,BA Meta Ads,INST,BA-B05,26/04/2026,Esha Sharma,esha_sharma@outlook.com,8063998907,Deepak Verma,YouTube,59999,"13/04/2026, 05:05 PM",19000,Self Finance,Paid,
Apr-26,YT Referral,AI/ML Search Ads,SEM,AIML-B02,03/04/2026,Harish Hegde,harish_hegde733@yahoo.com,8503428277,Suresh Bhat,Organic,71999,"28/04/2026, 02:51 PM",28200,Self Finance,Pending,
Apr-26,YT Referral,DM Meta Ads,META,DM-B08,16/04/2026,Pallavi Rajan,pallavi.rajan@outlook.com,6354483279,Kavya Reddy,Google Ads,44999,"23/04/2026, 09:20 AM",12100,Self Finance,Pending,
Apr-26,ADS,Gen AI Meta Ads,FB,GENAI-B03,06/04/2026,Meera Nair,meeranair@yahoo.com,8717553835,Arjun Nair,Google Ads,75999,"02/04/2026, 06:05 PM",34000,Propelld,Pending,
Apr-26,ADS Referral,AI/ML Search Ads,SEM,AIML-B02,15/04/2026,Sahil Iyer,sahiliyer@rediffmail.com,8095303058,Sneha Iyer,Referral,68999,"12/04/2026, 10:09 PM",14600,Self Finance,Partial,
Apr-26,ADS,DA Meta Ads,META,DA-B14,17/04/2026,Pooja Pillai,pooja.pillai357@outlook.com,8528188191,Priya Sharma,Referral,68999,"10/04/2026, 05:29 PM",19900,HDFC Credila,Paid,
Apr-26,YT,DS Meta Ads,FB,DS-B09,22/04/2026,Priya Kumar,priya_kumar@gmail.com,8466306020,Kavya Reddy,Google Ads,62999,"04/04/2026, 09:09 AM",20000,Eduvanz,Pending,
Apr-26,ADS Referral,BA Search Ads,GADS,BA-B05,06/04/2026,Varun Verma,varunverma@gmail.com,6750008635,Vikram Das,Google Ads,56999,"30/04/2026, 05:54 PM",13800,,Paid,
Apr-26,YT Referral,DA Search Ads,GADS,DA-B12,24/04/2026,Sakshi Pillai,sakshi.pillai@outlook.com,7022779870,Ananya Joshi,Email,52999,"26/04/2026, 12:14 PM",17300,Auxilo,Paid,
Apr-26,YT,DS Meta Ads,META,DS-B10,05/04/2026,Vinay Nair,vinay_nair29@yahoo.com,9630278808,Rahul Menon,Google Ads,81999,"04/04/2026, 10:41 PM",23800,Self Finance,Partial,
Apr-26,ADS,DS Search Ads,GADS,DS-B08,11/04/2026,Anjali Varma,anjali.varma@outlook.com,7121048807,Ananya Joshi,Meta Ads,75999,"02/04/2026, 10:15 AM",28000,Self Finance,Paid,
Apr-26,YT,DA Search Ads,GADS,DA-B12,29/04/2026,Priya Kapoor,priya.kapoor@hotmail.com,8421486455,Ananya Joshi,Meta Ads,62999,"22/04/2026, 04:45 PM",16100,Auxilo,Paid,
Apr-26,ADS,DA Meta Ads,FB,DA-B13,18/04/2026,Hemant Shetty,hemantshetty857@outlook.com,7973071300,Rahul Menon,Email,54999,"14/04/2026, 01:35 PM",11500,Self Finance,Paid,
Apr-26,ADS,Gen AI Meta Ads,META,GENAI-B03,09/04/2026,Nandini Verma,nandini.verma289@yahoo.com,9256825643,Kavya Reddy,Organic,60999,"12/04/2026, 09:47 AM",23500,Propelld,Partial,
Apr-26,ADS Referral,BA Search Ads,GSN,BA-B05,21/04/2026,Sahil Naidu,sahilnaidu848@yahoo.com,6679496343,Sneha Iyer,Organic,51999,"20/04/2026, 04:12 PM",11700,,Loan Disbursed,
Apr-26,ADS,DA Search Ads,GSN,DA-B12,30/04/2026,Sandeep Shah,sandeep.shah@outlook.com,7344208337,Suresh Bhat,Meta Ads,59999,"19/04/2026, 05:06 PM",25200,Eduvanz,Pending,
Apr-26,YT,DS Meta Ads,FB,DS-B09,19/04/2026,Swati Desai,swati_desai183@outlook.com,6500777135,Priya Sharma,Google Ads,64999,"24/04/2026, 12:07 PM",20000,HDFC Credila,Pending,
Apr-26,YT,DA Meta Ads,FB,DA-B14,18/04/2026,Akash Bose,akashbose221@hotmail.com,8063631445,Priya Sharma,YouTube,51999,"02/04/2026, 09:47 AM",23700,Auxilo,Paid,
Apr-26,ADS,Gen AI Search Ads,GSN,GENAI-B04,04/04/2026,Rohan Shah,rohan_shah@yahoo.com,6434501101,Ananya Joshi,Meta Ads,78999,"07/04/2026, 12:50 PM",18300,Propelld,Paid,
Apr-26,ADS,CS Search Ads,GADS,CS-B04,04/04/2026,Isha Sharma,isha.sharma762@rediffmail.com,7753096840,Kavya Reddy,Google Ads,52999,"24/04/2026, 01:17 PM",19800,Self Finance,Loan Disbursed,
Apr-26,ADS,CS Search Ads,GSN,CS-B05,29/04/2026,Meera Ghosh,meeraghosh420@rediffmail.com,9757714411,Arjun Nair,Google Ads,53999,"05/04/2026, 11:01 AM",25600,Eduvanz,Partial,
Apr-26,YT Referral,Gen AI Meta Ads,META,GENAI-B03,06/04/2026,Chetan Rao,chetan.rao@rediffmail.com,6921510661,Rahul Menon,Google Ads,61999,"08/04/2026, 10:50 PM",30000,,Paid,
Apr-26,ADS,DA Meta Ads,META,DA-B14,23/04/2026,Hemant Verma,hemantverma@hotmail.com,7032181374,Arjun Nair,Google Ads,62999,"17/04/2026, 04:09 PM",26200,Self Finance,Paid,
Apr-26,ADS,Gen AI Search Ads,GADS,GENAI-B04,17/04/2026,Aditya Sharma,aditya_sharma910@yahoo.com,8726743324,Ananya Joshi,Google Ads,65999,"20/04/2026, 10:58 AM",13400,,Paid,
Apr-26,ADS,DA Search Ads,SEM,DA-B14,07/04/2026,Vinay Reddy,vinay.reddy155@gmail.com,8372259532,Deepak Verma,Organic,56999,"28/04/2026, 07:38 PM",19500,,Paid,
Apr-26,ADS Referral,DA Meta Ads,FB,DA-B13,24/04/2026,Tanvi Agarwal,tanvi.agarwal363@hotmail.com,9262160459,Vikram Das,YouTube,54999,"01/04/2026, 05:44 PM",14200,HDFC Credila,Paid,
Apr-26,ADS,CS Search Ads,GSN,CS-B05,28/04/2026,Kavya Ghosh,kavya_ghosh@hotmail.com,6790696250,Rahul Menon,YouTube,69999,"25/04/2026, 09:04 PM",33200,Self Finance,Paid,
Apr-26,ADS Referral,DA Meta Ads,FB,DA-B12,24/04/2026,Aditya Rao,aditya.rao138@yahoo.com,8235827994,Rahul Menon,Meta Ads,58999,"14/04/2026, 09:15 PM",14000,Self Finance,Pending,
Apr-26,ADS,BA Search Ads,GADS,BA-B06,17/04/2026,Esha Rao,esha_rao698@gmail.com,7468506339,Suresh Bhat,Google Ads,46999,"21/04/2026, 01:34 PM",23000,,Paid,
Apr-26,ADS,Gen AI Meta Ads,META,GENAI-B03,29/04/2026,Geeta Desai,geetadesai148@hotmail.com,9890983793,Deepak Verma,Google Ads,71999,"11/04/2026, 06:02 PM",21500,Eduvanz,Pending,
Apr-26,ADS,DS Meta Ads,FB,DS-B08,02/04/2026,Gaurav Rajan,gaurav_rajan920@yahoo.com,8660725875,Suresh Bhat,YouTube,83999,"09/04/2026, 05:48 PM",20400,Propelld,Refunded,
Apr-26,ADS,AI/ML Search Ads,SEM,AIML-B03,01/04/2026,Kavya Yadav,kavya.yadav894@yahoo.com,7255796433,Rahul Menon,Organic,69999,"20/04/2026, 08:41 PM",24100,,Paid,
Apr-26,ADS Referral,AI/ML Search Ads,GSN,AIML-B03,17/04/2026,Yash Verma,yashverma43@gmail.com,6136054382,Ananya Joshi,Organic,76999,"23/04/2026, 07:18 PM",26300,,Paid,
Apr-26,YT Referral,DS Meta Ads,FB,DS-B08,15/04/2026,Bhavna Gupta,bhavna.gupta@gmail.com,9745192094,Meera Pillai,Meta Ads,61999,"01/04/2026, 09:12 PM",24900,Self Finance,Paid,
Apr-26,ADS,DA Search Ads,GSN,DA-B13,24/04/2026,Manish Shetty,manishshetty@gmail.com,9709312538,Ananya Joshi,YouTube,59999,"05/04/2026, 06:16 PM",14800,Self Finance,Paid,
Apr-26,YT,BA Search Ads,GADS,BA-B05,26/04/2026,Vijay Murthy,vijaymurthy@yahoo.com,9767949783,Ananya Joshi,Email,56999,"06/04/2026, 09:26 PM",23200,,Partial,
Apr-26,ADS,Gen AI Search Ads,GADS,GENAI-B04,11/04/2026,Ishaan Kumar,ishaan_kumar@rediffmail.com,7728499915,Suresh Bhat,Referral,63999,"27/04/2026, 12:53 PM",14600,,Pending,
Apr-26,ADS,DA Search Ads,GADS,DA-B12,28/04/2026,Arjun Sharma,arjun.sharma@hotmail.com,7322406335,Meera Pillai,Meta Ads,69999,"03/04/2026, 06:26 PM",25400,,Paid,
Apr-26,YT,DM Meta Ads,FB,DM-B07,24/04/2026,Kavya Shetty,kavya.shetty943@hotmail.com,7316018096,Priya Sharma,Google Ads,48999,"29/04/2026, 10:16 PM",18600,HDFC Credila,Partial,
Apr-26,ADS,DS Meta Ads,META,DS-B10,21/04/2026,Deepa Fernandes,deepa.fernandes@outlook.com,7359453014,Arjun Nair,Meta Ads,74999,"24/04/2026, 01:22 PM",32400,Propelld,Loan Disbursed,07/04/2026
Apr-26,YT,BA Meta Ads,INST,BA-B06,14/04/2026,Ravi Murthy,ravi_murthy489@yahoo.com,8255546719,Deepak Verma,YouTube,52999,"29/04/2026, 10:39 AM",15900,Self Finance,Pending,
Apr-26,YT,DA Search Ads,GSN,DA-B13,29/04/2026,Rahul Joshi,rahul.joshi820@rediffmail.com,8070286813,Priya Sharma,YouTube,62999,"21/04/2026, 12:58 PM",13100,Self Finance,Partial,
Apr-26,YT Referral,BA Search Ads,GSN,BA-B05,30/04/2026,Sakshi Shah,sakshishah925@yahoo.com,7550461835,Priya Sharma,Meta Ads,55999,"22/04/2026, 09:07 PM",26700,NBFC Direct,Paid,
Apr-26,ADS,DA Meta Ads,INST,DA-B14,13/04/2026,Mohit Singh,mohit.singh855@rediffmail.com,8126676049,Priya Sharma,Google Ads,63999,"22/04/2026, 10:06 PM",17300,Self Finance,Paid,
Apr-26,ADS,DS Meta Ads,FB,DS-B10,04/04/2026,Amit Kumar,amit.kumar@outlook.com,7722077365,Rahul Menon,Google Ads,78999,"24/04/2026, 10:00 PM",29600,Eduvanz,Refunded,
Apr-26,YT,DA Meta Ads,FB,DA-B14,30/04/2026,Sneha Menon,snehamenon79@yahoo.com,6402483817,Suresh Bhat,Meta Ads,58999,"24/04/2026, 06:44 PM",24200,HDFC Credila,Paid,
Apr-26,YT Referral,BA Meta Ads,INST,BA-B06,27/04/2026,Swati Rao,swati_rao@rediffmail.com,7005310165,Meera Pillai,Email,51999,"29/04/2026, 07:15 PM",20300,Self Finance,Paid,
Apr-26,ADS,DA Search Ads,GADS,DA-B12,10/04/2026,Vijay Sharma,vijay_sharma306@yahoo.com,8652212713,Rahul Menon,Google Ads,54999,"25/04/2026, 09:39 AM",18400,Self Finance,Paid,
Apr-26,ADS,DS Search Ads,GADS,DS-B09,23/04/2026,Tanvi Varma,tanvi_varma876@rediffmail.com,9782182036,Vikram Das,Google Ads,64999,"29/04/2026, 06:07 PM",27900,,Paid,
Apr-26,ADS,DA Search Ads,GSN,DA-B14,10/04/2026,Harish Shah,harish_shah@outlook.com,9312161100,Suresh Bhat,Meta Ads,50999,"01/04/2026, 07:23 PM",24200,Self Finance,Pending,
Apr-26,YT Referral,AI/ML Search Ads,GSN,AIML-B02,09/04/2026,Dhruv Verma,dhruv_verma474@yahoo.com,9254940615,Sneha Iyer,Email,75999,"18/04/2026, 10:24 PM",20900,Self Finance,Paid,
Apr-26,ADS Referral,CS Search Ads,GADS,CS-B04,11/04/2026,Isha Singh,ishasingh@rediffmail.com,6613391826,Arjun Nair,Google Ads,50999,"11/04/2026, 02:03 PM",14500,HDFC Credila,Paid,
Apr-26,YT Referral,CS Search Ads,GADS,CS-B05,18/04/2026,Priya Bose,priya_bose618@rediffmail.com,7525782528,Rahul Menon,Organic,58999,"23/04/2026, 10:41 PM",18000,NBFC Direct,Refunded,
Apr-26,ADS Referral,DA Search Ads,SEM,DA-B12,11/04/2026,Uday Naidu,uday_naidu@gmail.com,6529044520,Rahul Menon,Meta Ads,50999,"16/04/2026, 03:21 PM",14000,Propelld,Paid,
Apr-26,YT,BA Meta Ads,META,BA-B05,13/04/2026,Jaya Rao,jayarao779@outlook.com,7918580618,Suresh Bhat,YouTube,57999,"12/04/2026, 05:51 PM",12000,HDFC Credila,Refunded,
Apr-26,ADS,CS Search Ads,GSN,CS-B04,11/04/2026,Pallavi Verma,pallavi_verma@outlook.com,8825291099,Meera Pillai,YouTube,68999,"29/04/2026, 01:20 PM",20900,Self Finance,Paid,
Apr-26,ADS Referral,DA Search Ads,GSN,DA-B14,05/04/2026,Mohit Rao,mohit_rao258@yahoo.com,6529059499,Arjun Nair,Meta Ads,52999,"14/04/2026, 12:38 PM",24300,,Paid,
Apr-26,ADS,CS Search Ads,GADS,CS-B04,16/04/2026,Sneha Tiwari,sneha.tiwari321@gmail.com,6698284814,Vikram Das,Google Ads,60999,"18/04/2026, 07:57 PM",15400,Propelld,Loan Disbursed,12/04/2026
Apr-26,YT,Gen AI Meta Ads,META,GENAI-B03,06/04/2026,Pooja Joshi,poojajoshi806@rediffmail.com,8953852661,Kavya Reddy,YouTube,67999,"20/04/2026, 09:43 AM",25600,Propelld,Partial,
Apr-26,ADS Referral,DS Search Ads,SEM,DS-B09,23/04/2026,Aryan Shah,aryan_shah334@yahoo.com,7908543062,Vikram Das,Google Ads,83999,"19/04/2026, 10:43 PM",40500,Self Finance,Paid,
Apr-26,YT Referral,DA Meta Ads,FB,DA-B14,12/04/2026,Aryan Kumar,aryan.kumar@gmail.com,9180983298,Arjun Nair,WhatsApp,56999,"26/04/2026, 03:52 PM",12700,HDFC Credila,Paid,
Apr-26,YT,DM Meta Ads,INST,DM-B08,14/04/2026,Geeta Kapoor,geeta_kapoor@gmail.com,7087771027,Sneha Iyer,Google Ads,35999,"08/04/2026, 02:04 PM",15700,,Refunded,
Apr-26,ADS Referral,Gen AI Search Ads,SEM,GENAI-B04,07/04/2026,Ravi Pandey,ravi_pandey@outlook.com,8333723474,Suresh Bhat,Organic,74999,"09/04/2026, 05:53 PM",25800,Self Finance,Paid,
Apr-26,ADS Referral,DS Search Ads,SEM,DS-B09,20/04/2026,Amit Chopra,amitchopra127@hotmail.com,7522148468,Rahul Menon,Google Ads,65999,"22/04/2026, 12:18 PM",14900,,Paid,
Apr-26,ADS,AI/ML Search Ads,GSN,AIML-B02,26/04/2026,Akash Shah,akash.shah643@hotmail.com,6132783442,Meera Pillai,Meta Ads,74999,"03/04/2026, 10:44 AM",15300,Self Finance,Pending,
Apr-26,ADS,DS Meta Ads,FB,DS-B08,08/04/2026,Amit Hegde,amithegde@outlook.com,8208218598,Arjun Nair,WhatsApp,65999,"18/04/2026, 05:10 PM",18300,,Partial,
Apr-26,ADS,DS Meta Ads,META,DS-B10,27/04/2026,Mohit Jain,mohit.jain880@rediffmail.com,9730900064,Sneha Iyer,Google Ads,61999,"20/04/2026, 03:18 PM",15200,Self Finance,Paid,
Apr-26,ADS Referral,DA Meta Ads,FB,DA-B13,24/04/2026,Arjun Agarwal,arjun.agarwal@yahoo.com,8699954640,Rahul Menon,YouTube,63999,"08/04/2026, 12:12 PM",12800,Eduvanz,Paid,
Apr-26,ADS,DM Meta Ads,INST,DM-B08,02/04/2026,Swati Kumar,swati.kumar@outlook.com,7321230416,Priya Sharma,Referral,41999,"23/04/2026, 07:18 PM",11200,Self Finance,Paid,
Apr-26,YT,CS Search Ads,GADS,CS-B05,11/04/2026,Rohan Das,rohan_das954@gmail.com,9904950785,Deepak Verma,Referral,53999,"10/04/2026, 10:31 PM",17200,HDFC Credila,Paid,
Apr-26,ADS,AI/ML Search Ads,GSN,AIML-B03,11/04/2026,Nandini Reddy,nandini.reddy56@hotmail.com,7960243381,Arjun Nair,YouTube,79999,"19/04/2026, 06:08 PM",25100,Self Finance,Paid,
Apr-26,YT,DS Search Ads,GADS,DS-B08,02/04/2026,Sakshi Shetty,sakshishetty@rediffmail.com,8710004324,Priya Sharma,Meta Ads,64999,"25/04/2026, 01:46 PM",21600,,Refunded,
Apr-26,ADS,Gen AI Meta Ads,FB,GENAI-B03,27/04/2026,Kritika Ghosh,kritikaghosh265@yahoo.com,9649010977,Meera Pillai,Referral,55999,"24/04/2026, 10:30 PM",22700,Self Finance,Paid,
Apr-26,ADS,DM Meta Ads,META,DM-B07,15/04/2026,Suresh Iyer,suresh.iyer@hotmail.com,7347652348,Deepak Verma,Organic,44999,"23/04/2026, 09:07 PM",16200,Auxilo,Paid,
Apr-26,ADS,DS Meta Ads,FB,DS-B10,15/04/2026,Varun Pandey,varunpandey@outlook.com,8825127615,Rahul Menon,Referral,83999,"29/04/2026, 03:53 PM",31700,HDFC Credila,Paid,
Apr-26,ADS,DS Search Ads,SEM,DS-B09,02/04/2026,Kavya Murthy,kavya.murthy@outlook.com,8463740386,Meera Pillai,Meta Ads,64999,"13/04/2026, 10:20 AM",23200,,Partial,
Apr-26,ADS Referral,DA Search Ads,SEM,DA-B12,03/04/2026,Vijay Tiwari,vijay_tiwari798@gmail.com,6726814013,Sneha Iyer,Google Ads,62999,"02/04/2026, 12:51 PM",26100,Propelld,Paid,
Apr-26,ADS,DA Search Ads,SEM,DA-B13,16/04/2026,Vinay Pandey,vinay_pandey@yahoo.com,8527248931,Priya Sharma,Referral,53999,"14/04/2026, 05:52 PM",16200,Self Finance,Loan Disbursed,
Apr-26,YT Referral,AI/ML Search Ads,SEM,AIML-B03,19/04/2026,Kritika Ghosh,kritikaghosh@gmail.com,6109926407,Vikram Das,Google Ads,65999,"13/04/2026, 10:28 PM",14100,Auxilo,Paid,
Apr-26,ADS,DM Meta Ads,FB,DM-B08,01/04/2026,Aditya Shah,aditya.shah@outlook.com,9610697416,Arjun Nair,YouTube,41999,"02/04/2026, 09:10 AM",15500,,Paid,
Apr-26,YT,Gen AI Meta Ads,FB,GENAI-B03,10/04/2026,Kavya Murthy,kavya.murthy683@gmail.com,9527522949,Vikram Das,Google Ads,69999,"26/04/2026, 02:43 PM",19600,Self Finance,Pending,
Apr-26,ADS Referral,BA Search Ads,GADS,BA-B06,27/04/2026,Mohit Shah,mohit.shah599@gmail.com,8374474915,Sneha Iyer,Organic,47999,"26/04/2026, 12:27 PM",15500,Self Finance,Partial,
Apr-26,ADS,DA Search Ads,SEM,DA-B12,28/04/2026,Tanvi Agarwal,tanviagarwal@rediffmail.com,8183913778,Priya Sharma,Google Ads,58999,"22/04/2026, 09:23 PM",24300,Propelld,Partial,
Apr-26,ADS,Gen AI Meta Ads,FB,GENAI-B04,21/04/2026,Pooja Sharma,pooja.sharma@yahoo.com,9038677272,Ananya Joshi,Meta Ads,67999,"14/04/2026, 09:39 AM",14100,,Partial,
Apr-26,ADS,CS Search Ads,GADS,CS-B04,11/04/2026,Geeta Shetty,geeta_shetty@gmail.com,9330112900,Kavya Reddy,Google Ads,60999,"02/04/2026, 11:20 AM",27100,Self Finance,Paid,
Apr-26,ADS Referral,DA Search Ads,GADS,DA-B14,18/04/2026,Nandini Kumar,nandini.kumar887@hotmail.com,6790244727,Arjun Nair,Meta Ads,65999,"08/04/2026, 09:00 PM",15000,,Paid,
Apr-26,ADS Referral,DA Search Ads,GADS,DA-B14,23/04/2026,Divya Murthy,divya.murthy348@gmail.com,6937295162,Sneha Iyer,Google Ads,51999,"20/04/2026, 07:18 PM",22300,HDFC Credila,Partial,
Apr-26,YT,Gen AI Meta Ads,META,GENAI-B04,28/04/2026,Hemant Yadav,hemantyadav@rediffmail.com,6769179897,Ananya Joshi,Google Ads,57999,"17/04/2026, 08:23 PM",11700,Propelld,Paid,
Apr-26,ADS,DS Meta Ads,META,DS-B09,08/04/2026,Deepa Rajan,deepa_rajan209@yahoo.com,7807102455,Arjun Nair,Referral,81999,"20/04/2026, 09:55 PM",27800,Self Finance,Partial,
Apr-26,ADS,DS Search Ads,SEM,DS-B09,02/04/2026,Divya Rao,divyarao672@outlook.com,6021965371,Vikram Das,Meta Ads,81999,"09/04/2026, 04:11 PM",17700,HDFC Credila,Paid,
Apr-26,YT,DA Meta Ads,META,DA-B14,29/04/2026,Esha Joshi,esha_joshi@gmail.com,9964227251,Ananya Joshi,Meta Ads,60999,"12/04/2026, 09:34 PM",23900,Self Finance,Paid,
Apr-26,YT Referral,DS Meta Ads,FB,DS-B09,10/04/2026,Sneha Shah,sneha_shah314@rediffmail.com,6647534618,Rahul Menon,Google Ads,76999,"02/04/2026, 03:31 PM",36000,HDFC Credila,Partial,
Apr-26,ADS,DA Search Ads,SEM,DA-B12,18/04/2026,Sahil Pillai,sahil_pillai@rediffmail.com,8158066994,Kavya Reddy,Google Ads,68999,"08/04/2026, 10:09 PM",34300,Eduvanz,Paid,
Apr-26,YT Referral,Gen AI Search Ads,GSN,GENAI-B04,14/04/2026,Esha Pandey,esha.pandey623@outlook.com,8003319232,Arjun Nair,Email,64999,"09/04/2026, 09:34 PM",24300,,Paid,
Apr-26,YT,DM Meta Ads,INST,DM-B07,22/04/2026,Uday Rao,uday.rao302@yahoo.com,7268436585,Ananya Joshi,YouTube,43999,"19/04/2026, 10:11 PM",15500,Eduvanz,Paid,
Apr-26,YT Referral,DA Search Ads,GSN,DA-B14,05/04/2026,Mohit Kumar,mohit.kumar760@outlook.com,9119715386,Vikram Das,WhatsApp,66999,"21/04/2026, 05:27 PM",15600,Propelld,Pending,
Apr-26,ADS,Gen AI Search Ads,GADS,GENAI-B03,23/04/2026,Esha Murthy,eshamurthy@hotmail.com,6792319918,Suresh Bhat,Google Ads,78999,"27/04/2026, 10:06 PM",28400,Propelld,Paid,
Apr-26,ADS,CS Search Ads,GADS,CS-B04,19/04/2026,Sneha Shetty,sneha.shetty@outlook.com,9620897677,Vikram Das,YouTube,58999,"27/04/2026, 07:41 PM",20600,Eduvanz,Partial,
Apr-26,YT,DA Search Ads,GSN,DA-B12,26/04/2026,Ananya Rajan,ananyarajan79@outlook.com,7830977452,Rahul Menon,YouTube,61999,"17/04/2026, 12:46 PM",12700,Self Finance,Loan Disbursed,
Apr-26,YT,CS Search Ads,GADS,CS-B04,26/04/2026,Sonia Gupta,sonia.gupta@hotmail.com,9628589242,Rahul Menon,Organic,66999,"13/04/2026, 01:58 PM",23700,Self Finance,Paid,
Apr-26,ADS,DA Search Ads,SEM,DA-B12,20/04/2026,Sakshi Pandey,sakshipandey334@outlook.com,8345434828,Priya Sharma,Organic,58999,"03/04/2026, 07:04 PM",23400,Self Finance,Paid,
Apr-26,ADS Referral,DS Meta Ads,META,DS-B08,13/04/2026,Arjun Desai,arjun.desai725@gmail.com,9194128767,Suresh Bhat,Google Ads,79999,"22/04/2026, 08:36 PM",39400,,Paid,
Apr-26,ADS,DM Meta Ads,INST,DM-B08,10/04/2026,Yash Bose,yash_bose@gmail.com,9979932640,Sneha Iyer,Referral,35999,"30/04/2026, 08:00 PM",12300,,Partial,
Apr-26,ADS,AI/ML Search Ads,GSN,AIML-B03,02/04/2026,Aryan Das,aryan_das@rediffmail.com,6118897050,Deepak Verma,Meta Ads,79999,"20/04/2026, 05:27 PM",21300,Self Finance,Partial,
Apr-26,ADS,CS Search Ads,GSN,CS-B04,27/04/2026,Vishal Das,vishal.das173@outlook.com,6161892582,Vikram Das,YouTube,58999,"21/04/2026, 08:11 PM",20400,Self Finance,Paid,
Apr-26,ADS,DS Search Ads,SEM,DS-B08,13/04/2026,Pooja Menon,poojamenon@yahoo.com,9397976446,Ananya Joshi,Google Ads,71999,"01/04/2026, 09:26 PM",28500,Propelld,Paid,
Apr-26,ADS Referral,Gen AI Search Ads,GADS,GENAI-B03,16/04/2026,Sahil Rao,sahil_rao726@rediffmail.com,7636412154,Meera Pillai,Google Ads,64999,"22/04/2026, 10:50 PM",22400,HDFC Credila,Paid,
Apr-26,ADS,BA Meta Ads,META,BA-B06,28/04/2026,Aarav Chopra,aarav_chopra799@outlook.com,8902270713,Rahul Menon,Organic,48999,"18/04/2026, 09:16 AM",19400,Self Finance,Paid,
Apr-26,ADS,BA Search Ads,GSN,BA-B05,05/04/2026,Akash Menon,akashmenon298@gmail.com,7160640151,Ananya Joshi,Meta Ads,48999,"26/04/2026, 09:15 PM",12700,HDFC Credila,Pending,
Apr-26,ADS,AI/ML Search Ads,GSN,AIML-B02,07/04/2026,Pradeep Jain,pradeep_jain@hotmail.com,9960201150,Meera Pillai,Google Ads,67999,"05/04/2026, 01:01 PM",22400,Auxilo,Paid,
Apr-26,YT Referral,DS Meta Ads,FB,DS-B10,28/04/2026,Arjun Kapoor,arjun_kapoor641@yahoo.com,7881238356,Kavya Reddy,Email,60999,"28/04/2026, 03:23 PM",30100,,Paid,
Apr-26,ADS Referral,Gen AI Meta Ads,FB,GENAI-B03,04/04/2026,Amit Menon,amit_menon@hotmail.com,6522024317,Deepak Verma,YouTube,73999,"15/04/2026, 08:40 PM",16300,Auxilo,Refunded,
Apr-26,ADS,DA Search Ads,SEM,DA-B13,20/04/2026,Ananya Varma,ananya.varma@outlook.com,6235411104,Rahul Menon,Meta Ads,58999,"19/04/2026, 05:58 PM",29500,HDFC Credila,Pending,
Apr-26,YT,DM Meta Ads,INST,DM-B08,09/04/2026,Ishaan Agarwal,ishaan.agarwal@hotmail.com,6593340747,Kavya Reddy,Google Ads,43999,"01/04/2026, 02:45 PM",10700,,Paid,
Apr-26,ADS,CS Search Ads,GSN,CS-B04,24/04/2026,Shruti Pandey,shruti_pandey@gmail.com,9227168180,Meera Pillai,Google Ads,55999,"22/04/2026, 02:17 PM",14200,Self Finance,Paid,
Apr-26,ADS Referral,CS Search Ads,GADS,CS-B04,01/04/2026,Sandeep Bose,sandeep.bose610@yahoo.com,6391847982,Vikram Das,Google Ads,67999,"04/04/2026, 09:27 PM",24300,Self Finance,Loan Disbursed,
Apr-26,YT,BA Search Ads,GADS,BA-B06,23/04/2026,Ravi Fernandes,ravifernandes391@hotmail.com,6363137421,Kavya Reddy,Email,49999,"21/04/2026, 03:20 PM",17200,,Partial,
Apr-26,YT,DA Search Ads,GSN,DA-B13,07/04/2026,Rohan Gupta,rohan_gupta50@rediffmail.com,9731762432,Arjun Nair,Google Ads,69999,"24/04/2026, 07:16 PM",24200,,Loan Disbursed,
Apr-26,ADS Referral,AI/ML Search Ads,GSN,AIML-B02,23/04/2026,Hemant Joshi,hemant_joshi358@gmail.com,6237852412,Meera Pillai,Referral,89999,"19/04/2026, 09:55 AM",27200,,Refunded,
Apr-26,YT,DA Search Ads,SEM,DA-B12,21/04/2026,Kavya Iyer,kavya_iyer484@gmail.com,9373127056,Sneha Iyer,WhatsApp,66999,"11/04/2026, 10:15 AM",24200,Self Finance,Partial,
Apr-26,YT Referral,Gen AI Search Ads,SEM,GENAI-B03,01/04/2026,Nandini Sharma,nandini.sharma@hotmail.com,9747998073,Meera Pillai,Google Ads,61999,"06/04/2026, 12:44 PM",22000,,Partial,
Apr-26,ADS,DA Search Ads,SEM,DA-B13,12/04/2026,Aryan Gupta,aryangupta@gmail.com,6472337711,Ananya Joshi,Google Ads,52999,"20/04/2026, 11:54 AM",14700,Self Finance,Pending,
Apr-26,ADS Referral,DS Meta Ads,META,DS-B10,24/04/2026,Aarav Kumar,aaravkumar@outlook.com,7164767322,Sneha Iyer,Organic,60999,"04/04/2026, 07:12 PM",17900,Self Finance,Paid,
Apr-26,ADS,Gen AI Search Ads,GSN,GENAI-B03,08/04/2026,Chetan Reddy,chetan_reddy514@rediffmail.com,6051384171,Kavya Reddy,Referral,64999,"21/04/2026, 11:10 AM",16800,Self Finance,Paid,
Apr-26,ADS,BA Search Ads,GADS,BA-B05,06/04/2026,Rahul Joshi,rahul.joshi359@hotmail.com,8524267905,Arjun Nair,Google Ads,51999,"20/04/2026, 04:55 PM",13400,Self Finance,Paid,
Apr-26,ADS,Gen AI Meta Ads,META,GENAI-B04,08/04/2026,Varun Jain,varun_jain@hotmail.com,8794533500,Deepak Verma,Referral,64999,"24/04/2026, 09:15 AM",17500,HDFC Credila,Loan Disbursed,16/04/2026
Apr-26,ADS,DS Meta Ads,META,DS-B09,19/04/2026,Geeta Singh,geeta_singh@hotmail.com,8754751628,Arjun Nair,YouTube,74999,"12/04/2026, 06:40 PM",32100,,Loan Disbursed,
Apr-26,YT Referral,DS Meta Ads,META,DS-B10,14/04/2026,Nikhil Reddy,nikhil_reddy@gmail.com,6448825214,Ananya Joshi,Meta Ads,74999,"30/04/2026, 12:54 PM",23800,Eduvanz,Paid,
Apr-26,ADS,DS Meta Ads,META,DS-B08,25/04/2026,Gaurav Ghosh,gaurav.ghosh@rediffmail.com,8612032711,Rahul Menon,Email,67999,"25/04/2026, 11:21 AM",20000,NBFC Direct,Pending,
Apr-26,ADS,DA Meta Ads,FB,DA-B13,30/04/2026,Meera Patel,meera.patel@yahoo.com,8402805963,Kavya Reddy,Organic,53999,"24/04/2026, 04:51 PM",24500,Self Finance,Paid,
Apr-26,YT Referral,DM Meta Ads,FB,DM-B08,07/04/2026,Akash Ghosh,akash_ghosh@outlook.com,8219987463,Kavya Reddy,Referral,40999,"22/04/2026, 02:11 PM",18800,Eduvanz,Partial,
Apr-26,ADS,CS Search Ads,GADS,CS-B05,22/04/2026,Vinay Patel,vinay_patel@yahoo.com,8959834672,Kavya Reddy,Google Ads,68999,"08/04/2026, 09:55 AM",19700,Self Finance,Partial,
Apr-26,ADS,DM Meta Ads,META,DM-B08,04/04/2026,Rohit Tiwari,rohit.tiwari@yahoo.com,6265995391,Arjun Nair,YouTube,46999,"23/04/2026, 03:34 PM",17700,NBFC Direct,Paid,
Apr-26,ADS,DA Search Ads,GSN,DA-B13,17/04/2026,Sonia Pillai,soniapillai113@gmail.com,8223951461,Sneha Iyer,Google Ads,68999,"18/04/2026, 04:42 PM",21500,Self Finance,Paid,
Apr-26,YT,DA Meta Ads,INST,DA-B12,26/04/2026,Nikhil Pillai,nikhilpillai@rediffmail.com,7023591909,Ananya Joshi,Google Ads,54999,"02/04/2026, 06:46 PM",20700,Self Finance,Paid,
Apr-26,ADS,DA Meta Ads,META,DA-B14,09/04/2026,Esha Kumar,esha.kumar@yahoo.com,7606337702,Vikram Das,Google Ads,52999,"22/04/2026, 09:33 AM",24300,,Partial,
Apr-26,YT Referral,DA Meta Ads,FB,DA-B13,12/04/2026,Swati Pillai,swati.pillai@rediffmail.com,8354053420,Ananya Joshi,Meta Ads,64999,"15/04/2026, 09:26 AM",20300,Self Finance,Paid,
Apr-26,ADS,BA Meta Ads,INST,BA-B05,29/04/2026,Shruti Chopra,shruti.chopra@rediffmail.com,6286068087,Kavya Reddy,YouTube,53999,"11/04/2026, 10:11 AM",24100,Self Finance,Pending,
Apr-26,ADS Referral,BA Search Ads,GADS,BA-B06,30/04/2026,Kiran Gupta,kirangupta800@gmail.com,6309097746,Kavya Reddy,Organic,47999,"30/04/2026, 12:35 PM",14100,Eduvanz,Paid,
Apr-26,ADS Referral,BA Meta Ads,INST,BA-B06,19/04/2026,Nikhil Patel,nikhil.patel@rediffmail.com,9127143176,Ananya Joshi,Organic,45999,"01/04/2026, 08:35 PM",18200,Self Finance,Partial,
Apr-26,ADS,BA Meta Ads,META,BA-B06,24/04/2026,Chetan Bose,chetan.bose391@rediffmail.com,8983896229,Vikram Das,Google Ads,50999,"25/04/2026, 10:02 PM",17900,HDFC Credila,Pending,
Apr-26,ADS,BA Search Ads,GADS,BA-B05,21/04/2026,Isha Agarwal,ishaagarwal945@hotmail.com,7050788969,Priya Sharma,Google Ads,51999,"06/04/2026, 12:04 PM",25800,Self Finance,Partial,
Apr-26,ADS Referral,AI/ML Search Ads,GSN,AIML-B02,19/04/2026,Priya Desai,priyadesai@yahoo.com,7834959606,Vikram Das,Organic,68999,"28/04/2026, 05:25 PM",27500,Auxilo,Pending,
Apr-26,ADS,CS Search Ads,GADS,CS-B05,07/04/2026,Divya Agarwal,divyaagarwal@gmail.com,8784570479,Priya Sharma,Organic,65999,"29/04/2026, 03:30 PM",23700,Propelld,Paid,
Apr-26,ADS,AI/ML Search Ads,GSN,AIML-B03,15/04/2026,Priya Yadav,priyayadav309@yahoo.com,6034538750,Vikram Das,Meta Ads,86999,"20/04/2026, 12:28 PM",25100,Self Finance,Paid,
Apr-26,ADS,DA Search Ads,GADS,DA-B14,22/04/2026,Gaurav Kumar,gauravkumar@rediffmail.com,6086348006,Vikram Das,Referral,50999,"19/04/2026, 05:50 PM",19100,HDFC Credila,Paid,
Apr-26,ADS,DS Meta Ads,FB,DS-B08,07/04/2026,Varun Das,varun_das379@hotmail.com,7695830445,Vikram Das,YouTube,79999,"06/04/2026, 02:56 PM",26700,Self Finance,Paid,
Apr-26,YT Referral,Gen AI Meta Ads,FB,GENAI-B03,03/04/2026,Pallavi Shah,pallavi_shah@rediffmail.com,9968655678,Kavya Reddy,YouTube,75999,"23/04/2026, 10:52 AM",18500,Self Finance,Paid,
Apr-26,YT Referral,Gen AI Meta Ads,META,GENAI-B03,28/04/2026,Sonia Menon,sonia.menon495@yahoo.com,9352581273,Arjun Nair,YouTube,60999,"07/04/2026, 01:38 PM",21000,,Paid,
Apr-26,ADS,BA Meta Ads,INST,BA-B05,23/04/2026,Manish Rao,manishrao@yahoo.com,6462197399,Deepak Verma,WhatsApp,47999,"10/04/2026, 03:44 PM",10600,,Paid,
Apr-26,YT Referral,AI/ML Search Ads,GSN,AIML-B03,23/04/2026,Aditya Verma,aditya.verma@gmail.com,9323131858,Vikram Das,Google Ads,79999,"02/04/2026, 07:38 PM",24700,,Paid,
Apr-26,ADS Referral,BA Meta Ads,INST,BA-B05,09/04/2026,Kritika Gupta,kritikagupta@gmail.com,9417841029,Priya Sharma,Meta Ads,46999,"23/04/2026, 09:33 AM",10400,Self Finance,Paid,
Apr-26,ADS,DA Search Ads,SEM,DA-B12,21/04/2026,Uday Verma,uday.verma@hotmail.com,6274433057,Sneha Iyer,Meta Ads,50999,"18/04/2026, 09:33 PM",23200,,Paid,
Apr-26,ADS,DS Search Ads,SEM,DS-B09,04/04/2026,Divya Shah,divyashah@rediffmail.com,9432339462,Sneha Iyer,Meta Ads,77999,"17/04/2026, 12:44 PM",33100,Self Finance,Paid,
Apr-26,ADS Referral,DS Meta Ads,FB,DS-B08,06/04/2026,Divya Menon,divya.menon@outlook.com,7319058800,Rahul Menon,YouTube,62999,"28/04/2026, 12:00 PM",19700,Propelld,Loan Disbursed,29/04/2026
Apr-26,ADS,DA Search Ads,GADS,DA-B13,23/04/2026,Sandeep Murthy,sandeep.murthy403@rediffmail.com,9221934900,Priya Sharma,Google Ads,53999,"02/04/2026, 06:18 PM",14900,Self Finance,Paid,
Apr-26,ADS,DA Meta Ads,INST,DA-B14,08/04/2026,Rohit Shah,rohit_shah@gmail.com,7776628001,Ananya Joshi,Email,58999,"20/04/2026, 01:09 PM",23000,NBFC Direct,Paid,
Apr-26,ADS,DS Search Ads,SEM,DS-B10,29/04/2026,Anjali Patel,anjalipatel@outlook.com,7879246643,Priya Sharma,Google Ads,74999,"27/04/2026, 07:14 PM",30200,Eduvanz,Pending,
Apr-26,ADS,DM Meta Ads,INST,DM-B07,05/04/2026,Sakshi Ghosh,sakshighosh135@yahoo.com,8987529971,Arjun Nair,Google Ads,42999,"03/04/2026, 02:07 PM",19100,Eduvanz,Paid,
Apr-26,ADS,AI/ML Search Ads,SEM,AIML-B03,26/04/2026,Pradeep Iyer,pradeep.iyer769@yahoo.com,8507029419,Vikram Das,Referral,71999,"11/04/2026, 12:01 PM",20100,Propelld,Partial,
Apr-26,ADS Referral,DS Search Ads,SEM,DS-B08,01/04/2026,Sakshi Verma,sakshi.verma82@rediffmail.com,9085260331,Suresh Bhat,YouTube,61999,"14/04/2026, 05:23 PM",23100,,Paid,
Apr-26,YT,Gen AI Meta Ads,FB,GENAI-B03,28/04/2026,Uday Reddy,uday.reddy132@hotmail.com,9683774128,Meera Pillai,Google Ads,73999,"03/04/2026, 11:54 AM",30300,HDFC Credila,Paid,
Apr-26,YT,CS Search Ads,GADS,CS-B04,03/04/2026,Nandini Patel,nandinipatel193@rediffmail.com,6919997508,Deepak Verma,Google Ads,68999,"26/04/2026, 04:31 PM",20100,Self Finance,Paid,
Apr-26,ADS,DA Meta Ads,FB,DA-B13,09/04/2026,Pradeep Shah,pradeep_shah777@yahoo.com,8701364307,Arjun Nair,YouTube,65999,"10/04/2026, 06:21 PM",15100,Self Finance,Partial,
Apr-26,YT,BA Search Ads,GSN,BA-B05,21/04/2026,Meera Patel,meera_patel702@rediffmail.com,8348380735,Vikram Das,Meta Ads,51999,"19/04/2026, 05:09 PM",21200,HDFC Credila,Pending,
Apr-26,YT,DS Search Ads,GSN,DS-B08,02/04/2026,Pallavi Singh,pallavi.singh@hotmail.com,6987211942,Priya Sharma,Meta Ads,70999,"30/04/2026, 09:17 AM",14800,Propelld,Paid,
Apr-26,ADS,DS Meta Ads,META,DS-B08,01/04/2026,Nandini Kumar,nandini_kumar@yahoo.com,8006742756,Sneha Iyer,Google Ads,73999,"09/04/2026, 07:41 PM",20000,Self Finance,Paid,
Apr-26,ADS Referral,DA Meta Ads,INST,DA-B12,16/04/2026,Nikhil Varma,nikhil_varma@rediffmail.com,8757749881,Kavya Reddy,Email,69999,"26/04/2026, 06:24 PM",19500,Self Finance,Paid,
Apr-26,ADS,BA Search Ads,GADS,BA-B06,03/04/2026,Ravi Menon,ravi.menon@yahoo.com,7268017534,Arjun Nair,Google Ads,54999,"06/04/2026, 09:00 AM",14800,Eduvanz,Paid,
Apr-26,ADS,Gen AI Meta Ads,FB,GENAI-B04,04/04/2026,Pradeep Gupta,pradeep_gupta250@outlook.com,9333415039,Ananya Joshi,YouTube,57999,"11/04/2026, 04:23 PM",18500,Propelld,Loan Disbursed,07/04/2026
Apr-26,ADS,DA Meta Ads,INST,DA-B14,21/04/2026,Swati Agarwal,swati_agarwal138@yahoo.com,7274190710,Kavya Reddy,Google Ads,51999,"10/04/2026, 09:41 PM",17600,,Paid,
Apr-26,ADS Referral,DM Meta Ads,META,DM-B08,15/04/2026,Sahil Pillai,sahilpillai908@rediffmail.com,8702862347,Deepak Verma,Referral,38999,"01/04/2026, 07:02 PM",17700,Self Finance,Pending,
Apr-26,YT Referral,DS Search Ads,GSN,DS-B08,14/04/2026,Pallavi Rao,pallavi_rao402@hotmail.com,6907882767,Sneha Iyer,Google Ads,60999,"27/04/2026, 02:30 PM",15000,HDFC Credila,Paid,
Apr-26,YT Referral,DA Meta Ads,INST,DA-B14,19/04/2026,Pallavi Pillai,pallavi.pillai418@rediffmail.com,6495337894,Sneha Iyer,Meta Ads,60999,"22/04/2026, 09:26 PM",26700,Self Finance,Partial,
Apr-26,YT Referral,DA Search Ads,GADS,DA-B12,01/04/2026,Pradeep Yadav,pradeep_yadav568@hotmail.com,9937852809,Rahul Menon,WhatsApp,50999,"06/04/2026, 10:50 PM",20900,NBFC Direct,Paid,
Apr-26,ADS,DM Meta Ads,INST,DM-B07,18/04/2026,Aarav Patel,aarav_patel98@yahoo.com,9138450091,Deepak Verma,YouTube,48999,"07/04/2026, 09:26 PM",20900,,Partial,
Apr-26,YT,Gen AI Search Ads,SEM,GENAI-B04,17/04/2026,Rohan Verma,rohanverma476@hotmail.com,7897062544,Deepak Verma,YouTube,72999,"12/04/2026, 12:20 PM",28000,Propelld,Paid,
Apr-26,ADS Referral,DA Search Ads,GSN,DA-B13,16/04/2026,Deepak Das,deepak.das196@gmail.com,7853650912,Kavya Reddy,Referral,52999,"05/04/2026, 07:59 PM",16800,HDFC Credila,Pending,
Apr-26,ADS,AI/ML Search Ads,GSN,AIML-B02,11/04/2026,Nikhil Nair,nikhil_nair910@gmail.com,7423704406,Suresh Bhat,Meta Ads,65999,"11/04/2026, 09:06 AM",25400,Eduvanz,Paid,
Apr-26,ADS Referral,DA Search Ads,GADS,DA-B14,29/04/2026,Vinay Ghosh,vinay_ghosh164@yahoo.com,8622020230,Vikram Das,Meta Ads,53999,"16/04/2026, 08:30 PM",13300,HDFC Credila,Paid,
Apr-26,ADS,DS Meta Ads,META,DS-B08,14/04/2026,Ananya Pillai,ananyapillai939@rediffmail.com,9855473541,Deepak Verma,Meta Ads,70999,"24/04/2026, 11:10 AM",27700,Self Finance,Paid,
Apr-26,ADS,DA Meta Ads,META,DA-B14,27/04/2026,Divya Murthy,divyamurthy@rediffmail.com,9389417442,Deepak Verma,YouTube,63999,"05/04/2026, 09:24 AM",21100,HDFC Credila,Partial,
Apr-26,ADS,AI/ML Search Ads,SEM,AIML-B02,15/04/2026,Meera Mehta,meeramehta501@rediffmail.com,6398818152,Suresh Bhat,YouTube,73999,"19/04/2026, 02:32 PM",28400,Self Finance,Partial,
Apr-26,YT Referral,DM Meta Ads,META,DM-B07,14/04/2026,Ishaan Jain,ishaan_jain@yahoo.com,6457260838,Deepak Verma,Referral,39999,"28/04/2026, 04:30 PM",16600,Propelld,Paid,
Apr-26,ADS,DA Search Ads,GSN,DA-B12,26/04/2026,Jaya Pandey,jaya_pandey413@hotmail.com,8348137185,Deepak Verma,Meta Ads,59999,"07/04/2026, 10:31 PM",17900,HDFC Credila,Paid,
Apr-26,YT,BA Meta Ads,INST,BA-B06,05/04/2026,Mohit Menon,mohit_menon@hotmail.com,9105232064,Meera Pillai,YouTube,54999,"07/04/2026, 07:37 PM",11600,Self Finance,Partial,
Apr-26,ADS,BA Search Ads,GSN,BA-B06,13/04/2026,Nikhil Pandey,nikhil_pandey@outlook.com,6525668038,Ananya Joshi,Referral,57999,"09/04/2026, 09:12 AM",24300,Self Finance,Partial,
Apr-26,YT Referral,DS Search Ads,SEM,DS-B10,18/04/2026,Ananya Joshi,ananya_joshi@rediffmail.com,6776543200,Kavya Reddy,Meta Ads,84999,"27/04/2026, 01:58 PM",41200,Self Finance,Paid,
Apr-26,YT,DM Meta Ads,META,DM-B07,24/04/2026,Sahil Sharma,sahil.sharma@yahoo.com,9519355665,Kavya Reddy,Meta Ads,38999,"20/04/2026, 01:51 PM",18400,HDFC Credila,Paid,
Apr-26,YT,BA Search Ads,GADS,BA-B06,22/04/2026,Priya Mehta,priyamehta881@hotmail.com,6485942434,Arjun Nair,Google Ads,55999,"28/04/2026, 01:23 PM",15200,Self Finance,Paid,
Apr-26,YT,DA Search Ads,GADS,DA-B12,20/04/2026,Ravi Das,ravi_das596@hotmail.com,9342664713,Kavya Reddy,Meta Ads,55999,"26/04/2026, 11:54 AM",15700,Self Finance,Paid,
Apr-26,YT,DA Search Ads,SEM,DA-B12,02/04/2026,Pallavi Singh,pallavi.singh@gmail.com,7345076187,Vikram Das,Meta Ads,61999,"15/04/2026, 09:29 AM",12400,,Loan Disbursed,
Apr-26,ADS Referral,Gen AI Meta Ads,META,GENAI-B03,13/04/2026,Chetan Rajan,chetan.rajan@hotmail.com,6145351531,Deepak Verma,Organic,61999,"18/04/2026, 06:11 PM",19800,Propelld,Paid,
Apr-26,YT,BA Search Ads,GSN,BA-B05,13/04/2026,Dhruv Kumar,dhruv_kumar596@outlook.com,9720281591,Priya Sharma,Google Ads,58999,"11/04/2026, 05:13 PM",19300,Eduvanz,Paid,
Apr-26,ADS,DM Meta Ads,INST,DM-B08,20/04/2026,Vishal Shah,vishalshah61@yahoo.com,7712702043,Kavya Reddy,Google Ads,38999,"03/04/2026, 02:27 PM",12600,,Paid,
Apr-26,ADS,DA Search Ads,GADS,DA-B14,08/04/2026,Sakshi Reddy,sakshireddy56@yahoo.com,7302001173,Kavya Reddy,Google Ads,58999,"15/04/2026, 08:02 PM",12200,Eduvanz,Partial,
Apr-26,ADS,BA Meta Ads,INST,BA-B06,23/04/2026,Aryan Verma,aryan.verma@gmail.com,6283766020,Suresh Bhat,Google Ads,50999,"19/04/2026, 11:21 AM",15900,Self Finance,Pending,
Apr-26,ADS,DS Search Ads,SEM,DS-B09,01/04/2026,Sakshi Fernandes,sakshifernandes@yahoo.com,6788576739,Arjun Nair,YouTube,60999,"19/04/2026, 01:23 PM",22800,Self Finance,Paid,
Apr-26,YT,AI/ML Search Ads,SEM,AIML-B03,11/04/2026,Chetan Rajan,chetanrajan12@hotmail.com,7076719758,Vikram Das,Meta Ads,80999,"23/04/2026, 09:32 PM",19900,,Pending,
Apr-26,ADS Referral,Gen AI Meta Ads,META,GENAI-B04,04/04/2026,Sahil Tiwari,sahiltiwari@gmail.com,6121474715,Priya Sharma,Referral,57999,"06/04/2026, 11:03 AM",18800,NBFC Direct,Paid,
Apr-26,ADS,BA Meta Ads,INST,BA-B05,06/04/2026,Akash Kapoor,akash_kapoor61@outlook.com,7109533664,Vikram Das,WhatsApp,50999,"16/04/2026, 07:19 PM",21500,Eduvanz,Paid,
Apr-26,ADS,AI/ML Search Ads,SEM,AIML-B03,05/04/2026,Esha Patel,eshapatel210@rediffmail.com,7048139902,Priya Sharma,Google Ads,87999,"24/04/2026, 11:05 AM",43000,HDFC Credila,Paid,
Apr-26,ADS Referral,BA Search Ads,GADS,BA-B06,19/04/2026,Aarav Tiwari,aarav.tiwari409@gmail.com,8133193893,Sneha Iyer,Google Ads,45999,"24/04/2026, 11:11 AM",20000,,Paid,
Apr-26,ADS,BA Meta Ads,INST,BA-B06,30/04/2026,Rahul Varma,rahul_varma164@rediffmail.com,8428735950,Priya Sharma,Meta Ads,50999,"03/04/2026, 09:25 AM",11500,Propelld,Paid,
Apr-26,YT,AI/ML Search Ads,GSN,AIML-B03,24/04/2026,Esha Jain,esha_jain@rediffmail.com,6326853682,Deepak Verma,Google Ads,86999,"07/04/2026, 10:43 AM",29200,Self Finance,Refunded,
Apr-26,ADS,DA Search Ads,SEM,DA-B12,01/04/2026,Sakshi Iyer,sakshi_iyer781@yahoo.com,8991988062,Priya Sharma,Google Ads,57999,"04/04/2026, 01:54 PM",19800,,Paid,
Apr-26,YT Referral,DA Search Ads,SEM,DA-B12,03/04/2026,Deepak Fernandes,deepak.fernandes633@outlook.com,7815989202,Suresh Bhat,Referral,50999,"09/04/2026, 04:21 PM",24100,NBFC Direct,Paid,
Apr-26,ADS,CS Search Ads,GSN,CS-B04,06/04/2026,Esha Agarwal,esha_agarwal719@hotmail.com,6196808790,Deepak Verma,Google Ads,50999,"22/04/2026, 06:32 PM",17800,Self Finance,Paid,
Apr-26,YT Referral,AI/ML Search Ads,GSN,AIML-B02,28/04/2026,Pallavi Agarwal,pallavi_agarwal365@rediffmail.com,6807206764,Meera Pillai,Google Ads,67999,"10/04/2026, 03:00 PM",23200,Eduvanz,Partial,
Apr-26,YT,CS Search Ads,GADS,CS-B05,04/04/2026,Rohit Shetty,rohit_shetty@gmail.com,8681756069,Meera Pillai,YouTube,68999,"26/04/2026, 08:52 PM",29200,,Partial,
Apr-26,ADS Referral,DA Search Ads,GADS,DA-B13,11/04/2026,Esha Rao,esha.rao129@gmail.com,6370671485,Ananya Joshi,Google Ads,56999,"18/04/2026, 08:31 PM",18700,Self Finance,Paid,
Apr-26,ADS,AI/ML Search Ads,SEM,AIML-B02,14/04/2026,Arjun Patel,arjun_patel@rediffmail.com,7874507952,Sneha Iyer,Meta Ads,68999,"17/04/2026, 05:45 PM",28800,Auxilo,Paid,
Apr-26,ADS,DA Meta Ads,META,DA-B13,21/04/2026,Rohit Pillai,rohitpillai55@outlook.com,8357597532,Meera Pillai,Email,55999,"04/04/2026, 02:10 PM",17600,Eduvanz,Loan Disbursed,16/04/2026
Apr-26,ADS,BA Meta Ads,INST,BA-B06,30/04/2026,Pallavi Murthy,pallavi.murthy@hotmail.com,6968208422,Priya Sharma,Google Ads,45999,"13/04/2026, 12:35 PM",20500,Auxilo,Paid,
Apr-26,ADS,DA Search Ads,GSN,DA-B13,29/04/2026,Sakshi Ghosh,sakshighosh@hotmail.com,8898689068,Arjun Nair,YouTube,56999,"29/04/2026, 06:09 PM",18300,,Paid,
Apr-26,ADS,CS Search Ads,GADS,CS-B05,02/04/2026,Mohit Kumar,mohit.kumar38@rediffmail.com,9981846306,Priya Sharma,Organic,68999,"16/04/2026, 02:56 PM",26400,Propelld,Paid,
Apr-26,YT,Gen AI Search Ads,GSN,GENAI-B04,05/04/2026,Ravi Das,ravidas318@gmail.com,9494495934,Arjun Nair,Google Ads,63999,"25/04/2026, 06:42 PM",13100,Self Finance,Paid,
Apr-26,YT,DA Meta Ads,META,DA-B14,23/04/2026,Manish Varma,manishvarma@outlook.com,9684706048,Arjun Nair,Referral,54999,"04/04/2026, 10:16 PM",15200,,Pending,
Apr-26,ADS,AI/ML Search Ads,SEM,AIML-B03,02/04/2026,Geeta Singh,geeta_singh@hotmail.com,7441042465,Priya Sharma,Google Ads,84999,"13/04/2026, 11:43 AM",17300,,Paid,
Apr-26,ADS Referral,DM Meta Ads,FB,DM-B07,15/04/2026,Vishal Desai,vishal_desai@outlook.com,7349982898,Sneha Iyer,Google Ads,41999,"05/04/2026, 07:00 PM",12800,Propelld,Paid,
Apr-26,YT,DA Search Ads,GSN,DA-B12,10/04/2026,Dhruv Yadav,dhruvyadav@hotmail.com,7219347291,Kavya Reddy,Meta Ads,63999,"20/04/2026, 03:40 PM",19000,Propelld,Partial,
Apr-26,YT Referral,DS Meta Ads,META,DS-B09,20/04/2026,Pallavi Kapoor,pallavi.kapoor719@hotmail.com,9713677223,Rahul Menon,Google Ads,72999,"15/04/2026, 06:04 PM",33500,,Paid,
Apr-26,YT Referral,BA Meta Ads,META,BA-B05,05/04/2026,Sakshi Ghosh,sakshighosh@yahoo.com,6476866607,Suresh Bhat,Google Ads,49999,"21/04/2026, 11:52 AM",15000,,Pending,
Apr-26,ADS Referral,DA Meta Ads,INST,DA-B14,03/04/2026,Chetan Jain,chetan.jain@outlook.com,9949983346,Ananya Joshi,YouTube,61999,"07/04/2026, 11:39 AM",26400,Self Finance,Pending,
Apr-26,ADS,DA Meta Ads,INST,DA-B14,25/04/2026,Mohit Yadav,mohit.yadav216@gmail.com,6392489696,Meera Pillai,Referral,52999,"13/04/2026, 10:47 PM",19800,Self Finance,Paid,
Apr-26,YT,DA Meta Ads,INST,DA-B14,01/04/2026,Kavya Varma,kavya_varma@yahoo.com,8618713450,Suresh Bhat,Google Ads,63999,"13/04/2026, 10:50 PM",19200,Self Finance,Partial,
Apr-26,ADS,BA Meta Ads,INST,BA-B06,25/04/2026,Ananya Kumar,ananya.kumar324@rediffmail.com,6637798640,Deepak Verma,Organic,54999,"04/04/2026, 06:36 PM",14700,HDFC Credila,Paid,
Apr-26,ADS,DM Meta Ads,INST,DM-B08,20/04/2026,Geeta Nair,geeta.nair@rediffmail.com,9931435427,Arjun Nair,Referral,38999,"25/04/2026, 07:35 PM",17200,Self Finance,Pending,
Apr-26,ADS Referral,BA Meta Ads,INST,BA-B05,14/04/2026,Vinay Kapoor,vinay_kapoor@outlook.com,7213399857,Deepak Verma,Meta Ads,52999,"19/04/2026, 08:57 PM",21000,Self Finance,Paid,
Apr-26,YT,DA Meta Ads,FB,DA-B12,09/04/2026,Meera Naidu,meera_naidu@hotmail.com,9609627842,Rahul Menon,Meta Ads,60999,"18/04/2026, 11:40 AM",20800,Auxilo,Refunded,
Apr-26,ADS,DA Meta Ads,INST,DA-B12,28/04/2026,Harish Mehta,harishmehta@yahoo.com,8357496319,Suresh Bhat,Email,56999,"22/04/2026, 12:13 PM",19000,Eduvanz,Partial,
Apr-26,ADS,Gen AI Search Ads,GADS,GENAI-B03,19/04/2026,Isha Pillai,ishapillai176@rediffmail.com,9702708892,Arjun Nair,YouTube,63999,"23/04/2026, 10:14 AM",23000,NBFC Direct,Paid,
Apr-26,ADS,DA Meta Ads,META,DA-B13,03/04/2026,Shruti Singh,shruti.singh964@yahoo.com,9300236109,Kavya Reddy,Google Ads,50999,"06/04/2026, 09:19 PM",11900,HDFC Credila,Partial,
Apr-26,ADS,Gen AI Meta Ads,FB,GENAI-B03,30/04/2026,Bhavna Rao,bhavna_rao317@gmail.com,6905640878,Deepak Verma,Organic,58999,"04/04/2026, 09:17 AM",25900,Eduvanz,Refunded,
Apr-26,ADS,DA Search Ads,GADS,DA-B12,23/04/2026,Manish Fernandes,manishfernandes587@yahoo.com,8003637010,Sneha Iyer,Google Ads,64999,"18/04/2026, 09:46 AM",30500,HDFC Credila,Paid,
Apr-26,ADS,DA Meta Ads,FB,DA-B12,02/04/2026,Kavya Verma,kavyaverma749@outlook.com,6116227415,Deepak Verma,Meta Ads,62999,"10/04/2026, 09:03 AM",16400,,Loan Disbursed,
Apr-26,YT,BA Meta Ads,INST,BA-B06,07/04/2026,Nandini Kapoor,nandini.kapoor154@yahoo.com,6881308046,Kavya Reddy,WhatsApp,45999,"07/04/2026, 06:01 PM",17500,Eduvanz,Paid,
Apr-26,ADS,BA Search Ads,GADS,BA-B05,08/04/2026,Meera Varma,meeravarma@outlook.com,7709817901,Deepak Verma,Meta Ads,50999,"21/04/2026, 10:47 PM",18000,Propelld,Paid,
Apr-26,ADS,DA Search Ads,GADS,DA-B14,02/04/2026,Anjali Rao,anjali.rao@outlook.com,7094494273,Vikram Das,Meta Ads,60999,"26/04/2026, 12:35 PM",23800,Eduvanz,Paid,
Apr-26,YT,DM Meta Ads,FB,DM-B08,25/04/2026,Swati Sharma,swatisharma@rediffmail.com,9160295774,Priya Sharma,Google Ads,37999,"24/04/2026, 03:37 PM",15400,Self Finance,Loan Disbursed,
Apr-26,YT,DA Meta Ads,FB,DA-B13,30/04/2026,Kritika Nair,kritika_nair@rediffmail.com,9495194791,Rahul Menon,Organic,64999,"27/04/2026, 04:05 PM",21600,,Paid,
Apr-26,ADS,BA Search Ads,GSN,BA-B06,02/04/2026,Ravi Desai,ravi.desai@yahoo.com,9156973942,Sneha Iyer,YouTube,57999,"05/04/2026, 03:27 PM",27800,Auxilo,Partial,
Apr-26,ADS,Gen AI Meta Ads,FB,GENAI-B04,02/04/2026,Ananya Mehta,ananyamehta@outlook.com,8738695884,Meera Pillai,Google Ads,71999,"19/04/2026, 11:39 AM",24600,Auxilo,Paid,
Apr-26,ADS Referral,DA Meta Ads,FB,DA-B12,30/04/2026,Rahul Varma,rahulvarma796@gmail.com,7872733251,Deepak Verma,Google Ads,52999,"01/04/2026, 06:58 PM",19500,Self Finance,Paid,
Apr-26,ADS,DA Meta Ads,META,DA-B12,05/04/2026,Aarav Shah,aaravshah618@outlook.com,6272245197,Deepak Verma,WhatsApp,59999,"13/04/2026, 08:08 PM",17900,HDFC Credila,Paid,
Apr-26,ADS,BA Search Ads,GSN,BA-B05,20/04/2026,Chetan Joshi,chetan.joshi@yahoo.com,7594883748,Kavya Reddy,WhatsApp,50999,"20/04/2026, 10:33 PM",11500,Self Finance,Partial,
Apr-26,ADS,Gen AI Search Ads,GSN,GENAI-B03,23/04/2026,Sneha Chopra,sneha.chopra@rediffmail.com,6938654695,Deepak Verma,YouTube,73999,"13/04/2026, 08:27 PM",24000,Self Finance,Paid,
Apr-26,ADS Referral,BA Meta Ads,INST,BA-B06,06/04/2026,Nandini Desai,nandini_desai@gmail.com,9274434466,Priya Sharma,Email,46999,"13/04/2026, 12:45 PM",22700,Self Finance,Partial,
Apr-26,ADS Referral,Gen AI Search Ads,GADS,GENAI-B04,27/04/2026,Suresh Mehta,suresh.mehta@rediffmail.com,7410754873,Suresh Bhat,Email,70999,"11/04/2026, 09:24 PM",21800,Propelld,Paid,
Apr-26,ADS,DM Meta Ads,INST,DM-B07,02/04/2026,Sahil Rajan,sahil_rajan151@yahoo.com,6356629317,Deepak Verma,Meta Ads,42999,"30/04/2026, 09:50 AM",9500,Eduvanz,Paid,
Apr-26,ADS,BA Search Ads,GSN,BA-B05,28/04/2026,Esha Fernandes,esha_fernandes56@hotmail.com,6598778216,Suresh Bhat,WhatsApp,48999,"11/04/2026, 06:45 PM",15700,,Paid,
Apr-26,YT,AI/ML Search Ads,GSN,AIML-B03,23/04/2026,Sakshi Varma,sakshivarma977@yahoo.com,6976588570,Ananya Joshi,Meta Ads,68999,"17/04/2026, 04:04 PM",24300,HDFC Credila,Partial,
Apr-26,ADS Referral,DA Meta Ads,META,DA-B14,24/04/2026,Nikhil Jain,nikhil.jain589@rediffmail.com,7148892985,Rahul Menon,Referral,63999,"21/04/2026, 04:23 PM",26000,Propelld,Paid,
Apr-26,ADS Referral,BA Meta Ads,META,BA-B05,24/04/2026,Vijay Varma,vijay.varma354@outlook.com,7712188194,Ananya Joshi,YouTube,58999,"29/04/2026, 08:47 PM",25000,,Paid,
Apr-26,ADS Referral,DS Search Ads,SEM,DS-B09,01/04/2026,Suresh Joshi,sureshjoshi@gmail.com,8143532321,Arjun Nair,Referral,80999,"05/04/2026, 06:15 PM",23000,Self Finance,Paid,
Apr-26,YT,DA Search Ads,GSN,DA-B14,19/04/2026,Hemant Singh,hemant_singh@yahoo.com,8064104955,Arjun Nair,WhatsApp,67999,"22/04/2026, 06:03 PM",24000,Self Finance,Paid,
Apr-26,ADS,CS Search Ads,GADS,CS-B05,04/04/2026,Mohit Hegde,mohithegde388@outlook.com,7902901349,Kavya Reddy,Google Ads,55999,"08/04/2026, 10:49 PM",23100,,Paid,
Apr-26,ADS,BA Meta Ads,META,BA-B06,10/04/2026,Deepak Verma,deepak_verma312@outlook.com,9448692152,Suresh Bhat,Google Ads,45999,"03/04/2026, 01:42 PM",15400,Propelld,Paid,
Apr-26,ADS,Gen AI Search Ads,GSN,GENAI-B04,22/04/2026,Sneha Verma,sneha.verma92@outlook.com,8744156893,Arjun Nair,Referral,56999,"01/04/2026, 02:09 PM",17700,Propelld,Paid,
Apr-26,YT Referral,Gen AI Search Ads,GSN,GENAI-B04,08/04/2026,Kiran Murthy,kiran.murthy@outlook.com,6605055049,Vikram Das,YouTube,70999,"02/04/2026, 07:58 PM",32000,HDFC Credila,Paid,
Apr-26,ADS,DM Meta Ads,FB,DM-B07,04/04/2026,Akash Rajan,akashrajan@yahoo.com,7872944391,Arjun Nair,Email,39999,"23/04/2026, 08:09 PM",18400,,Paid,
Apr-26,YT,DA Meta Ads,INST,DA-B13,27/04/2026,Kiran Mehta,kiranmehta@outlook.com,7408127398,Rahul Menon,WhatsApp,61999,"19/04/2026, 04:13 PM",25300,Self Finance,Paid,
Apr-26,ADS Referral,AI/ML Search Ads,SEM,AIML-B03,16/04/2026,Vishal Nair,vishal.nair970@yahoo.com,7299865064,Priya Sharma,Google Ads,72999,"16/04/2026, 05:02 PM",28000,Propelld,Paid,
Apr-26,YT,DA Meta Ads,META,DA-B12,22/04/2026,Shruti Joshi,shruti.joshi@rediffmail.com,8277081467,Sneha Iyer,Meta Ads,69999,"11/04/2026, 10:28 AM",20700,Self Finance,Paid,
Apr-26,YT,DM Meta Ads,FB,DM-B08,02/04/2026,Divya Sharma,divya_sharma601@hotmail.com,7317500265,Rahul Menon,Google Ads,48999,"20/04/2026, 10:54 PM",22800,Self Finance,Paid,
Apr-26,ADS Referral,DA Meta Ads,META,DA-B12,17/04/2026,Akash Menon,akash.menon398@gmail.com,7057774595,Kavya Reddy,Google Ads,57999,"03/04/2026, 11:31 AM",26400,Self Finance,Pending,
Apr-26,YT Referral,DM Meta Ads,FB,DM-B08,23/04/2026,Swati Joshi,swatijoshi96@gmail.com,6506209420,Kavya Reddy,Google Ads,47999,"19/04/2026, 11:45 AM",10300,Self Finance,Paid,
Apr-26,ADS,DA Meta Ads,META,DA-B13,29/04/2026,Dhruv Shah,dhruvshah@gmail.com,8219584649,Meera Pillai,Google Ads,54999,"29/04/2026, 10:24 AM",11500,Eduvanz,Pending,
Apr-26,YT,DM Meta Ads,FB,DM-B08,07/04/2026,Aarav Pandey,aarav.pandey267@hotmail.com,8796609440,Priya Sharma,Meta Ads,39999,"22/04/2026, 05:46 PM",9600,Self Finance,Partial,
Apr-26,ADS,DS Search Ads,GSN,DS-B09,05/04/2026,Esha Pandey,esha.pandey@hotmail.com,7275765145,Suresh Bhat,Email,68999,"14/04/2026, 09:24 PM",22400,,Pending,
Apr-26,YT Referral,BA Search Ads,GADS,BA-B05,12/04/2026,Tanvi Reddy,tanvi_reddy243@gmail.com,7856151747,Vikram Das,Google Ads,52999,"26/04/2026, 12:08 PM",25900,Self Finance,Paid,
Apr-26,YT,AI/ML Search Ads,SEM,AIML-B03,25/04/2026,Arjun Verma,arjun_verma@hotmail.com,6805638801,Ananya Joshi,Meta Ads,72999,"20/04/2026, 01:01 PM",23200,Propelld,Paid,
Apr-26,YT,DA Meta Ads,INST,DA-B13,15/04/2026,Amit Tiwari,amit.tiwari@yahoo.com,6546732094,Kavya Reddy,WhatsApp,55999,"27/04/2026, 10:10 AM",12400,Self Finance,Partial,
Apr-26,ADS Referral,DA Search Ads,GADS,DA-B12,01/04/2026,Gaurav Rajan,gaurav_rajan@hotmail.com,8889783772,Meera Pillai,Google Ads,64999,"20/04/2026, 02:20 PM",15000,Self Finance,Loan Disbursed,
Apr-26,ADS,BA Search Ads,GADS,BA-B05,07/04/2026,Rahul Pandey,rahul.pandey@yahoo.com,7203416096,Deepak Verma,Organic,57999,"17/04/2026, 09:20 AM",22000,Self Finance,Pending,
Apr-26,ADS,Gen AI Meta Ads,META,GENAI-B03,13/04/2026,Sonia Shah,sonia_shah513@gmail.com,6185920381,Meera Pillai,Referral,67999,"10/04/2026, 10:35 AM",17600,Eduvanz,Paid,
Apr-26,ADS,AI/ML Search Ads,SEM,AIML-B03,28/04/2026,Pradeep Desai,pradeep.desai744@hotmail.com,8002924867,Kavya Reddy,YouTube,81999,"11/04/2026, 06:24 PM",34700,Propelld,Pending,
Apr-26,ADS Referral,Gen AI Search Ads,GADS,GENAI-B04,14/04/2026,Sakshi Fernandes,sakshi_fernandes47@outlook.com,9880800252,Deepak Verma,Meta Ads,77999,"19/04/2026, 11:15 AM",25900,Auxilo,Refunded,
Apr-26,ADS,DA Search Ads,SEM,DA-B14,17/04/2026,Manish Fernandes,manish.fernandes763@outlook.com,8548952963,Sneha Iyer,Meta Ads,69999,"03/04/2026, 12:44 PM",15400,NBFC Direct,Loan Disbursed,12/04/2026
Apr-26,YT Referral,CS Search Ads,GADS,CS-B05,14/04/2026,Aarav Verma,aarav_verma308@outlook.com,7507825135,Rahul Menon,Meta Ads,51999,"06/04/2026, 11:21 AM",18300,Auxilo,Paid,
Apr-26,YT,BA Search Ads,GSN,BA-B06,27/04/2026,Chetan Chopra,chetan_chopra307@rediffmail.com,6821676103,Vikram Das,WhatsApp,55999,"15/04/2026, 09:00 AM",12200,Self Finance,Paid,
Apr-26,YT Referral,CS Search Ads,GSN,CS-B04,24/04/2026,Priya Patel,priya.patel@yahoo.com,6570455766,Vikram Das,YouTube,68999,"12/04/2026, 07:08 PM",20700,,Paid,
Apr-26,ADS,CS Search Ads,GADS,CS-B05,18/04/2026,Kavya Shah,kavyashah138@yahoo.com,8026964891,Vikram Das,WhatsApp,57999,"17/04/2026, 10:05 PM",19200,Propelld,Partial,
Apr-26,YT Referral,BA Meta Ads,INST,BA-B05,28/04/2026,Uday Murthy,uday_murthy814@hotmail.com,6407126324,Vikram Das,WhatsApp,59999,"13/04/2026, 10:16 PM",29100,Self Finance,Loan Disbursed,
Apr-26,ADS,CS Search Ads,GADS,CS-B05,17/04/2026,Rohan Joshi,rohan.joshi@rediffmail.com,7774001034,Vikram Das,Meta Ads,67999,"17/04/2026, 04:09 PM",30500,Propelld,Paid,
Apr-26,YT Referral,DA Meta Ads,INST,DA-B13,01/04/2026,Rahul Mehta,rahul_mehta65@rediffmail.com,8814499154,Meera Pillai,Organic,50999,"20/04/2026, 05:31 PM",13200,,Paid,
Apr-26,YT,DS Search Ads,GADS,DS-B10,15/04/2026,Vinay Rao,vinay.rao118@gmail.com,9942850474,Deepak Verma,Meta Ads,61999,"20/04/2026, 11:27 AM",26800,Eduvanz,Partial,
Apr-26,ADS Referral,DS Meta Ads,FB,DS-B09,05/04/2026,Gaurav Gupta,gaurav.gupta@yahoo.com,6569352453,Kavya Reddy,Meta Ads,83999,"05/04/2026, 07:30 PM",23600,Self Finance,Partial,
Apr-26,YT,DS Meta Ads,META,DS-B10,04/04/2026,Pradeep Pillai,pradeeppillai499@outlook.com,8033329638,Priya Sharma,Google Ads,83999,"28/04/2026, 08:08 PM",38200,,Refunded,
Apr-26,ADS,Gen AI Search Ads,GSN,GENAI-B04,02/04/2026,Ravi Pillai,ravipillai@rediffmail.com,6601308622,Priya Sharma,Organic,69999,"02/04/2026, 02:22 PM",21600,Propelld,Loan Disbursed,28/04/2026
Apr-26,ADS Referral,DS Search Ads,GADS,DS-B09,21/04/2026,Shruti Iyer,shruti.iyer@outlook.com,8864111434,Arjun Nair,Google Ads,70999,"15/04/2026, 07:44 PM",27200,Self Finance,Pending,
Apr-26,ADS,DA Search Ads,SEM,DA-B12,03/04/2026,Jaya Jain,jaya.jain379@rediffmail.com,7246718643,Sneha Iyer,Organic,68999,"03/04/2026, 03:31 PM",19500,Self Finance,Paid,
Apr-26,ADS,CS Search Ads,GSN,CS-B05,25/04/2026,Tanvi Rao,tanvi.rao@yahoo.com,8504955585,Rahul Menon,Google Ads,55999,"30/04/2026, 09:24 PM",26000,Self Finance,Paid,
Apr-26,YT,DM Meta Ads,INST,DM-B07,20/04/2026,Yash Rajan,yashrajan873@yahoo.com,9972567618,Ananya Joshi,YouTube,46999,"30/04/2026, 05:19 PM",19100,Self Finance,Loan Disbursed,
Apr-26,ADS,CS Search Ads,GSN,CS-B05,18/04/2026,Hemant Singh,hemant.singh555@hotmail.com,7818583462,Suresh Bhat,Google Ads,60999,"23/04/2026, 06:21 PM",26200,Eduvanz,Paid,
Apr-26,YT,Gen AI Meta Ads,FB,GENAI-B04,28/04/2026,Hemant Ghosh,hemantghosh910@yahoo.com,9972328040,Priya Sharma,Meta Ads,79999,"20/04/2026, 06:45 PM",35400,,Partial,
Apr-26,ADS Referral,DA Meta Ads,META,DA-B12,12/04/2026,Aryan Gupta,aryan.gupta@hotmail.com,7339540926,Suresh Bhat,Meta Ads,53999,"18/04/2026, 05:48 PM",17000,Eduvanz,Partial,
Apr-26,ADS Referral,DS Meta Ads,FB,DS-B09,14/04/2026,Hemant Ghosh,hemantghosh499@yahoo.com,9175728730,Rahul Menon,Google Ads,62999,"19/04/2026, 11:21 AM",18600,Self Finance,Pending,
Apr-26,YT,DA Search Ads,SEM,DA-B13,30/04/2026,Pooja Joshi,poojajoshi233@hotmail.com,6668279906,Suresh Bhat,Meta Ads,53999,"09/04/2026, 02:12 PM",19600,Self Finance,Paid,
Apr-26,YT Referral,DA Search Ads,GSN,DA-B14,30/04/2026,Amit Varma,amitvarma@hotmail.com,9823483116,Kavya Reddy,Google Ads,67999,"04/04/2026, 09:31 AM",18200,,Paid,
Apr-26,ADS,DA Meta Ads,FB,DA-B12,30/04/2026,Tanvi Ghosh,tanvi_ghosh892@gmail.com,7169373375,Arjun Nair,YouTube,67999,"07/04/2026, 01:38 PM",15700,Propelld,Paid,
Apr-26,ADS,BA Meta Ads,INST,BA-B06,26/04/2026,Ravi Iyer,ravi.iyer@outlook.com,6479183702,Deepak Verma,Meta Ads,51999,"04/04/2026, 12:28 PM",21500,Self Finance,Pending,
Apr-26,ADS Referral,DA Search Ads,GSN,DA-B13,24/04/2026,Deepak Shah,deepakshah@yahoo.com,6360315558,Kavya Reddy,Organic,65999,"07/04/2026, 03:02 PM",18200,Propelld,Loan Disbursed,08/04/2026
Apr-26,YT Referral,BA Meta Ads,META,BA-B06,28/04/2026,Aryan Varma,aryan.varma@yahoo.com,8626076305,Suresh Bhat,Google Ads,58999,"26/04/2026, 05:12 PM",24500,NBFC Direct,Loan Disbursed,22/04/2026
Apr-26,ADS,DS Meta Ads,FB,DS-B08,24/04/2026,Rohit Hegde,rohit_hegde685@yahoo.com,6838726077,Deepak Verma,Google Ads,84999,"07/04/2026, 05:55 PM",34400,,Paid,
Apr-26,ADS Referral,BA Search Ads,GADS,BA-B06,16/04/2026,Chetan Nair,chetan.nair379@yahoo.com,7986143166,Kavya Reddy,YouTube,58999,"27/04/2026, 11:48 AM",17000,,Refunded,
Apr-26,ADS,DA Meta Ads,FB,DA-B14,11/04/2026,Vinay Tiwari,vinay_tiwari42@outlook.com,7401073267,Arjun Nair,Google Ads,58999,"06/04/2026, 11:11 AM",21200,Self Finance,Paid,
Apr-26,YT,Gen AI Search Ads,GADS,GENAI-B03,18/04/2026,Karan Menon,karan.menon174@rediffmail.com,8963691363,Priya Sharma,YouTube,79999,"26/04/2026, 05:40 PM",29300,,Partial,
Apr-26,ADS,Gen AI Meta Ads,META,GENAI-B03,17/04/2026,Sneha Shah,sneha_shah@rediffmail.com,8854835967,Vikram Das,YouTube,73999,"17/04/2026, 07:40 PM",16600,Propelld,Paid,
Apr-26,ADS Referral,DA Search Ads,SEM,DA-B14,13/04/2026,Karan Agarwal,karan.agarwal720@rediffmail.com,8715734846,Deepak Verma,WhatsApp,59999,"09/04/2026, 02:45 PM",25600,Eduvanz,Loan Disbursed,11/04/2026
Apr-26,ADS Referral,BA Meta Ads,INST,BA-B06,06/04/2026,Aarav Agarwal,aarav_agarwal632@outlook.com,9021328585,Meera Pillai,Organic,56999,"03/04/2026, 02:59 PM",21300,Self Finance,Partial,
Apr-26,YT,Gen AI Search Ads,GSN,GENAI-B03,08/04/2026,Rahul Singh,rahul_singh@gmail.com,8872078656,Arjun Nair,Google Ads,66999,"07/04/2026, 02:23 PM",20900,Eduvanz,Partial,
Apr-26,ADS,DS Search Ads,SEM,DS-B10,16/04/2026,Gaurav Tiwari,gauravtiwari129@rediffmail.com,7539644446,Vikram Das,YouTube,73999,"02/04/2026, 10:07 PM",19200,Auxilo,Paid,
Apr-26,ADS,Gen AI Meta Ads,META,GENAI-B04,30/04/2026,Lakshmi Singh,lakshmisingh@rediffmail.com,7919248246,Meera Pillai,YouTube,79999,"21/04/2026, 02:42 PM",38400,Self Finance,Loan Disbursed,
Apr-26,ADS,Gen AI Meta Ads,META,GENAI-B04,07/04/2026,Aryan Tiwari,aryantiwari938@hotmail.com,6627853450,Suresh Bhat,YouTube,76999,"24/04/2026, 12:01 PM",32400,Self Finance,Pending,
Apr-26,YT Referral,DA Meta Ads,META,DA-B14,02/04/2026,Dhruv Jain,dhruvjain375@gmail.com,6670037286,Meera Pillai,Organic,68999,"16/04/2026, 11:27 AM",30200,Self Finance,Paid,
Apr-26,ADS Referral,AI/ML Search Ads,GSN,AIML-B02,22/04/2026,Deepak Hegde,deepak.hegde@rediffmail.com,7593244653,Rahul Menon,Meta Ads,89999,"22/04/2026, 11:28 AM",41200,NBFC Direct,Pending,
Apr-26,ADS,BA Search Ads,GADS,BA-B05,13/04/2026,Kritika Agarwal,kritika_agarwal607@hotmail.com,8737466594,Suresh Bhat,Referral,50999,"01/04/2026, 10:37 AM",12500,Self Finance,Paid,
Apr-26,YT Referral,CS Search Ads,GADS,CS-B05,17/04/2026,Hemant Gupta,hemant_gupta385@hotmail.com,6000933117,Meera Pillai,YouTube,59999,"14/04/2026, 05:53 PM",12300,Self Finance,Paid,
Apr-26,ADS,DA Meta Ads,INST,DA-B12,17/04/2026,Aarav Kapoor,aaravkapoor361@yahoo.com,7327049421,Vikram Das,Google Ads,54999,"24/04/2026, 08:33 PM",23100,,Partial,
Apr-26,ADS,DM Meta Ads,FB,DM-B08,11/04/2026,Nikhil Mehta,nikhil.mehta85@gmail.com,9971326150,Ananya Joshi,Google Ads,46999,"10/04/2026, 05:11 PM",15300,Self Finance,Paid,
Apr-26,ADS,DA Search Ads,SEM,DA-B13,05/04/2026,Suresh Singh,suresh_singh656@rediffmail.com,6587595810,Ananya Joshi,Meta Ads,68999,"30/04/2026, 01:40 PM",21700,Self Finance,Paid,
Apr-26,ADS,CS Search Ads,GSN,CS-B04,10/04/2026,Suresh Pandey,suresh_pandey@outlook.com,8580099498,Ananya Joshi,Google Ads,67999,"28/04/2026, 03:10 PM",26900,Auxilo,Pending,
Apr-26,ADS,DS Search Ads,SEM,DS-B09,07/04/2026,Priya Tiwari,priya.tiwari@rediffmail.com,8037746489,Suresh Bhat,YouTube,69999,"14/04/2026, 12:40 PM",29000,Propelld,Paid,
Apr-26,YT Referral,Gen AI Meta Ads,META,GENAI-B03,24/04/2026,Pallavi Desai,pallavi_desai@yahoo.com,7501543443,Kavya Reddy,YouTube,67999,"19/04/2026, 10:43 PM",16600,Auxilo,Paid,
Apr-26,ADS,BA Meta Ads,META,BA-B05,12/04/2026,Gaurav Iyer,gauraviyer910@hotmail.com,7543948907,Meera Pillai,Meta Ads,49999,"30/04/2026, 10:55 PM",16400,,Paid,
Apr-26,YT,DA Search Ads,GADS,DA-B12,22/04/2026,Aryan Joshi,aryan.joshi@yahoo.com,6634767842,Deepak Verma,Organic,53999,"15/04/2026, 01:49 PM",24400,HDFC Credila,Partial,
Apr-26,ADS Referral,DS Search Ads,GADS,DS-B10,19/04/2026,Aditya Pandey,adityapandey807@gmail.com,8498836598,Sneha Iyer,Organic,76999,"21/04/2026, 03:43 PM",26400,HDFC Credila,Partial,
Apr-26,YT,Gen AI Search Ads,GSN,GENAI-B03,29/04/2026,Vinay Nair,vinaynair@outlook.com,9446247761,Priya Sharma,Organic,67999,"17/04/2026, 11:52 AM",19700,Self Finance,Paid,
Apr-26,YT,Gen AI Search Ads,GSN,GENAI-B04,07/04/2026,Esha Murthy,esha.murthy@outlook.com,7926046026,Deepak Verma,Google Ads,67999,"01/04/2026, 08:07 PM",24100,Propelld,Paid,
Apr-26,ADS,AI/ML Search Ads,SEM,AIML-B03,19/04/2026,Nandini Das,nandini.das676@yahoo.com,7945188240,Deepak Verma,Organic,67999,"28/04/2026, 12:08 PM",31900,Self Finance,Paid,
Apr-26,ADS Referral,BA Search Ads,GSN,BA-B06,05/04/2026,Vinay Nair,vinaynair@yahoo.com,6439431360,Sneha Iyer,Google Ads,46999,"28/04/2026, 08:31 PM",15100,Self Finance,Loan Disbursed,
Apr-26,ADS Referral,DS Meta Ads,FB,DS-B08,14/04/2026,Meera Naidu,meera.naidu688@outlook.com,7667227337,Kavya Reddy,Google Ads,79999,"17/04/2026, 02:00 PM",38500,Propelld,Paid,
Apr-26,ADS,DA Meta Ads,FB,DA-B13,14/04/2026,Pradeep Singh,pradeep_singh@yahoo.com,7140914984,Arjun Nair,Meta Ads,57999,"19/04/2026, 05:08 PM",17100,Self Finance,Paid,
Apr-26,YT Referral,DA Meta Ads,FB,DA-B12,06/04/2026,Hemant Nair,hemant.nair@gmail.com,9921225472,Priya Sharma,Meta Ads,51999,"22/04/2026, 04:51 PM",21300,,Paid,
Apr-26,ADS,DA Meta Ads,FB,DA-B12,12/04/2026,Deepa Fernandes,deepa.fernandes@gmail.com,8216529636,Vikram Das,Meta Ads,56999,"08/04/2026, 09:09 AM",26700,Propelld,Pending,
Apr-26,ADS Referral,BA Search Ads,GADS,BA-B05,23/04/2026,Akash Reddy,akashreddy@hotmail.com,7133703411,Arjun Nair,Email,52999,"06/04/2026, 04:10 PM",12600,HDFC Credila,Paid,
Apr-26,YT,Gen AI Meta Ads,FB,GENAI-B03,27/04/2026,Esha Rao,esha.rao@hotmail.com,9771979528,Deepak Verma,Google Ads,76999,"22/04/2026, 09:18 AM",23200,Self Finance,Paid,
Apr-26,ADS Referral,DA Search Ads,GSN,DA-B13,03/04/2026,Sakshi Yadav,sakshiyadav483@outlook.com,8159107077,Ananya Joshi,Meta Ads,62999,"09/04/2026, 12:24 PM",16500,Propelld,Partial,
Apr-26,ADS Referral,DA Meta Ads,META,DA-B13,09/04/2026,Rohan Mehta,rohan_mehta@gmail.com,8036499958,Rahul Menon,Meta Ads,69999,"25/04/2026, 02:49 PM",28700,NBFC Direct,Paid,
Apr-26,ADS,DS Meta Ads,FB,DS-B08,22/04/2026,Bhavna Joshi,bhavna_joshi424@yahoo.com,6132698793,Arjun Nair,Meta Ads,65999,"28/04/2026, 05:30 PM",19700,Auxilo,Paid,
Apr-26,YT,Gen AI Meta Ads,META,GENAI-B03,30/04/2026,Jaya Menon,jaya.menon616@yahoo.com,9068729558,Meera Pillai,Google Ads,60999,"12/04/2026, 06:25 PM",29600,,Paid,
Apr-26,ADS Referral,Gen AI Meta Ads,META,GENAI-B03,13/04/2026,Tanvi Desai,tanvi_desai42@yahoo.com,8862417169,Kavya Reddy,Referral,68999,"28/04/2026, 05:59 PM",19800,Eduvanz,Paid,
Apr-26,ADS Referral,Gen AI Meta Ads,META,GENAI-B03,23/04/2026,Rahul Rajan,rahul_rajan@rediffmail.com,8620753592,Sneha Iyer,Google Ads,55999,"15/04/2026, 09:08 AM",11200,Eduvanz,Partial,
Apr-26,ADS,DS Meta Ads,META,DS-B10,25/04/2026,Anjali Menon,anjali_menon@yahoo.com,6389674084,Arjun Nair,YouTube,82999,"01/04/2026, 10:43 PM",34800,Self Finance,Paid,
Apr-26,ADS,CS Search Ads,GADS,CS-B04,30/04/2026,Chetan Mehta,chetanmehta162@yahoo.com,9311014527,Ananya Joshi,Google Ads,67999,"17/04/2026, 12:50 PM",23900,Self Finance,Paid,
Apr-26,YT,DA Search Ads,GADS,DA-B12,16/04/2026,Kavya Yadav,kavyayadav@rediffmail.com,6097068371,Priya Sharma,Google Ads,67999,"26/04/2026, 11:08 AM",25500,Propelld,Paid,
Apr-26,ADS,Gen AI Search Ads,SEM,GENAI-B04,07/04/2026,Harish Singh,harish_singh@gmail.com,6782024824,Meera Pillai,Google Ads,58999,"06/04/2026, 05:18 PM",15300,,Paid,
Apr-26,YT,Gen AI Search Ads,GADS,GENAI-B04,14/04/2026,Yash Yadav,yash_yadav@outlook.com,6463214391,Suresh Bhat,Meta Ads,58999,"30/04/2026, 01:00 PM",15800,Auxilo,Paid,
Apr-26,ADS Referral,DA Meta Ads,INST,DA-B13,01/04/2026,Vinay Mehta,vinay_mehta382@rediffmail.com,9942811113,Priya Sharma,Meta Ads,68999,"13/04/2026, 11:35 AM",25200,Self Finance,Paid,
Apr-26,ADS,DS Search Ads,SEM,DS-B09,18/04/2026,Nandini Rao,nandini.rao@outlook.com,6404506242,Arjun Nair,Google Ads,74999,"29/04/2026, 07:03 PM",36500,HDFC Credila,Partial,
Apr-26,ADS,BA Meta Ads,INST,BA-B06,14/04/2026,Akash Agarwal,akash_agarwal@hotmail.com,9919922713,Priya Sharma,YouTube,50999,"14/04/2026, 09:44 AM",20800,Eduvanz,Paid,
Apr-26,YT,Gen AI Meta Ads,META,GENAI-B03,22/04/2026,Vijay Varma,vijay.varma@hotmail.com,7288019349,Suresh Bhat,Organic,76999,"28/04/2026, 09:05 PM",31000,Self Finance,Partial,
Apr-26,ADS,Gen AI Search Ads,SEM,GENAI-B04,22/04/2026,Suresh Pandey,suresh.pandey336@rediffmail.com,7970354429,Sneha Iyer,Meta Ads,73999,"07/04/2026, 10:07 PM",20200,Eduvanz,Partial,
Apr-26,ADS,DS Search Ads,GSN,DS-B10,16/04/2026,Aarav Fernandes,aaravfernandes270@yahoo.com,7862024206,Suresh Bhat,Google Ads,82999,"27/04/2026, 09:37 PM",18800,Self Finance,Pending,
Apr-26,ADS,DM Meta Ads,META,DM-B07,18/04/2026,Pooja Chopra,pooja_chopra365@hotmail.com,9528672520,Meera Pillai,Meta Ads,41999,"05/04/2026, 09:11 AM",9800,Self Finance,Paid,
Apr-26,ADS,Gen AI Search Ads,GSN,GENAI-B03,07/04/2026,Sandeep Kumar,sandeep.kumar@yahoo.com,9888010192,Deepak Verma,Google Ads,56999,"22/04/2026, 04:49 PM",26200,Eduvanz,Partial,
Apr-26,ADS,DS Search Ads,GADS,DS-B08,28/04/2026,Rahul Fernandes,rahul_fernandes@gmail.com,6341577891,Ananya Joshi,Meta Ads,68999,"30/04/2026, 04:46 PM",31700,Propelld,Paid,
Apr-26,YT,Gen AI Meta Ads,FB,GENAI-B04,24/04/2026,Manish Tiwari,manishtiwari109@yahoo.com,8492131382,Sneha Iyer,Meta Ads,62999,"13/04/2026, 04:57 PM",19300,Self Finance,Partial,
Apr-26,YT,DA Meta Ads,META,DA-B13,30/04/2026,Anjali Rajan,anjali.rajan404@hotmail.com,6515729302,Rahul Menon,YouTube,55999,"08/04/2026, 04:34 PM",21800,Self Finance,Loan Disbursed,
Apr-26,ADS,Gen AI Search Ads,GSN,GENAI-B04,19/04/2026,Geeta Patel,geetapatel188@rediffmail.com,8875945358,Ananya Joshi,Organic,78999,"25/04/2026, 11:23 AM",22100,Self Finance,Paid,
Apr-26,YT,BA Search Ads,GSN,BA-B05,03/04/2026,Arjun Bose,arjunbose725@rediffmail.com,7273541302,Meera Pillai,Organic,55999,"19/04/2026, 09:59 AM",20000,Eduvanz,Partial,
Apr-26,ADS,CS Search Ads,GADS,CS-B04,27/04/2026,Sahil Ghosh,sahil.ghosh999@gmail.com,8561423404,Vikram Das,Meta Ads,52999,"25/04/2026, 04:54 PM",11500,Propelld,Partial,
Apr-26,YT,AI/ML Search Ads,GSN,AIML-B02,19/04/2026,Karan Pillai,karan_pillai680@yahoo.com,8597137349,Suresh Bhat,Google Ads,75999,"21/04/2026, 05:57 PM",33200,Self Finance,Refunded,
Apr-26,YT Referral,Gen AI Search Ads,GADS,GENAI-B04,06/04/2026,Harish Murthy,harish.murthy@outlook.com,8256263408,Suresh Bhat,Google Ads,58999,"11/04/2026, 06:43 PM",24300,Propelld,Pending,
Apr-26,YT,AI/ML Search Ads,SEM,AIML-B02,06/04/2026,Bhavna Verma,bhavnaverma938@gmail.com,7946013343,Ananya Joshi,YouTube,83999,"07/04/2026, 03:39 PM",25100,Self Finance,Paid,
Apr-26,ADS,AI/ML Search Ads,SEM,AIML-B03,28/04/2026,Meera Hegde,meerahegde@gmail.com,7767316364,Deepak Verma,Organic,85999,"20/04/2026, 06:25 PM",33600,HDFC Credila,Paid,
Apr-26,ADS Referral,DA Search Ads,SEM,DA-B12,20/04/2026,Sandeep Shetty,sandeepshetty@rediffmail.com,8967659731,Sneha Iyer,Email,53999,"02/04/2026, 03:14 PM",25200,Propelld,Pending,
Apr-26,ADS,CS Search Ads,GADS,CS-B04,20/04/2026,Nikhil Shetty,nikhil_shetty@yahoo.com,8826145809,Arjun Nair,Referral,62999,"01/04/2026, 03:47 PM",16200,Eduvanz,Paid,
Apr-26,ADS Referral,Gen AI Search Ads,GSN,GENAI-B04,23/04/2026,Karan Varma,karan_varma@yahoo.com,9351956574,Meera Pillai,Google Ads,74999,"21/04/2026, 09:59 PM",34100,Propelld,Partial,
Apr-26,YT,AI/ML Search Ads,GSN,AIML-B03,10/04/2026,Deepa Rajan,deeparajan673@rediffmail.com,9541377759,Kavya Reddy,Meta Ads,74999,"10/04/2026, 09:35 PM",20000,Self Finance,Paid,
Apr-26,YT,DA Search Ads,SEM,DA-B14,02/04/2026,Geeta Murthy,geeta_murthy@outlook.com,8807390489,Priya Sharma,Google Ads,55999,"28/04/2026, 03:24 PM",20400,Self Finance,Pending,
Apr-26,ADS Referral,DA Meta Ads,META,DA-B13,14/04/2026,Ishaan Yadav,ishaan_yadav@hotmail.com,7439764593,Priya Sharma,YouTube,61999,"01/04/2026, 05:49 PM",30300,Propelld,Pending,
Apr-26,YT Referral,DS Search Ads,GSN,DS-B08,15/04/2026,Varun Iyer,varuniyer@rediffmail.com,6643045414,Sneha Iyer,Google Ads,75999,"01/04/2026, 05:46 PM",32000,Propelld,Pending,
Apr-26,ADS,AI/ML Search Ads,GSN,AIML-B02,04/04/2026,Lakshmi Shah,lakshmi_shah312@rediffmail.com,6752301447,Priya Sharma,Meta Ads,72999,"14/04/2026, 06:46 PM",15700,Self Finance,Paid,
Apr-26,ADS,CS Search Ads,GSN,CS-B04,22/04/2026,Vinay Fernandes,vinay.fernandes@gmail.com,7274483760,Deepak Verma,YouTube,64999,"11/04/2026, 10:55 AM",23900,Eduvanz,Partial,
Apr-26,ADS Referral,DS Search Ads,GADS,DS-B10,22/04/2026,Kavya Shetty,kavya.shetty@rediffmail.com,8692539982,Arjun Nair,Organic,74999,"26/04/2026, 03:51 PM",30800,,Paid,
Apr-26,ADS Referral,CS Search Ads,GSN,CS-B04,23/04/2026,Ananya Mehta,ananya.mehta977@yahoo.com,9707137180,Rahul Menon,Google Ads,56999,"16/04/2026, 09:42 AM",14300,Self Finance,Paid,
Apr-26,YT,DA Search Ads,SEM,DA-B13,18/04/2026,Sahil Naidu,sahil.naidu@yahoo.com,9087869810,Rahul Menon,Meta Ads,55999,"30/04/2026, 07:44 PM",27500,HDFC Credila,Paid,
Apr-26,YT,BA Search Ads,GADS,BA-B06,15/04/2026,Ravi Pandey,ravi_pandey@hotmail.com,8202502128,Sneha Iyer,Google Ads,56999,"27/04/2026, 10:26 AM",12200,,Paid,
Apr-26,ADS,DM Meta Ads,INST,DM-B08,04/04/2026,Uday Patel,udaypatel249@outlook.com,9531649091,Sneha Iyer,Organic,37999,"26/04/2026, 04:31 PM",13400,Self Finance,Paid,
Apr-26,ADS,Gen AI Meta Ads,META,GENAI-B04,30/04/2026,Sonia Das,sonia.das55@rediffmail.com,8892821393,Sneha Iyer,Referral,77999,"05/04/2026, 04:24 PM",31300,,Paid,
Apr-26,YT,CS Search Ads,GADS,CS-B04,04/04/2026,Uday Yadav,udayyadav998@hotmail.com,9295876325,Priya Sharma,Organic,53999,"05/04/2026, 03:10 PM",20500,HDFC Credila,Paid,
Apr-26,YT,DA Search Ads,SEM,DA-B14,01/04/2026,Hemant Patel,hemantpatel@gmail.com,9789529575,Ananya Joshi,Meta Ads,67999,"21/04/2026, 10:45 AM",24900,Propelld,Paid,
Apr-26,ADS,DA Search Ads,GSN,DA-B14,21/04/2026,Sonia Rao,sonia.rao@gmail.com,7915837542,Arjun Nair,Google Ads,53999,"03/04/2026, 07:37 PM",16400,Self Finance,Pending,
Apr-26,ADS,CS Search Ads,GSN,CS-B05,20/04/2026,Yash Menon,yashmenon53@gmail.com,7351217570,Rahul Menon,Google Ads,64999,"07/04/2026, 11:18 AM",22800,Self Finance,Pending,
Apr-26,ADS,Gen AI Meta Ads,FB,GENAI-B03,02/04/2026,Bhavna Gupta,bhavna.gupta279@hotmail.com,6853638390,Meera Pillai,Referral,75999,"08/04/2026, 08:30 PM",15800,Eduvanz,Partial,
Apr-26,YT,DA Search Ads,SEM,DA-B12,29/04/2026,Arjun Patel,arjunpatel@yahoo.com,9369935155,Meera Pillai,Google Ads,57999,"02/04/2026, 10:32 PM",25400,Eduvanz,Loan Disbursed,16/04/2026
Apr-26,ADS,BA Meta Ads,INST,BA-B05,03/04/2026,Manish Pandey,manish_pandey@outlook.com,8152186774,Deepak Verma,Google Ads,57999,"09/04/2026, 07:42 PM",24500,Eduvanz,Loan Disbursed,07/04/2026
Apr-26,ADS Referral,DA Search Ads,SEM,DA-B13,18/04/2026,Divya Hegde,divya.hegde876@gmail.com,7519765630,Sneha Iyer,Meta Ads,66999,"28/04/2026, 07:13 PM",20900,HDFC Credila,Pending,
Apr-26,ADS,DM Meta Ads,FB,DM-B08,26/04/2026,Deepak Reddy,deepak.reddy908@yahoo.com,9938028130,Sneha Iyer,Google Ads,42999,"21/04/2026, 12:11 PM",9400,Self Finance,Pending,
Apr-26,ADS Referral,DS Meta Ads,META,DS-B08,13/04/2026,Rohit Rao,rohit_rao@hotmail.com,7680412218,Meera Pillai,Meta Ads,81999,"15/04/2026, 01:26 PM",38600,Propelld,Refunded,
Apr-26,ADS,Gen AI Search Ads,GSN,GENAI-B03,24/04/2026,Rohit Pandey,rohitpandey@hotmail.com,6946972575,Vikram Das,Google Ads,55999,"07/04/2026, 06:40 PM",27800,Self Finance,Pending,
Apr-26,ADS,DA Search Ads,GADS,DA-B13,22/04/2026,Nandini Agarwal,nandiniagarwal528@hotmail.com,9682400785,Arjun Nair,Organic,63999,"25/04/2026, 07:50 PM",24900,NBFC Direct,Paid,
Apr-26,ADS Referral,DS Meta Ads,FB,DS-B10,18/04/2026,Deepa Joshi,deepajoshi@hotmail.com,8611268749,Sneha Iyer,YouTube,72999,"24/04/2026, 02:01 PM",20600,Self Finance,Loan Disbursed,
Apr-26,ADS,DS Search Ads,GADS,DS-B08,26/04/2026,Pallavi Joshi,pallavijoshi@outlook.com,9410470600,Meera Pillai,Referral,61999,"24/04/2026, 06:04 PM",29100,Self Finance,Paid,
Apr-26,YT Referral,DA Search Ads,GADS,DA-B13,23/04/2026,Divya Singh,divya.singh@gmail.com,7735266128,Sneha Iyer,Organic,64999,"05/04/2026, 01:17 PM",29200,Auxilo,Refunded,
Apr-26,ADS Referral,DA Meta Ads,FB,DA-B12,20/04/2026,Pradeep Shetty,pradeep_shetty@yahoo.com,8098690146,Deepak Verma,Google Ads,65999,"01/04/2026, 12:57 PM",17800,Eduvanz,Partial,
Apr-26,ADS,DS Search Ads,SEM,DS-B09,27/04/2026,Aarav Kumar,aaravkumar129@hotmail.com,6345761969,Arjun Nair,Google Ads,61999,"22/04/2026, 01:56 PM",15600,Auxilo,Pending,
Apr-26,ADS Referral,Gen AI Meta Ads,META,GENAI-B04,23/04/2026,Chetan Desai,chetandesai@outlook.com,6597137670,Vikram Das,Google Ads,65999,"13/04/2026, 10:46 PM",17200,HDFC Credila,Paid,
Apr-26,ADS,DA Search Ads,GADS,DA-B12,24/04/2026,Kavya Iyer,kavyaiyer603@yahoo.com,8988966871,Deepak Verma,Google Ads,55999,"16/04/2026, 01:23 PM",18200,Self Finance,Loan Disbursed,
Apr-26,YT Referral,AI/ML Search Ads,SEM,AIML-B02,12/04/2026,Deepa Murthy,deepamurthy@outlook.com,9805116239,Arjun Nair,Email,75999,"07/04/2026, 09:41 AM",22600,Self Finance,Paid,
Apr-26,ADS Referral,BA Meta Ads,META,BA-B06,16/04/2026,Aditya Kumar,aditya_kumar742@hotmail.com,6334989139,Kavya Reddy,YouTube,47999,"20/04/2026, 09:23 AM",15300,,Paid,
Apr-26,YT,Gen AI Meta Ads,FB,GENAI-B04,12/04/2026,Uday Verma,uday_verma751@outlook.com,8425034241,Meera Pillai,Google Ads,65999,"29/04/2026, 11:21 AM",27200,Self Finance,Paid,
Apr-26,ADS Referral,DS Search Ads,GSN,DS-B10,23/04/2026,Shruti Pandey,shruti_pandey@hotmail.com,8261149105,Sneha Iyer,Meta Ads,64999,"23/04/2026, 03:26 PM",20400,NBFC Direct,Pending,
Apr-26,ADS,BA Search Ads,GADS,BA-B05,14/04/2026,Swati Mehta,swati_mehta782@outlook.com,9473462811,Sneha Iyer,Google Ads,54999,"02/04/2026, 01:22 PM",17100,Propelld,Loan Disbursed,02/04/2026
Apr-26,ADS Referral,DS Meta Ads,META,DS-B09,15/04/2026,Geeta Mehta,geeta.mehta698@gmail.com,8080107689,Priya Sharma,Referral,68999,"22/04/2026, 05:35 PM",23200,Self Finance,Loan Disbursed,
Apr-26,ADS,Gen AI Search Ads,GADS,GENAI-B04,19/04/2026,Deepak Varma,deepak.varma@yahoo.com,7290559270,Sneha Iyer,Referral,57999,"11/04/2026, 08:55 PM",22000,Self Finance,Paid,
Apr-26,ADS,BA Meta Ads,META,BA-B05,25/04/2026,Hemant Bose,hemant.bose534@outlook.com,9438966283,Suresh Bhat,Organic,56999,"26/04/2026, 05:42 PM",28400,Self Finance,Paid,
Apr-26,YT,AI/ML Search Ads,GSN,AIML-B03,09/04/2026,Vishal Shetty,vishal_shetty751@rediffmail.com,9895696645,Vikram Das,Google Ads,85999,"04/04/2026, 08:15 PM",31900,,Paid,
Apr-26,ADS,DM Meta Ads,FB,DM-B08,23/04/2026,Swati Mehta,swati_mehta34@hotmail.com,7882043655,Kavya Reddy,Google Ads,36999,"23/04/2026, 04:55 PM",7800,Propelld,Loan Disbursed,23/04/2026
Apr-26,ADS,DS Meta Ads,FB,DS-B09,14/04/2026,Nandini Menon,nandinimenon659@outlook.com,9059877930,Ananya Joshi,Google Ads,61999,"28/04/2026, 06:44 PM",16000,Auxilo,Loan Disbursed,21/04/2026
Apr-26,ADS,DS Search Ads,GADS,DS-B09,03/04/2026,Rahul Agarwal,rahul.agarwal841@yahoo.com,8210673966,Sneha Iyer,YouTube,64999,"15/04/2026, 11:43 AM",13800,Self Finance,Paid,
Apr-26,YT,DM Meta Ads,FB,DM-B07,03/04/2026,Bhavna Rao,bhavnarao406@hotmail.com,8941662069,Deepak Verma,YouTube,44999,"13/04/2026, 11:05 AM",10700,Eduvanz,Paid,
Apr-26,YT,DA Search Ads,SEM,DA-B14,17/04/2026,Sonia Agarwal,soniaagarwal@hotmail.com,7894818356,Vikram Das,Referral,67999,"12/04/2026, 11:27 AM",27800,Auxilo,Pending,
Apr-26,YT,DA Meta Ads,META,DA-B13,05/04/2026,Vijay Menon,vijaymenon53@rediffmail.com,8532528457,Ananya Joshi,Organic,52999,"20/04/2026, 02:45 PM",16200,Self Finance,Pending,
Apr-26,ADS,DS Meta Ads,FB,DS-B09,09/04/2026,Nandini Desai,nandinidesai362@outlook.com,8498015677,Arjun Nair,Meta Ads,83999,"10/04/2026, 08:08 PM",31000,HDFC Credila,Pending,
Apr-26,ADS,DS Search Ads,GADS,DS-B08,21/04/2026,Ananya Yadav,ananya_yadav@outlook.com,8372191211,Rahul Menon,Google Ads,62999,"19/04/2026, 06:00 PM",20100,Eduvanz,Paid,
Apr-26,ADS,DM Meta Ads,INST,DM-B07,15/04/2026,Pallavi Gupta,pallavigupta@rediffmail.com,6984182994,Kavya Reddy,Meta Ads,46999,"12/04/2026, 03:48 PM",20000,Self Finance,Paid,
Apr-26,YT,DA Meta Ads,META,DA-B13,27/04/2026,Pooja Kapoor,pooja.kapoor589@rediffmail.com,7503978717,Sneha Iyer,Google Ads,63999,"20/04/2026, 07:47 PM",23700,Eduvanz,Paid,
Apr-26,ADS,DA Search Ads,GSN,DA-B12,11/04/2026,Kiran Jain,kiranjain@hotmail.com,8173464703,Meera Pillai,Google Ads,66999,"18/04/2026, 06:07 PM",27400,,Paid,
Apr-26,ADS Referral,AI/ML Search Ads,SEM,AIML-B03,21/04/2026,Sandeep Shah,sandeepshah176@hotmail.com,6572909950,Kavya Reddy,Email,66999,"21/04/2026, 03:39 PM",17100,Self Finance,Paid,
Apr-26,ADS Referral,DM Meta Ads,FB,DM-B08,23/04/2026,Lakshmi Naidu,lakshminaidu432@rediffmail.com,7332985280,Kavya Reddy,WhatsApp,45999,"04/04/2026, 10:59 PM",15900,,Paid,
Apr-26,YT,DA Meta Ads,FB,DA-B14,11/04/2026,Deepa Singh,deepa.singh@rediffmail.com,6237991204,Arjun Nair,Google Ads,54999,"10/04/2026, 05:18 PM",16900,,Partial,
Apr-26,YT,CS Search Ads,GSN,CS-B05,20/04/2026,Kritika Pandey,kritikapandey785@yahoo.com,6833197161,Vikram Das,Meta Ads,50999,"17/04/2026, 09:29 PM",12100,Self Finance,Pending,
Apr-26,ADS Referral,AI/ML Search Ads,SEM,AIML-B03,20/04/2026,Aditya Menon,adityamenon619@outlook.com,9417488695,Deepak Verma,Email,85999,"18/04/2026, 10:19 PM",32500,HDFC Credila,Partial,
Apr-26,ADS Referral,DM Meta Ads,FB,DM-B08,28/04/2026,Nandini Rajan,nandini_rajan52@rediffmail.com,9270855506,Priya Sharma,Google Ads,42999,"28/04/2026, 04:15 PM",15100,Self Finance,Paid,
Apr-26,YT,BA Meta Ads,META,BA-B05,11/04/2026,Kiran Verma,kiran.verma@gmail.com,8697667003,Vikram Das,Email,57999,"04/04/2026, 10:50 AM",16600,Self Finance,Pending,
Apr-26,YT,AI/ML Search Ads,GSN,AIML-B02,21/04/2026,Suresh Patel,suresh.patel@gmail.com,9854578005,Sneha Iyer,Google Ads,80999,"15/04/2026, 01:56 PM",21500,Self Finance,Loan Disbursed,
Apr-26,YT Referral,DS Search Ads,SEM,DS-B08,03/04/2026,Jaya Yadav,jaya.yadav@hotmail.com,7400674070,Sneha Iyer,Meta Ads,74999,"30/04/2026, 10:18 PM",32100,Self Finance,Pending,
Apr-26,YT,DM Meta Ads,META,DM-B08,19/04/2026,Tanvi Desai,tanvi_desai749@rediffmail.com,7526927838,Suresh Bhat,YouTube,35999,"30/04/2026, 02:11 PM",14200,Propelld,Paid,
Apr-26,YT,DS Meta Ads,META,DS-B10,28/04/2026,Suresh Kumar,suresh_kumar425@gmail.com,9785218521,Sneha Iyer,Organic,74999,"29/04/2026, 05:27 PM",17800,HDFC Credila,Partial,
Apr-26,ADS,Gen AI Meta Ads,META,GENAI-B03,24/04/2026,Aarav Fernandes,aaravfernandes@hotmail.com,8661231971,Meera Pillai,YouTube,63999,"12/04/2026, 06:31 PM",27900,Self Finance,Partial,
Apr-26,YT Referral,DA Search Ads,GSN,DA-B14,26/04/2026,Swati Tiwari,swati.tiwari973@yahoo.com,6581527005,Deepak Verma,Google Ads,65999,"23/04/2026, 05:00 PM",13300,,Paid,
Apr-26,ADS Referral,DS Search Ads,GSN,DS-B08,20/04/2026,Jaya Reddy,jaya.reddy696@gmail.com,8175983048,Rahul Menon,Organic,74999,"17/04/2026, 11:42 AM",35100,Self Finance,Partial,
Apr-26,ADS,Gen AI Meta Ads,META,GENAI-B04,04/04/2026,Pallavi Menon,pallavi_menon93@rediffmail.com,7094748506,Deepak Verma,Meta Ads,64999,"19/04/2026, 07:13 PM",16700,Propelld,Partial,
Apr-26,ADS,CS Search Ads,GSN,CS-B05,11/04/2026,Sneha Yadav,snehayadav@outlook.com,7752857676,Rahul Menon,Google Ads,56999,"05/04/2026, 07:12 PM",22100,Self Finance,Paid,
Apr-26,ADS,Gen AI Meta Ads,META,GENAI-B04,07/04/2026,Geeta Chopra,geetachopra@rediffmail.com,9930068516,Rahul Menon,YouTube,76999,"10/04/2026, 02:39 PM",27000,Auxilo,Loan Disbursed,15/04/2026
Apr-26,YT Referral,AI/ML Search Ads,SEM,AIML-B02,05/04/2026,Esha Jain,eshajain805@gmail.com,7380797520,Deepak Verma,Email,74999,"21/04/2026, 10:11 PM",27700,Auxilo,Paid,
Apr-26,ADS,Gen AI Meta Ads,META,GENAI-B03,27/04/2026,Lakshmi Murthy,lakshmi_murthy909@hotmail.com,9274081289,Arjun Nair,Meta Ads,79999,"06/04/2026, 08:33 PM",36000,,Paid,
Apr-26,ADS,BA Meta Ads,INST,BA-B06,23/04/2026,Deepak Chopra,deepak_chopra@gmail.com,9760068317,Rahul Menon,Google Ads,48999,"15/04/2026, 06:05 PM",13600,Eduvanz,Partial,
Apr-26,YT,DS Meta Ads,FB,DS-B10,26/04/2026,Rahul Gupta,rahul_gupta13@gmail.com,6158048054,Sneha Iyer,Meta Ads,75999,"16/04/2026, 04:18 PM",31200,HDFC Credila,Partial,
Apr-26,ADS,DS Search Ads,SEM,DS-B08,02/04/2026,Arjun Rao,arjunrao@rediffmail.com,7556712029,Meera Pillai,YouTube,67999,"26/04/2026, 10:49 PM",14600,Propelld,Paid,
Apr-26,YT,CS Search Ads,GADS,CS-B04,08/04/2026,Rahul Agarwal,rahulagarwal@gmail.com,9210143682,Sneha Iyer,Meta Ads,68999,"09/04/2026, 09:04 PM",33000,NBFC Direct,Paid,
Apr-26,YT,DM Meta Ads,META,DM-B08,06/04/2026,Aarav Mehta,aarav_mehta43@outlook.com,9575396738,Suresh Bhat,Referral,40999,"20/04/2026, 02:21 PM",11000,Auxilo,Loan Disbursed,19/04/2026
Apr-26,YT,DA Search Ads,GADS,DA-B14,16/04/2026,Geeta Jain,geeta.jain@gmail.com,8875359601,Priya Sharma,Referral,54999,"20/04/2026, 03:22 PM",19400,Self Finance,Paid,
Apr-26,YT,DS Search Ads,SEM,DS-B10,12/04/2026,Kiran Ghosh,kiran.ghosh459@yahoo.com,8481581364,Rahul Menon,Meta Ads,78999,"21/04/2026, 04:31 PM",30200,Auxilo,Paid,
Apr-26,ADS,BA Meta Ads,META,BA-B06,04/04/2026,Vinay Das,vinay.das@rediffmail.com,8745483595,Ananya Joshi,Google Ads,57999,"21/04/2026, 10:14 PM",23100,Eduvanz,Paid,
Apr-26,ADS Referral,DA Meta Ads,INST,DA-B13,21/04/2026,Dhruv Murthy,dhruv.murthy@rediffmail.com,6506515298,Rahul Menon,Referral,55999,"06/04/2026, 12:39 PM",13700,HDFC Credila,Paid,
Apr-26,ADS,BA Meta Ads,INST,BA-B05,22/04/2026,Nikhil Chopra,nikhilchopra387@hotmail.com,8564661920,Suresh Bhat,Organic,45999,"16/04/2026, 06:33 PM",20900,Propelld,Pending,
Apr-26,ADS,AI/ML Search Ads,SEM,AIML-B03,03/04/2026,Ananya Agarwal,ananyaagarwal196@rediffmail.com,8041537438,Deepak Verma,Meta Ads,66999,"08/04/2026, 11:03 AM",32900,Auxilo,Pending,
Apr-26,YT Referral,DS Search Ads,GSN,DS-B08,23/04/2026,Sandeep Kumar,sandeepkumar138@gmail.com,9215880503,Rahul Menon,Google Ads,68999,"21/04/2026, 10:02 AM",19200,Auxilo,Partial,
Apr-26,ADS Referral,DM Meta Ads,INST,DM-B08,11/04/2026,Akash Reddy,akashreddy221@rediffmail.com,8649361986,Vikram Das,YouTube,48999,"23/04/2026, 04:12 PM",10700,Eduvanz,Loan Disbursed,08/04/2026
Apr-26,ADS,AI/ML Search Ads,SEM,AIML-B02,16/04/2026,Deepa Agarwal,deepa_agarwal@yahoo.com,8024746450,Vikram Das,YouTube,74999,"13/04/2026, 10:55 PM",20900,Auxilo,Pending,
Apr-26,ADS,Gen AI Search Ads,GSN,GENAI-B04,07/04/2026,Shruti Gupta,shrutigupta@rediffmail.com,6193304862,Meera Pillai,Referral,75999,"12/04/2026, 11:55 AM",27600,Self Finance,Paid,
Apr-26,ADS,DS Search Ads,SEM,DS-B10,20/04/2026,Rohan Patel,rohan_patel856@hotmail.com,7165503902,Suresh Bhat,Organic,65999,"01/04/2026, 09:35 PM",13800,Self Finance,Refunded,
Apr-26,ADS,BA Search Ads,GADS,BA-B06,30/04/2026,Hemant Sharma,hemant.sharma53@hotmail.com,7406185569,Suresh Bhat,Meta Ads,49999,"25/04/2026, 09:18 PM",10900,Propelld,Loan Disbursed,10/04/2026
Apr-26,ADS Referral,DA Search Ads,GADS,DA-B12,12/04/2026,Karan Reddy,karan.reddy87@outlook.com,8347804364,Suresh Bhat,Google Ads,58999,"25/04/2026, 06:57 PM",29200,Propelld,Partial,
Apr-26,ADS Referral,Gen AI Meta Ads,FB,GENAI-B03,29/04/2026,Suresh Kumar,sureshkumar@yahoo.com,6501180365,Rahul Menon,Organic,68999,"05/04/2026, 10:15 PM",25600,,Loan Disbursed,
Apr-26,ADS,Gen AI Search Ads,GADS,GENAI-B04,07/04/2026,Ishaan Murthy,ishaan_murthy@rediffmail.com,9991642183,Arjun Nair,Organic,74999,"13/04/2026, 08:52 PM",19400,,Paid,
Apr-26,YT,CS Search Ads,GADS,CS-B04,26/04/2026,Kiran Patel,kiran_patel@outlook.com,6493994166,Sneha Iyer,YouTube,58999,"01/04/2026, 02:53 PM",28500,NBFC Direct,Paid,
Apr-26,ADS,DA Meta Ads,FB,DA-B14,18/04/2026,Kritika Chopra,kritika_chopra@outlook.com,6869205889,Meera Pillai,Google Ads,66999,"10/04/2026, 05:33 PM",25300,,Paid,
Apr-26,ADS,Gen AI Meta Ads,FB,GENAI-B03,27/04/2026,Meera Rajan,meerarajan@hotmail.com,6138522105,Sneha Iyer,Meta Ads,66999,"17/04/2026, 12:45 PM",20400,Self Finance,Paid,
Apr-26,ADS,DM Meta Ads,FB,DM-B07,25/04/2026,Pooja Chopra,pooja_chopra@gmail.com,6827489228,Ananya Joshi,Meta Ads,37999,"05/04/2026, 05:16 PM",17900,Eduvanz,Loan Disbursed,11/04/2026
Apr-26,ADS,DA Search Ads,GADS,DA-B14,11/04/2026,Geeta Tiwari,geeta_tiwari908@hotmail.com,9198593780,Priya Sharma,Google Ads,69999,"15/04/2026, 10:09 PM",29300,Self Finance,Refunded,
Apr-26,YT,DA Meta Ads,INST,DA-B13,26/04/2026,Yash Kapoor,yashkapoor@rediffmail.com,9256659049,Rahul Menon,Organic,57999,"24/04/2026, 11:26 AM",17800,Propelld,Pending,
Apr-26,ADS,Gen AI Search Ads,SEM,GENAI-B04,03/04/2026,Meera Shetty,meera.shetty423@yahoo.com,9062210858,Vikram Das,YouTube,66999,"19/04/2026, 06:00 PM",17400,Self Finance,Paid,
Apr-26,ADS,DA Search Ads,SEM,DA-B14,24/04/2026,Arjun Reddy,arjunreddy881@rediffmail.com,9339632158,Arjun Nair,Google Ads,54999,"12/04/2026, 12:23 PM",26800,Self Finance,Loan Disbursed,
Apr-26,ADS,DA Search Ads,GSN,DA-B13,22/04/2026,Akash Kumar,akashkumar@yahoo.com,8268033906,Deepak Verma,YouTube,62999,"19/04/2026, 08:33 PM",24500,Self Finance,Paid,
Apr-26,YT Referral,DA Search Ads,GSN,DA-B14,21/04/2026,Priya Reddy,priyareddy87@gmail.com,7188491344,Rahul Menon,Google Ads,50999,"17/04/2026, 10:10 PM",18500,HDFC Credila,Refunded,
Apr-26,ADS,BA Search Ads,GADS,BA-B06,15/04/2026,Kavya Pandey,kavyapandey@gmail.com,8034398270,Deepak Verma,Google Ads,59999,"22/04/2026, 09:17 PM",29200,Eduvanz,Loan Disbursed,19/04/2026
Apr-26,ADS,DA Search Ads,GSN,DA-B13,18/04/2026,Vishal Mehta,vishal_mehta@yahoo.com,7750219011,Meera Pillai,Meta Ads,58999,"13/04/2026, 11:47 AM",15600,Propelld,Paid,
Apr-26,ADS Referral,CS Search Ads,GADS,CS-B05,16/04/2026,Vishal Hegde,vishalhegde309@outlook.com,7182863162,Kavya Reddy,Meta Ads,68999,"04/04/2026, 05:05 PM",14900,Self Finance,Partial,
Apr-26,YT,DS Meta Ads,META,DS-B10,04/04/2026,Vishal Hegde,vishalhegde@outlook.com,7305149735,Ananya Joshi,YouTube,63999,"20/04/2026, 07:12 PM",30500,Propelld,Paid,
Apr-26,ADS,Gen AI Meta Ads,FB,GENAI-B03,16/04/2026,Priya Rajan,priyarajan@gmail.com,7229724583,Suresh Bhat,Google Ads,78999,"30/04/2026, 04:50 PM",16700,Self Finance,Loan Disbursed,
Apr-26,YT Referral,CS Search Ads,GSN,CS-B05,19/04/2026,Mohit Kumar,mohit.kumar274@outlook.com,8386124315,Meera Pillai,YouTube,50999,"12/04/2026, 06:59 PM",21100,Self Finance,Partial,
Apr-26,ADS,CS Search Ads,GADS,CS-B04,20/04/2026,Arjun Rao,arjun_rao61@yahoo.com,9971239797,Meera Pillai,Google Ads,54999,"15/04/2026, 10:19 PM",18900,HDFC Credila,Refunded,
Apr-26,ADS,Gen AI Search Ads,GADS,GENAI-B04,13/04/2026,Kiran Rajan,kiranrajan812@yahoo.com,6225029533,Kavya Reddy,Meta Ads,72999,"02/04/2026, 11:34 AM",21600,Self Finance,Paid,
Apr-26,ADS,DS Meta Ads,META,DS-B10,21/04/2026,Deepak Bose,deepak.bose823@gmail.com,6291726365,Arjun Nair,Google Ads,74999,"03/04/2026, 08:03 PM",34100,Propelld,Pending,
Apr-26,ADS,DM Meta Ads,INST,DM-B07,12/04/2026,Sandeep Agarwal,sandeepagarwal258@gmail.com,7152904080,Vikram Das,YouTube,37999,"09/04/2026, 05:30 PM",15600,Self Finance,Paid,
Apr-26,ADS,DM Meta Ads,FB,DM-B07,27/04/2026,Sandeep Yadav,sandeepyadav@hotmail.com,7519907916,Rahul Menon,Google Ads,43999,"29/04/2026, 12:43 PM",9900,Self Finance,Paid,
Apr-26,ADS Referral,Gen AI Meta Ads,FB,GENAI-B03,06/04/2026,Esha Rao,esharao861@hotmail.com,7257962528,Ananya Joshi,Organic,55999,"14/04/2026, 12:52 PM",21000,Self Finance,Paid,
Apr-26,YT Referral,DS Meta Ads,FB,DS-B08,28/04/2026,Karan Kapoor,karan.kapoor@hotmail.com,6105144438,Rahul Menon,YouTube,77999,"01/04/2026, 09:12 AM",36700,Eduvanz,Partial,
Apr-26,YT Referral,DA Search Ads,SEM,DA-B12,19/04/2026,Vishal Hegde,vishal.hegde136@rediffmail.com,6540646666,Arjun Nair,Meta Ads,64999,"27/04/2026, 05:42 PM",19800,Eduvanz,Paid,
Apr-26,YT,Gen AI Search Ads,SEM,GENAI-B03,25/04/2026,Swati Agarwal,swati.agarwal@rediffmail.com,9194561067,Arjun Nair,Meta Ads,57999,"01/04/2026, 05:50 PM",19200,Self Finance,Paid,
Apr-26,YT,DA Meta Ads,INST,DA-B12,15/04/2026,Ananya Nair,ananya_nair58@yahoo.com,9616702187,Suresh Bhat,Google Ads,61999,"03/04/2026, 02:39 PM",21900,Auxilo,Pending,
Apr-26,ADS,DS Search Ads,SEM,DS-B10,14/04/2026,Priya Pillai,priya_pillai371@rediffmail.com,9993804832,Ananya Joshi,Organic,80999,"02/04/2026, 04:18 PM",18300,Self Finance,Paid,
Apr-26,YT,DA Meta Ads,INST,DA-B12,20/04/2026,Shruti Tiwari,shruti.tiwari@rediffmail.com,6535029335,Ananya Joshi,Meta Ads,60999,"27/04/2026, 01:07 PM",26200,Self Finance,Refunded,
Apr-26,ADS Referral,CS Search Ads,GADS,CS-B04,24/04/2026,Amit Chopra,amit.chopra@gmail.com,7605606875,Meera Pillai,YouTube,54999,"16/04/2026, 10:41 AM",14200,,Paid,
Apr-26,ADS,AI/ML Search Ads,SEM,AIML-B02,20/04/2026,Deepa Desai,deepa.desai@yahoo.com,8078641904,Arjun Nair,Organic,65999,"01/04/2026, 10:40 AM",32300,Self Finance,Paid,
Apr-26,YT,DA Meta Ads,FB,DA-B12,19/04/2026,Rohit Joshi,rohitjoshi@gmail.com,8020590034,Arjun Nair,Organic,58999,"29/04/2026, 01:14 PM",15300,,Pending,
Apr-26,ADS,DM Meta Ads,INST,DM-B08,10/04/2026,Akash Murthy,akash.murthy96@gmail.com,6781223095,Kavya Reddy,Referral,46999,"08/04/2026, 08:08 PM",19100,HDFC Credila,Pending,
Apr-26,YT,DS Search Ads,GSN,DS-B08,13/04/2026,Anjali Gupta,anjali_gupta744@gmail.com,8891608025,Meera Pillai,WhatsApp,67999,"21/04/2026, 08:15 PM",15000,Propelld,Partial,
Apr-26,ADS Referral,DM Meta Ads,FB,DM-B07,14/04/2026,Nikhil Rao,nikhil.rao277@rediffmail.com,7074895764,Meera Pillai,WhatsApp,36999,"03/04/2026, 10:49 AM",9700,Propelld,Paid,
Apr-26,ADS Referral,DS Search Ads,GSN,DS-B08,07/04/2026,Ananya Fernandes,ananya_fernandes@rediffmail.com,6651559970,Suresh Bhat,Referral,82999,"19/04/2026, 09:55 PM",38000,Auxilo,Partial,
Apr-26,ADS,DA Meta Ads,META,DA-B13,01/04/2026,Sakshi Rajan,sakshi.rajan803@hotmail.com,9485706156,Deepak Verma,Meta Ads,61999,"02/04/2026, 05:54 PM",20500,Propelld,Partial,
Apr-26,ADS,BA Meta Ads,META,BA-B05,15/04/2026,Jaya Shetty,jaya_shetty@hotmail.com,8519647485,Rahul Menon,Google Ads,50999,"04/04/2026, 03:20 PM",16400,Self Finance,Loan Disbursed,
Apr-26,ADS Referral,Gen AI Meta Ads,FB,GENAI-B04,17/04/2026,Pooja Pandey,pooja.pandey444@yahoo.com,7272016606,Ananya Joshi,Meta Ads,61999,"28/04/2026, 07:42 PM",16400,,Partial,
Apr-26,YT,Gen AI Search Ads,SEM,GENAI-B03,16/04/2026,Arjun Iyer,arjuniyer859@gmail.com,9884314605,Priya Sharma,WhatsApp,72999,"27/04/2026, 10:33 PM",20700,Self Finance,Pending,
Apr-26,YT,DA Meta Ads,INST,DA-B12,24/04/2026,Akash Verma,akash_verma327@gmail.com,8691247684,Meera Pillai,Organic,63999,"20/04/2026, 12:30 PM",13800,Auxilo,Paid,
Apr-26,YT,Gen AI Search Ads,GSN,GENAI-B04,11/04/2026,Aryan Iyer,aryaniyer299@rediffmail.com,8445756977,Rahul Menon,YouTube,64999,"07/04/2026, 09:37 PM",30100,Self Finance,Pending,
Apr-26,YT,DS Meta Ads,META,DS-B08,16/04/2026,Shruti Mehta,shruti_mehta56@rediffmail.com,7777790542,Suresh Bhat,Meta Ads,75999,"12/04/2026, 04:42 PM",15400,Self Finance,Paid,
Apr-26,ADS,AI/ML Search Ads,SEM,AIML-B03,21/04/2026,Sandeep Jain,sandeep_jain136@yahoo.com,9745302274,Rahul Menon,Google Ads,84999,"15/04/2026, 05:33 PM",34600,Auxilo,Paid,
Apr-26,ADS,DA Search Ads,GSN,DA-B14,22/04/2026,Swati Jain,swatijain718@hotmail.com,6079635661,Priya Sharma,YouTube,62999,"18/04/2026, 10:21 AM",29000,Eduvanz,Partial,
Apr-26,YT,DS Meta Ads,FB,DS-B08,19/04/2026,Meera Shah,meerashah@outlook.com,8924348968,Suresh Bhat,Meta Ads,73999,"11/04/2026, 05:13 PM",29300,Propelld,Paid,
Apr-26,YT,DS Meta Ads,FB,DS-B09,26/04/2026,Pooja Kumar,pooja.kumar@rediffmail.com,9118273846,Ananya Joshi,WhatsApp,80999,"01/04/2026, 02:56 PM",39400,Propelld,Pending,
Apr-26,ADS,DS Meta Ads,META,DS-B10,30/04/2026,Rohit Agarwal,rohit.agarwal@outlook.com,9379492180,Arjun Nair,Referral,76999,"30/04/2026, 12:30 PM",26700,Self Finance,Pending,
Apr-26,ADS Referral,CS Search Ads,GADS,CS-B05,17/04/2026,Priya Jain,priya_jain@hotmail.com,6419437210,Ananya Joshi,Google Ads,59999,"03/04/2026, 05:48 PM",26600,Self Finance,Paid,
Apr-26,YT,BA Meta Ads,META,BA-B05,30/04/2026,Sakshi Patel,sakshi_patel107@gmail.com,6868450295,Ananya Joshi,Referral,50999,"23/04/2026, 07:23 PM",22800,Self Finance,Paid,
Apr-26,YT Referral,BA Search Ads,GADS,BA-B05,22/04/2026,Rohit Murthy,rohit.murthy105@outlook.com,6929721858,Meera Pillai,Referral,53999,"24/04/2026, 08:15 PM",20600,Self Finance,Loan Disbursed,
Apr-26,ADS,BA Search Ads,GADS,BA-B05,02/04/2026,Swati Bose,swati_bose@gmail.com,9670868088,Vikram Das,Referral,47999,"13/04/2026, 11:13 AM",16400,Self Finance,Pending,
Apr-26,YT,DA Meta Ads,INST,DA-B12,20/04/2026,Sandeep Hegde,sandeep_hegde@rediffmail.com,9148420573,Meera Pillai,Meta Ads,65999,"19/04/2026, 07:26 PM",29900,Eduvanz,Paid,
Apr-26,YT,DA Search Ads,SEM,DA-B14,20/04/2026,Akash Patel,akash_patel@gmail.com,8823209345,Suresh Bhat,Google Ads,69999,"20/04/2026, 02:44 PM",18500,,Partial,
Apr-26,YT,AI/ML Search Ads,GSN,AIML-B03,29/04/2026,Anjali Nair,anjali_nair70@hotmail.com,7966626298,Deepak Verma,Google Ads,72999,"10/04/2026, 07:07 PM",20900,HDFC Credila,Paid,
Apr-26,ADS,DM Meta Ads,META,DM-B07,11/04/2026,Lakshmi Rao,lakshmirao992@yahoo.com,7041232067,Sneha Iyer,Google Ads,44999,"22/04/2026, 02:20 PM",11700,Self Finance,Paid,
Apr-26,ADS,DM Meta Ads,INST,DM-B07,26/04/2026,Priya Nair,priyanair@hotmail.com,7298158214,Meera Pillai,Meta Ads,48999,"20/04/2026, 03:49 PM",17200,Auxilo,Partial,
Apr-26,YT Referral,DS Search Ads,GADS,DS-B10,13/04/2026,Shruti Bose,shruti_bose703@outlook.com,7109882143,Kavya Reddy,YouTube,75999,"09/04/2026, 04:29 PM",19900,,Partial,
Apr-26,YT,CS Search Ads,GSN,CS-B05,01/04/2026,Aarav Ghosh,aaravghosh@hotmail.com,8214470387,Meera Pillai,Google Ads,53999,"15/04/2026, 04:22 PM",13700,Auxilo,Paid,
Apr-26,ADS,DA Search Ads,SEM,DA-B13,11/04/2026,Aditya Patel,adityapatel@rediffmail.com,9987349051,Sneha Iyer,YouTube,59999,"10/04/2026, 12:17 PM",24500,HDFC Credila,Pending,
Apr-26,ADS,BA Search Ads,GADS,BA-B06,10/04/2026,Dhruv Singh,dhruv.singh@rediffmail.com,8934920213,Vikram Das,Organic,54999,"08/04/2026, 10:37 PM",23800,Self Finance,Paid,
Apr-26,ADS Referral,BA Meta Ads,INST,BA-B05,30/04/2026,Uday Reddy,uday_reddy@outlook.com,8381841767,Priya Sharma,YouTube,56999,"20/04/2026, 02:57 PM",25300,HDFC Credila,Pending,
Apr-26,YT Referral,Gen AI Search Ads,GSN,GENAI-B04,10/04/2026,Kritika Hegde,kritikahegde@rediffmail.com,9645851281,Sneha Iyer,Referral,69999,"22/04/2026, 05:43 PM",17600,,Paid,
Apr-26,ADS,Gen AI Meta Ads,FB,GENAI-B04,09/04/2026,Varun Varma,varun_varma2@outlook.com,9908448462,Ananya Joshi,Google Ads,74999,"15/04/2026, 08:27 PM",33500,HDFC Credila,Paid,
Apr-26,YT Referral,BA Search Ads,GADS,BA-B06,13/04/2026,Rohan Agarwal,rohanagarwal469@hotmail.com,8596474882,Kavya Reddy,YouTube,55999,"25/04/2026, 06:40 PM",24800,Eduvanz,Paid,
Apr-26,YT Referral,DA Meta Ads,FB,DA-B12,15/04/2026,Rahul Pillai,rahulpillai515@yahoo.com,8805006388,Vikram Das,Meta Ads,54999,"15/04/2026, 09:50 PM",27100,Self Finance,Partial,
Apr-26,YT,DS Search Ads,GSN,DS-B10,19/04/2026,Yash Sharma,yash.sharma@yahoo.com,6851710257,Sneha Iyer,Meta Ads,82999,"22/04/2026, 06:19 PM",23700,Auxilo,Partial,
Apr-26,YT,AI/ML Search Ads,SEM,AIML-B03,30/04/2026,Priya Chopra,priyachopra368@yahoo.com,6012501925,Meera Pillai,Google Ads,72999,"12/04/2026, 05:21 PM",27200,,Partial,
Apr-26,ADS Referral,Gen AI Search Ads,GSN,GENAI-B04,12/04/2026,Aarav Ghosh,aarav.ghosh290@outlook.com,7107692297,Sneha Iyer,WhatsApp,65999,"16/04/2026, 09:32 AM",33000,HDFC Credila,Paid,
Apr-26,YT,CS Search Ads,GSN,CS-B05,06/04/2026,Rohan Tiwari,rohan.tiwari@yahoo.com,9872556960,Sneha Iyer,Meta Ads,56999,"24/04/2026, 09:56 PM",25000,Eduvanz,Partial,
Apr-26,ADS,BA Meta Ads,META,BA-B06,27/04/2026,Esha Verma,esha.verma@hotmail.com,6550625244,Kavya Reddy,Google Ads,46999,"15/04/2026, 09:07 PM",22400,Propelld,Partial,
Apr-26,ADS,BA Search Ads,GADS,BA-B06,01/04/2026,Varun Varma,varun_varma@yahoo.com,9648597178,Priya Sharma,YouTube,52999,"13/04/2026, 09:41 AM",15300,HDFC Credila,Paid,
Apr-26,ADS Referral,DM Meta Ads,INST,DM-B07,29/04/2026,Rohan Pillai,rohan_pillai243@outlook.com,8048595023,Sneha Iyer,Organic,40999,"12/04/2026, 12:35 PM",11600,Self Finance,Paid,
Apr-26,YT,DA Meta Ads,META,DA-B13,12/04/2026,Sonia Reddy,sonia.reddy131@gmail.com,7873492698,Priya Sharma,Meta Ads,53999,"23/04/2026, 10:31 AM",24400,,Partial,
Apr-26,ADS,Gen AI Meta Ads,FB,GENAI-B03,27/04/2026,Esha Varma,esha_varma@gmail.com,9091018105,Sneha Iyer,Google Ads,79999,"15/04/2026, 02:16 PM",21800,Auxilo,Paid,
Apr-26,YT,DS Meta Ads,META,DS-B09,15/04/2026,Priya Kapoor,priya.kapoor815@yahoo.com,6384231535,Rahul Menon,Referral,69999,"21/04/2026, 05:51 PM",25300,Self Finance,Paid,
Apr-26,ADS,DS Search Ads,GADS,DS-B08,08/04/2026,Divya Shah,divya_shah650@gmail.com,7900463637,Arjun Nair,Email,67999,"07/04/2026, 01:48 PM",33200,,Loan Disbursed,
Apr-26,YT,AI/ML Search Ads,GSN,AIML-B03,15/04/2026,Meera Fernandes,meera.fernandes445@gmail.com,6996148525,Deepak Verma,Google Ads,66999,"16/04/2026, 09:10 AM",18100,Auxilo,Partial,
Apr-26,YT,DA Search Ads,SEM,DA-B12,27/04/2026,Chetan Varma,chetanvarma@hotmail.com,6746779278,Kavya Reddy,Referral,53999,"26/04/2026, 08:30 PM",24600,Eduvanz,Paid,
Apr-26,ADS Referral,DA Meta Ads,INST,DA-B14,26/04/2026,Isha Bose,isha.bose40@outlook.com,9382206619,Ananya Joshi,WhatsApp,54999,"16/04/2026, 10:16 AM",19500,Self Finance,Pending,
Apr-26,ADS,DS Search Ads,SEM,DS-B08,17/04/2026,Sakshi Yadav,sakshiyadav760@rediffmail.com,9029670654,Ananya Joshi,Organic,71999,"19/04/2026, 01:23 PM",33500,Propelld,Partial,
Apr-26,ADS,DS Search Ads,GSN,DS-B10,25/04/2026,Arjun Agarwal,arjun_agarwal277@rediffmail.com,9361027416,Vikram Das,YouTube,77999,"14/04/2026, 01:18 PM",31100,,Pending,
Apr-26,ADS,DA Meta Ads,INST,DA-B13,16/04/2026,Lakshmi Hegde,lakshmihegde13@hotmail.com,6896473703,Sneha Iyer,Organic,53999,"23/04/2026, 03:39 PM",15700,Self Finance,Paid,
Apr-26,YT,DA Search Ads,GADS,DA-B12,22/04/2026,Anjali Iyer,anjaliiyer721@gmail.com,8659533532,Ananya Joshi,Google Ads,53999,"01/04/2026, 11:43 AM",14000,Eduvanz,Pending,
Apr-26,ADS,Gen AI Search Ads,SEM,GENAI-B04,27/04/2026,Arjun Bose,arjunbose721@gmail.com,9023000522,Rahul Menon,Google Ads,70999,"24/04/2026, 11:31 AM",16000,Propelld,Partial,
Apr-26,YT,DS Search Ads,GADS,DS-B09,26/04/2026,Ananya Menon,ananya_menon@yahoo.com,7023974939,Arjun Nair,Referral,62999,"05/04/2026, 01:25 PM",22600,Auxilo,Paid,
Apr-26,YT,DS Meta Ads,META,DS-B10,04/04/2026,Harish Hegde,harish_hegde713@rediffmail.com,7335254691,Arjun Nair,YouTube,67999,"04/04/2026, 12:18 PM",31800,Self Finance,Loan Disbursed,
Apr-26,YT,DA Meta Ads,META,DA-B12,02/04/2026,Mohit Desai,mohit_desai@gmail.com,7307484769,Suresh Bhat,Google Ads,61999,"19/04/2026, 09:07 PM",28300,HDFC Credila,Paid,
Apr-26,YT,DA Search Ads,SEM,DA-B12,04/04/2026,Amit Chopra,amitchopra@rediffmail.com,7360954063,Arjun Nair,Google Ads,62999,"21/04/2026, 01:02 PM",26200,Self Finance,Pending,
Apr-26,ADS,BA Meta Ads,META,BA-B06,16/04/2026,Akash Shetty,akashshetty253@rediffmail.com,7893031146,Suresh Bhat,YouTube,53999,"12/04/2026, 06:39 PM",18500,Self Finance,Partial,
Apr-26,ADS,DA Meta Ads,FB,DA-B14,22/04/2026,Karan Rajan,karanrajan50@yahoo.com,6213884287,Suresh Bhat,Google Ads,59999,"22/04/2026, 10:18 AM",26900,Propelld,Paid,
Apr-26,ADS,DS Search Ads,GADS,DS-B10,07/04/2026,Priya Murthy,priya_murthy92@rediffmail.com,8947744298,Rahul Menon,YouTube,76999,"05/04/2026, 01:33 PM",29900,Self Finance,Partial,
Apr-26,YT Referral,DM Meta Ads,META,DM-B07,30/04/2026,Ravi Desai,ravi.desai617@hotmail.com,8594545369,Rahul Menon,Meta Ads,48999,"09/04/2026, 04:44 PM",23900,HDFC Credila,Partial,
Apr-26,YT,DA Search Ads,GADS,DA-B13,15/04/2026,Anjali Das,anjali.das@rediffmail.com,7305300477,Rahul Menon,YouTube,55999,"10/04/2026, 11:05 AM",20200,Auxilo,Paid,
Apr-26,YT,Gen AI Meta Ads,FB,GENAI-B03,25/04/2026,Hemant Nair,hemantnair662@outlook.com,8424494053,Kavya Reddy,Meta Ads,78999,"28/04/2026, 12:23 PM",24500,Auxilo,Paid,
Apr-26,YT,Gen AI Meta Ads,META,GENAI-B04,27/04/2026,Deepak Ghosh,deepak.ghosh532@yahoo.com,7713047051,Meera Pillai,Meta Ads,72999,"09/04/2026, 12:29 PM",34200,Propelld,Paid,
Apr-26,YT Referral,BA Search Ads,GSN,BA-B06,23/04/2026,Dhruv Chopra,dhruv.chopra@rediffmail.com,9019109204,Rahul Menon,Google Ads,52999,"30/04/2026, 09:00 PM",12400,,Loan Disbursed,
Apr-26,ADS,DA Meta Ads,META,DA-B13,07/04/2026,Kritika Singh,kritikasingh@hotmail.com,9441687910,Deepak Verma,YouTube,51999,"24/04/2026, 03:05 PM",20700,HDFC Credila,Paid,
Apr-26,ADS,DA Meta Ads,INST,DA-B13,11/04/2026,Swati Agarwal,swati.agarwal836@hotmail.com,8531428195,Rahul Menon,Meta Ads,64999,"05/04/2026, 12:09 PM",21100,Self Finance,Partial,
Apr-26,YT,CS Search Ads,GSN,CS-B04,24/04/2026,Sakshi Fernandes,sakshi.fernandes82@outlook.com,8669177616,Ananya Joshi,Google Ads,64999,"23/04/2026, 09:29 AM",20800,,Paid,
Apr-26,ADS,Gen AI Meta Ads,META,GENAI-B03,02/04/2026,Suresh Agarwal,suresh.agarwal@outlook.com,6015916486,Sneha Iyer,Google Ads,64999,"25/04/2026, 11:04 AM",15500,Propelld,Paid,
Apr-26,YT Referral,DS Search Ads,GADS,DS-B10,10/04/2026,Aryan Reddy,aryan.reddy@outlook.com,9143945015,Sneha Iyer,Google Ads,77999,"05/04/2026, 08:54 PM",15900,Eduvanz,Loan Disbursed,03/04/2026
Apr-26,ADS,Gen AI Search Ads,SEM,GENAI-B03,01/04/2026,Rahul Mehta,rahulmehta@gmail.com,9196671775,Ananya Joshi,Meta Ads,73999,"08/04/2026, 09:10 PM",28200,Propelld,Paid,
Apr-26,ADS,DS Meta Ads,META,DS-B09,20/04/2026,Mohit Joshi,mohit.joshi964@hotmail.com,7947712360,Meera Pillai,Google Ads,62999,"10/04/2026, 05:42 PM",24900,Self Finance,Partial,
Apr-26,ADS,AI/ML Search Ads,SEM,AIML-B03,26/04/2026,Dhruv Mehta,dhruv_mehta503@hotmail.com,9868545243,Deepak Verma,Google Ads,65999,"29/04/2026, 12:48 PM",26500,Self Finance,Partial,
Apr-26,YT,DM Meta Ads,META,DM-B08,22/04/2026,Aditya Nair,aditya.nair@gmail.com,9132507470,Meera Pillai,Google Ads,46999,"01/04/2026, 12:40 PM",10000,Self Finance,Pending,
Apr-26,ADS,BA Meta Ads,INST,BA-B05,16/04/2026,Vijay Nair,vijay.nair@outlook.com,6138680234,Priya Sharma,YouTube,55999,"05/04/2026, 01:53 PM",20200,Self Finance,Paid,
Apr-26,YT Referral,DS Meta Ads,FB,DS-B08,04/04/2026,Arjun Kumar,arjun.kumar20@hotmail.com,9017986408,Rahul Menon,Google Ads,69999,"19/04/2026, 09:43 PM",14200,Self Finance,Partial,
Apr-26,ADS,DA Search Ads,GSN,DA-B12,19/04/2026,Geeta Jain,geeta_jain@hotmail.com,6725411752,Sneha Iyer,Google Ads,55999,"24/04/2026, 11:12 AM",16700,NBFC Direct,Loan Disbursed,07/04/2026
Apr-26,YT Referral,Gen AI Meta Ads,META,GENAI-B03,21/04/2026,Hemant Iyer,hemantiyer@yahoo.com,9765029610,Ananya Joshi,Email,67999,"29/04/2026, 04:22 PM",33500,Self Finance,Paid,
Apr-26,YT,Gen AI Search Ads,GSN,GENAI-B04,11/04/2026,Gaurav Kumar,gaurav_kumar@gmail.com,7323583992,Priya Sharma,Meta Ads,70999,"14/04/2026, 01:41 PM",27200,HDFC Credila,Paid,
Apr-26,ADS Referral,DA Meta Ads,FB,DA-B12,15/04/2026,Ishaan Kumar,ishaankumar@outlook.com,9990733469,Suresh Bhat,YouTube,51999,"05/04/2026, 09:40 AM",25300,Eduvanz,Pending,
Apr-26,ADS Referral,BA Meta Ads,INST,BA-B06,02/04/2026,Pooja Sharma,pooja_sharma@gmail.com,8873988138,Vikram Das,Referral,53999,"09/04/2026, 05:27 PM",12200,Propelld,Paid,
Apr-26,ADS,DM Meta Ads,FB,DM-B08,06/04/2026,Tanvi Bose,tanvibose423@yahoo.com,9120891022,Kavya Reddy,Referral,44999,"24/04/2026, 09:56 AM",12100,Eduvanz,Paid,
Apr-26,ADS Referral,DA Search Ads,GADS,DA-B14,13/04/2026,Chetan Rao,chetan.rao353@rediffmail.com,6964665584,Priya Sharma,Organic,53999,"26/04/2026, 10:01 AM",18100,Propelld,Pending,
Apr-26,YT,DM Meta Ads,META,DM-B08,14/04/2026,Kavya Menon,kavyamenon@rediffmail.com,7495614955,Arjun Nair,YouTube,39999,"25/04/2026, 04:57 PM",9000,Propelld,Partial,
Apr-26,ADS,DS Meta Ads,META,DS-B08,04/04/2026,Deepa Reddy,deepa_reddy61@gmail.com,8736783297,Priya Sharma,Meta Ads,60999,"09/04/2026, 02:50 PM",22300,Self Finance,Paid,
Apr-26,ADS,DM Meta Ads,META,DM-B07,11/04/2026,Uday Tiwari,udaytiwari@yahoo.com,8810813160,Sneha Iyer,Google Ads,47999,"03/04/2026, 04:32 PM",14500,Eduvanz,Paid,
Apr-26,YT,AI/ML Search Ads,GSN,AIML-B03,01/04/2026,Kritika Varma,kritika.varma422@outlook.com,9856349808,Priya Sharma,Google Ads,75999,"10/04/2026, 08:45 PM",22200,Self Finance,Paid,
Apr-26,ADS,DA Search Ads,GSN,DA-B13,04/04/2026,Kavya Sharma,kavya_sharma@rediffmail.com,6072837900,Sneha Iyer,Google Ads,64999,"16/04/2026, 05:32 PM",25000,Auxilo,Partial,
Apr-26,ADS,DA Meta Ads,INST,DA-B14,22/04/2026,Kiran Agarwal,kiran_agarwal@gmail.com,9979493267,Rahul Menon,Referral,67999,"17/04/2026, 05:53 PM",29300,Auxilo,Loan Disbursed,17/04/2026
Apr-26,YT,Gen AI Meta Ads,FB,GENAI-B03,22/04/2026,Isha Rajan,isha_rajan916@rediffmail.com,8321585919,Kavya Reddy,YouTube,70999,"19/04/2026, 11:56 AM",20700,Propelld,Refunded,
Apr-26,ADS,Gen AI Meta Ads,FB,GENAI-B04,25/04/2026,Aarav Rao,aarav_rao920@gmail.com,6771727063,Vikram Das,YouTube,77999,"29/04/2026, 10:13 AM",18100,Propelld,Paid,
Apr-26,YT,DA Search Ads,GADS,DA-B14,13/04/2026,Sandeep Verma,sandeepverma659@hotmail.com,6730250072,Priya Sharma,Google Ads,51999,"25/04/2026, 06:20 PM",13100,HDFC Credila,Refunded,
Apr-26,YT Referral,DA Meta Ads,META,DA-B13,20/04/2026,Kavya Pandey,kavya_pandey276@gmail.com,6128230793,Arjun Nair,Meta Ads,60999,"03/04/2026, 03:23 PM",12800,NBFC Direct,Paid,
Apr-26,YT,DS Search Ads,GADS,DS-B10,16/04/2026,Sahil Rajan,sahil_rajan@yahoo.com,8115190488,Kavya Reddy,Meta Ads,74999,"03/04/2026, 04:30 PM",26100,Self Finance,Paid,
Apr-26,YT,DM Meta Ads,FB,DM-B07,21/04/2026,Kavya Murthy,kavyamurthy@rediffmail.com,7651377978,Sneha Iyer,Referral,44999,"08/04/2026, 03:41 PM",20100,Self Finance,Refunded,
Apr-26,YT Referral,BA Search Ads,GSN,BA-B05,23/04/2026,Hemant Agarwal,hemantagarwal614@outlook.com,7326009926,Kavya Reddy,YouTube,47999,"07/04/2026, 10:19 PM",22100,Self Finance,Partial,
Apr-26,ADS,DS Search Ads,GADS,DS-B10,08/04/2026,Sahil Naidu,sahil.naidu@rediffmail.com,8089777338,Arjun Nair,Organic,74999,"24/04/2026, 08:30 PM",34300,Propelld,Paid,
Apr-26,ADS Referral,Gen AI Meta Ads,FB,GENAI-B04,26/04/2026,Sakshi Verma,sakshi_verma@yahoo.com,7640725285,Rahul Menon,Google Ads,62999,"29/04/2026, 07:08 PM",31200,Auxilo,Partial,
Apr-26,ADS,DA Search Ads,SEM,DA-B12,16/04/2026,Vishal Tiwari,vishaltiwari612@yahoo.com,7596812576,Rahul Menon,Google Ads,63999,"09/04/2026, 11:11 AM",20000,,Loan Disbursed,
Apr-26,YT,DA Meta Ads,META,DA-B12,22/04/2026,Meera Rao,meera.rao@gmail.com,6913303183,Kavya Reddy,YouTube,56999,"22/04/2026, 10:32 PM",25200,,Paid,
Apr-26,ADS,AI/ML Search Ads,GSN,AIML-B02,07/04/2026,Ananya Hegde,ananyahegde619@rediffmail.com,7572228763,Suresh Bhat,Google Ads,82999,"25/04/2026, 12:00 PM",28900,Eduvanz,Paid,
Apr-26,YT,DS Meta Ads,FB,DS-B09,28/04/2026,Varun Yadav,varunyadav29@rediffmail.com,7761841669,Suresh Bhat,Referral,72999,"02/04/2026, 04:52 PM",31100,Self Finance,Partial,
Apr-26,YT Referral,DA Meta Ads,INST,DA-B12,15/04/2026,Aarav Singh,aarav.singh609@yahoo.com,8112356552,Sneha Iyer,YouTube,61999,"13/04/2026, 09:17 PM",30600,Self Finance,Paid,
Apr-26,ADS Referral,DA Meta Ads,FB,DA-B13,19/04/2026,Divya Singh,divyasingh@outlook.com,9923424895,Vikram Das,Organic,54999,"25/04/2026, 08:31 PM",23700,NBFC Direct,Partial,
Apr-26,ADS Referral,Gen AI Search Ads,GADS,GENAI-B03,12/04/2026,Hemant Kapoor,hemant.kapoor788@rediffmail.com,8524982705,Rahul Menon,Meta Ads,71999,"06/04/2026, 12:13 PM",25300,HDFC Credila,Paid,
Apr-26,ADS,BA Search Ads,GADS,BA-B06,06/04/2026,Rohit Hegde,rohit_hegde464@rediffmail.com,7107244228,Meera Pillai,YouTube,48999,"30/04/2026, 02:28 PM",13000,Eduvanz,Paid,
Apr-26,ADS Referral,DA Search Ads,SEM,DA-B14,18/04/2026,Divya Das,divya.das741@outlook.com,9704431319,Ananya Joshi,WhatsApp,55999,"26/04/2026, 01:59 PM",26300,Propelld,Loan Disbursed,14/04/2026
Apr-26,YT Referral,AI/ML Search Ads,GSN,AIML-B02,26/04/2026,Pallavi Mehta,pallavimehta2@outlook.com,9265027159,Rahul Menon,YouTube,67999,"21/04/2026, 10:28 AM",30600,Eduvanz,Paid,
Apr-26,ADS,BA Meta Ads,META,BA-B06,03/04/2026,Ishaan Desai,ishaandesai779@outlook.com,9750555060,Rahul Menon,YouTube,49999,"30/04/2026, 03:24 PM",15200,Self Finance,Loan Disbursed,
Apr-26,ADS,DA Meta Ads,INST,DA-B14,21/04/2026,Aarav Das,aarav.das@hotmail.com,6748540936,Ananya Joshi,Meta Ads,62999,"10/04/2026, 09:14 AM",30300,Self Finance,Partial,
Apr-26,ADS,DA Search Ads,GSN,DA-B12,27/04/2026,Aryan Tiwari,aryan.tiwari293@hotmail.com,8256067095,Meera Pillai,YouTube,51999,"14/04/2026, 02:46 PM",23200,Self Finance,Paid,
Apr-26,ADS,Gen AI Meta Ads,FB,GENAI-B04,24/04/2026,Ananya Menon,ananya_menon@yahoo.com,6639330595,Rahul Menon,Google Ads,58999,"26/04/2026, 04:37 PM",18600,,Paid,
Apr-26,ADS Referral,AI/ML Search Ads,GSN,AIML-B03,22/04/2026,Karan Rajan,karan_rajan530@outlook.com,6064847491,Sneha Iyer,Referral,65999,"05/04/2026, 01:41 PM",30100,Propelld,Pending,
Apr-26,ADS Referral,DS Search Ads,GADS,DS-B10,24/04/2026,Pooja Desai,pooja.desai@gmail.com,6152047560,Meera Pillai,Referral,66999,"11/04/2026, 09:43 AM",17600,Self Finance,Loan Disbursed,
Apr-26,YT,DS Search Ads,GADS,DS-B08,06/04/2026,Yash Reddy,yash_reddy814@gmail.com,7244418067,Priya Sharma,Referral,71999,"23/04/2026, 10:07 AM",22700,Self Finance,Pending,
Apr-26,ADS,DA Meta Ads,META,DA-B13,15/04/2026,Pooja Ghosh,poojaghosh825@rediffmail.com,7107165656,Suresh Bhat,Google Ads,68999,"07/04/2026, 11:22 AM",20600,,Paid,
Apr-26,ADS,DM Meta Ads,META,DM-B08,11/04/2026,Varun Rajan,varunrajan218@outlook.com,8981266275,Rahul Menon,YouTube,39999,"12/04/2026, 04:43 PM",10700,HDFC Credila,Paid,
Apr-26,YT,BA Meta Ads,META,BA-B05,18/04/2026,Sonia Das,sonia_das922@gmail.com,6124020833,Meera Pillai,YouTube,55999,"14/04/2026, 07:20 PM",19800,Self Finance,Partial,
Apr-26,YT,DM Meta Ads,FB,DM-B08,08/04/2026,Sahil Rajan,sahilrajan629@gmail.com,9764574617,Sneha Iyer,YouTube,41999,"23/04/2026, 03:57 PM",20800,Eduvanz,Paid,
Apr-26,ADS,BA Meta Ads,META,BA-B05,25/04/2026,Dhruv Iyer,dhruv.iyer839@hotmail.com,8593959008,Ananya Joshi,Google Ads,54999,"21/04/2026, 06:21 PM",23900,Propelld,Paid,
Apr-26,ADS,DA Meta Ads,INST,DA-B14,10/04/2026,Yash Varma,yashvarma532@outlook.com,9922173546,Meera Pillai,Google Ads,64999,"04/04/2026, 01:26 PM",25200,Eduvanz,Paid,
Apr-26,ADS Referral,AI/ML Search Ads,SEM,AIML-B03,05/04/2026,Nandini Verma,nandini.verma@yahoo.com,8268115673,Kavya Reddy,Meta Ads,87999,"03/04/2026, 01:22 PM",32800,Auxilo,Paid,
Apr-26,YT Referral,Gen AI Search Ads,GSN,GENAI-B04,13/04/2026,Rohit Rao,rohit_rao268@hotmail.com,6965541003,Arjun Nair,Referral,75999,"19/04/2026, 04:17 PM",35700,,Pending,
Apr-26,ADS Referral,DA Search Ads,SEM,DA-B14,08/04/2026,Nandini Yadav,nandini.yadav@rediffmail.com,8953047184,Deepak Verma,Referral,69999,"22/04/2026, 10:30 AM",25600,Propelld,Paid,
Apr-26,ADS,BA Search Ads,GADS,BA-B05,12/04/2026,Hemant Chopra,hemant.chopra@hotmail.com,6478500558,Arjun Nair,Organic,46999,"25/04/2026, 11:20 AM",16700,Auxilo,Partial,
Apr-26,ADS Referral,AI/ML Search Ads,SEM,AIML-B02,30/04/2026,Ravi Chopra,ravichopra428@rediffmail.com,7596432538,Suresh Bhat,Google Ads,75999,"25/04/2026, 01:17 PM",17200,HDFC Credila,Paid,
Apr-26,ADS,DA Meta Ads,FB,DA-B13,08/04/2026,Mohit Shah,mohit_shah190@rediffmail.com,9830640093,Suresh Bhat,Google Ads,67999,"22/04/2026, 05:19 PM",23900,Propelld,Paid,
Apr-26,ADS,DS Search Ads,SEM,DS-B10,10/04/2026,Sandeep Nair,sandeep.nair978@yahoo.com,8867775272,Vikram Das,Organic,66999,"05/04/2026, 09:31 PM",19400,,Paid,
Apr-26,ADS,DS Search Ads,SEM,DS-B10,19/04/2026,Tanvi Rao,tanvi_rao@rediffmail.com,6018798795,Vikram Das,Google Ads,76999,"03/04/2026, 12:52 PM",30200,NBFC Direct,Loan Disbursed,20/04/2026
Apr-26,ADS,BA Meta Ads,INST,BA-B05,17/04/2026,Sneha Pandey,snehapandey731@hotmail.com,8514921321,Sneha Iyer,YouTube,57999,"14/04/2026, 11:41 AM",16000,HDFC Credila,Paid,
Apr-26,YT,DA Meta Ads,META,DA-B13,27/04/2026,Shruti Tiwari,shruti_tiwari44@rediffmail.com,8704117542,Vikram Das,YouTube,60999,"19/04/2026, 06:34 PM",29700,Self Finance,Pending,
Apr-26,ADS Referral,DA Meta Ads,FB,DA-B13,13/04/2026,Karan Varma,karan_varma@yahoo.com,6249942721,Priya Sharma,Meta Ads,60999,"02/04/2026, 09:46 PM",16300,Self Finance,Partial,
Apr-26,ADS,CS Search Ads,GSN,CS-B04,15/04/2026,Rohan Reddy,rohan_reddy271@rediffmail.com,9088135976,Kavya Reddy,Organic,66999,"05/04/2026, 06:59 PM",27500,HDFC Credila,Paid,
Apr-26,YT,DS Search Ads,GADS,DS-B08,12/04/2026,Chetan Gupta,chetan.gupta288@outlook.com,9751657869,Vikram Das,Meta Ads,78999,"28/04/2026, 10:35 AM",34600,Propelld,Paid,
Apr-26,YT,Gen AI Meta Ads,FB,GENAI-B03,19/04/2026,Meera Chopra,meera_chopra826@hotmail.com,7708074254,Sneha Iyer,Google Ads,61999,"07/04/2026, 09:59 AM",25900,HDFC Credila,Paid,
Apr-26,YT,DA Meta Ads,INST,DA-B12,26/04/2026,Arjun Singh,arjunsingh182@outlook.com,7470734684,Vikram Das,YouTube,57999,"10/04/2026, 03:42 PM",14300,,Partial,
Apr-26,ADS Referral,BA Meta Ads,INST,BA-B05,26/04/2026,Tanvi Pillai,tanvipillai@gmail.com,8650596990,Suresh Bhat,YouTube,58999,"08/04/2026, 09:18 PM",12200,,Paid,
Apr-26,YT,DA Search Ads,GSN,DA-B13,25/04/2026,Gaurav Pandey,gaurav_pandey142@gmail.com,6303766203,Vikram Das,Meta Ads,60999,"06/04/2026, 09:02 PM",30000,Propelld,Refunded,
Apr-26,YT Referral,BA Search Ads,GADS,BA-B06,06/04/2026,Isha Reddy,isha_reddy438@yahoo.com,7138483968,Vikram Das,Google Ads,51999,"12/04/2026, 12:59 PM",24900,Propelld,Paid,
Apr-26,ADS,BA Search Ads,GSN,BA-B05,13/04/2026,Sneha Nair,sneha_nair738@hotmail.com,7457962330,Meera Pillai,Referral,52999,"16/04/2026, 01:07 PM",12000,Auxilo,Paid,
Apr-26,YT Referral,Gen AI Search Ads,SEM,GENAI-B04,01/04/2026,Bhavna Bose,bhavnabose378@hotmail.com,6709223786,Meera Pillai,Meta Ads,60999,"02/04/2026, 08:40 PM",15500,,Refunded,
Apr-26,ADS,BA Search Ads,GSN,BA-B05,27/04/2026,Tanvi Agarwal,tanvi_agarwal@yahoo.com,6386288149,Arjun Nair,Meta Ads,45999,"05/04/2026, 02:33 PM",13200,Eduvanz,Paid,
Apr-26,ADS,Gen AI Search Ads,GSN,GENAI-B04,22/04/2026,Sakshi Rajan,sakshirajan@yahoo.com,9791021317,Sneha Iyer,Meta Ads,77999,"19/04/2026, 02:43 PM",29500,,Pending,
Apr-26,ADS Referral,DA Search Ads,GADS,DA-B14,21/04/2026,Esha Rajan,esha.rajan524@rediffmail.com,7464534166,Suresh Bhat,Referral,60999,"03/04/2026, 09:18 PM",14800,Eduvanz,Partial,
Apr-26,ADS Referral,DA Search Ads,SEM,DA-B14,30/04/2026,Geeta Kapoor,geeta_kapoor841@yahoo.com,9360541727,Vikram Das,Meta Ads,65999,"03/04/2026, 03:58 PM",28900,Eduvanz,Partial,
Apr-26,YT,CS Search Ads,GSN,CS-B04,05/04/2026,Pooja Fernandes,poojafernandes484@rediffmail.com,9055744798,Priya Sharma,Organic,61999,"25/04/2026, 06:26 PM",14100,Auxilo,Paid,
Apr-26,ADS Referral,Gen AI Search Ads,SEM,GENAI-B03,09/04/2026,Geeta Bose,geetabose230@rediffmail.com,6418148769,Arjun Nair,Email,69999,"01/04/2026, 05:52 PM",32800,Self Finance,Paid,
Apr-26,YT,DA Meta Ads,META,DA-B14,07/04/2026,Pradeep Shetty,pradeepshetty643@hotmail.com,8588226294,Kavya Reddy,YouTube,60999,"17/04/2026, 05:19 PM",22600,Propelld,Paid,
Apr-26,ADS,CS Search Ads,GADS,CS-B04,12/04/2026,Yash Das,yashdas@yahoo.com,7872387471,Suresh Bhat,Google Ads,68999,"10/04/2026, 01:55 PM",31400,Self Finance,Paid,
Apr-26,YT Referral,BA Search Ads,GADS,BA-B06,22/04/2026,Swati Tiwari,swatitiwari@rediffmail.com,8471408643,Priya Sharma,Google Ads,45999,"23/04/2026, 07:36 PM",10600,HDFC Credila,Paid,
Apr-26,ADS Referral,AI/ML Search Ads,SEM,AIML-B03,25/04/2026,Gaurav Verma,gauravverma@hotmail.com,6982035515,Sneha Iyer,Google Ads,80999,"14/04/2026, 08:57 PM",17700,Self Finance,Paid,
Apr-26,ADS Referral,Gen AI Meta Ads,FB,GENAI-B03,07/04/2026,Deepa Tiwari,deepa.tiwari@hotmail.com,6406226940,Vikram Das,Meta Ads,72999,"08/04/2026, 03:04 PM",32200,Self Finance,Refunded,
Apr-26,ADS Referral,CS Search Ads,GADS,CS-B04,07/04/2026,Sneha Das,snehadas985@yahoo.com,6694076740,Ananya Joshi,Google Ads,69999,"10/04/2026, 03:40 PM",26900,Eduvanz,Loan Disbursed,06/04/2026
Apr-26,ADS,BA Search Ads,GADS,BA-B05,21/04/2026,Sakshi Iyer,sakshi_iyer@outlook.com,9098303137,Deepak Verma,Meta Ads,53999,"27/04/2026, 08:46 PM",18400,Self Finance,Paid,
Apr-26,YT,Gen AI Search Ads,GADS,GENAI-B04,05/04/2026,Rohan Chopra,rohan.chopra849@rediffmail.com,6826302611,Rahul Menon,YouTube,70999,"11/04/2026, 10:53 AM",27800,Propelld,Pending,
Apr-26,YT Referral,BA Search Ads,GADS,BA-B06,20/04/2026,Amit Tiwari,amit.tiwari@gmail.com,6197331021,Suresh Bhat,Referral,53999,"29/04/2026, 10:40 PM",15100,,Paid,
Apr-26,YT Referral,DS Search Ads,GSN,DS-B10,12/04/2026,Geeta Ghosh,geetaghosh@yahoo.com,9234460556,Priya Sharma,Google Ads,60999,"28/04/2026, 07:37 PM",18500,Eduvanz,Partial,
Apr-26,ADS,BA Meta Ads,INST,BA-B05,11/04/2026,Sahil Naidu,sahil_naidu@yahoo.com,6602119064,Ananya Joshi,Google Ads,50999,"23/04/2026, 04:11 PM",11600,,Paid,
Apr-26,ADS,Gen AI Meta Ads,META,GENAI-B03,20/04/2026,Aarav Murthy,aarav_murthy@outlook.com,7135319627,Arjun Nair,YouTube,77999,"23/04/2026, 10:38 AM",30900,Propelld,Paid,
Apr-26,ADS,Gen AI Meta Ads,FB,GENAI-B04,28/04/2026,Ananya Gupta,ananya.gupta@outlook.com,6547325134,Vikram Das,Meta Ads,63999,"01/04/2026, 05:00 PM",17300,Auxilo,Pending,
Apr-26,YT,DA Meta Ads,META,DA-B12,24/04/2026,Chetan Mehta,chetanmehta@rediffmail.com,7934979660,Arjun Nair,Organic,59999,"18/04/2026, 04:01 PM",26300,,Partial,
Apr-26,ADS Referral,DS Meta Ads,FB,DS-B09,02/04/2026,Kritika Shah,kritika_shah@hotmail.com,9373566445,Priya Sharma,Meta Ads,76999,"15/04/2026, 03:40 PM",30800,Auxilo,Paid,
Apr-26,ADS Referral,DA Meta Ads,META,DA-B12,28/04/2026,Akash Kapoor,akash_kapoor@yahoo.com,9225080858,Ananya Joshi,YouTube,52999,"15/04/2026, 07:30 PM",25000,,Pending,
Apr-26,ADS,DA Meta Ads,META,DA-B13,22/04/2026,Pooja Rajan,pooja_rajan@outlook.com,7501083642,Ananya Joshi,WhatsApp,63999,"15/04/2026, 02:46 PM",19100,Self Finance,Paid,
Apr-26,ADS Referral,DS Search Ads,GADS,DS-B08,12/04/2026,Priya Rao,priya.rao@rediffmail.com,7687063486,Priya Sharma,Email,67999,"23/04/2026, 08:58 PM",31900,NBFC Direct,Partial,
Apr-26,ADS Referral,DM Meta Ads,FB,DM-B07,03/04/2026,Pooja Menon,poojamenon849@gmail.com,6663723797,Vikram Das,Organic,45999,"23/04/2026, 07:32 PM",15800,Eduvanz,Partial,
Apr-26,ADS,Gen AI Search Ads,GSN,GENAI-B04,18/04/2026,Lakshmi Shah,lakshmi.shah121@yahoo.com,6781887699,Vikram Das,Organic,69999,"09/04/2026, 07:24 PM",26900,Eduvanz,Paid,
Apr-26,ADS,BA Meta Ads,INST,BA-B05,08/04/2026,Amit Kumar,amit.kumar760@rediffmail.com,9689056787,Suresh Bhat,Meta Ads,49999,"27/04/2026, 03:10 PM",12900,Eduvanz,Paid,
Apr-26,ADS,BA Meta Ads,INST,BA-B05,26/04/2026,Meera Shetty,meera_shetty@gmail.com,6607039132,Arjun Nair,Meta Ads,56999,"24/04/2026, 04:45 PM",21900,Eduvanz,Pending,
Apr-26,ADS,Gen AI Meta Ads,META,GENAI-B03,17/04/2026,Sandeep Chopra,sandeep_chopra@yahoo.com,8954198968,Ananya Joshi,Meta Ads,59999,"05/04/2026, 07:41 PM",13200,,Loan Disbursed,
Apr-26,ADS Referral,DS Meta Ads,FB,DS-B10,17/04/2026,Sandeep Bose,sandeepbose325@hotmail.com,8423500880,Kavya Reddy,Google Ads,64999,"18/04/2026, 10:50 PM",19600,Self Finance,Loan Disbursed,
Apr-26,ADS Referral,Gen AI Search Ads,SEM,GENAI-B03,26/04/2026,Ravi Verma,ravi.verma@hotmail.com,8032219977,Suresh Bhat,Meta Ads,71999,"01/04/2026, 07:45 PM",28400,,Pending,
Apr-26,ADS,BA Search Ads,GADS,BA-B06,03/04/2026,Nikhil Kumar,nikhil_kumar@hotmail.com,6585645275,Ananya Joshi,Meta Ads,56999,"18/04/2026, 03:02 PM",18900,HDFC Credila,Paid,
Apr-26,YT,DS Meta Ads,META,DS-B09,11/04/2026,Sakshi Gupta,sakshigupta@gmail.com,6028856092,Sneha Iyer,YouTube,65999,"18/04/2026, 04:08 PM",20200,Self Finance,Loan Disbursed,
Apr-26,ADS Referral,DS Meta Ads,META,DS-B08,17/04/2026,Karan Agarwal,karan.agarwal@gmail.com,9689806155,Suresh Bhat,Email,71999,"06/04/2026, 09:46 PM",23900,NBFC Direct,Pending,
Apr-26,ADS,BA Search Ads,GSN,BA-B05,15/04/2026,Rohit Verma,rohitverma@hotmail.com,6820343646,Meera Pillai,Google Ads,59999,"09/04/2026, 10:21 AM",17000,HDFC Credila,Paid,
Apr-26,ADS,Gen AI Search Ads,GSN,GENAI-B04,03/04/2026,Suresh Agarwal,sureshagarwal@yahoo.com,6256029467,Rahul Menon,YouTube,79999,"12/04/2026, 06:03 PM",27900,Propelld,Paid,
Apr-26,YT,AI/ML Search Ads,SEM,AIML-B02,03/04/2026,Divya Fernandes,divya_fernandes@rediffmail.com,7579987905,Ananya Joshi,YouTube,65999,"20/04/2026, 08:21 PM",32900,Self Finance,Partial,
Apr-26,ADS,Gen AI Meta Ads,META,GENAI-B04,19/04/2026,Sandeep Gupta,sandeepgupta@outlook.com,8907000782,Ananya Joshi,Meta Ads,64999,"21/04/2026, 12:09 PM",20000,Self Finance,Paid,
Apr-26,YT,DS Meta Ads,META,DS-B08,14/04/2026,Aditya Varma,aditya.varma176@outlook.com,9599717828,Priya Sharma,WhatsApp,63999,"07/04/2026, 09:03 PM",19800,HDFC Credila,Partial,
Apr-26,YT,DA Search Ads,GADS,DA-B12,12/04/2026,Swati Bose,swati_bose452@rediffmail.com,8137981587,Deepak Verma,Referral,56999,"18/04/2026, 07:00 PM",24800,Self Finance,Paid,
Apr-26,ADS Referral,DA Search Ads,SEM,DA-B12,23/04/2026,Tanvi Murthy,tanvimurthy231@outlook.com,6018643592,Kavya Reddy,Organic,51999,"07/04/2026, 07:40 PM",24500,Auxilo,Partial,
Apr-26,YT Referral,BA Meta Ads,INST,BA-B06,23/04/2026,Aditya Sharma,adityasharma734@gmail.com,7153341512,Rahul Menon,Google Ads,45999,"03/04/2026, 02:52 PM",20700,Auxilo,Paid,
Apr-26,ADS,DM Meta Ads,FB,DM-B08,09/04/2026,Isha Reddy,ishareddy943@gmail.com,8837524827,Rahul Menon,Google Ads,42999,"21/04/2026, 06:42 PM",14100,Auxilo,Paid,
Apr-26,ADS,DA Meta Ads,INST,DA-B12,29/04/2026,Mohit Pandey,mohit.pandey159@yahoo.com,8975197536,Rahul Menon,YouTube,66999,"28/04/2026, 02:43 PM",32500,,Paid,
Apr-26,ADS,BA Meta Ads,META,BA-B05,03/04/2026,Karan Murthy,karanmurthy@outlook.com,7795225573,Vikram Das,Meta Ads,58999,"27/04/2026, 12:26 PM",22400,Self Finance,Loan Disbursed,
Apr-26,ADS,BA Search Ads,GADS,BA-B05,14/04/2026,Esha Gupta,esha_gupta@gmail.com,6202162913,Meera Pillai,Referral,46999,"08/04/2026, 12:31 PM",10000,NBFC Direct,Pending,
Apr-26,ADS,DA Search Ads,SEM,DA-B13,03/04/2026,Manish Rao,manish.rao401@hotmail.com,9875704233,Deepak Verma,Email,55999,"09/04/2026, 06:50 PM",15500,NBFC Direct,Pending,
Apr-26,ADS,DA Search Ads,GADS,DA-B12,27/04/2026,Karan Varma,karanvarma969@yahoo.com,9865373137,Meera Pillai,Meta Ads,57999,"13/04/2026, 07:21 PM",17700,Eduvanz,Partial,
Apr-26,YT,Gen AI Meta Ads,META,GENAI-B03,01/04/2026,Pradeep Ghosh,pradeepghosh608@outlook.com,6005623582,Vikram Das,Google Ads,76999,"09/04/2026, 12:04 PM",20200,Auxilo,Paid,
Apr-26,YT Referral,DS Search Ads,GSN,DS-B08,03/04/2026,Pradeep Gupta,pradeep_gupta@yahoo.com,6124148521,Priya Sharma,Google Ads,60999,"10/04/2026, 02:51 PM",12300,Self Finance,Paid,
Apr-26,ADS,DA Search Ads,GSN,DA-B12,04/04/2026,Ravi Jain,ravi.jain867@rediffmail.com,9023588215,Ananya Joshi,Organic,53999,"16/04/2026, 12:44 PM",17800,Self Finance,Loan Disbursed,
Apr-26,ADS,BA Search Ads,GADS,BA-B05,25/04/2026,Esha Mehta,esha_mehta@rediffmail.com,9671118443,Priya Sharma,Meta Ads,56999,"07/04/2026, 09:38 PM",16100,Self Finance,Loan Disbursed,
Apr-26,ADS Referral,Gen AI Search Ads,GADS,GENAI-B03,26/04/2026,Rohit Naidu,rohit.naidu615@outlook.com,7440225642,Priya Sharma,Referral,75999,"17/04/2026, 04:11 PM",30700,Auxilo,Paid,
Apr-26,ADS Referral,DM Meta Ads,INST,DM-B08,09/04/2026,Ananya Hegde,ananya.hegde674@outlook.com,6371027719,Arjun Nair,Google Ads,36999,"02/04/2026, 09:28 PM",18000,Self Finance,Paid,
Apr-26,YT,DA Meta Ads,INST,DA-B13,23/04/2026,Rahul Hegde,rahulhegde@outlook.com,8516593985,Arjun Nair,Meta Ads,57999,"14/04/2026, 08:35 PM",18100,Self Finance,Paid,
Apr-26,YT,AI/ML Search Ads,SEM,AIML-B02,13/04/2026,Hemant Agarwal,hemant.agarwal@hotmail.com,9326190700,Meera Pillai,Meta Ads,74999,"18/04/2026, 06:47 PM",29400,Propelld,Loan Disbursed,23/04/2026
Apr-26,ADS,Gen AI Meta Ads,FB,GENAI-B04,07/04/2026,Aditya Shah,aditya.shah@gmail.com,8666422403,Kavya Reddy,Organic,57999,"21/04/2026, 05:31 PM",13800,Self Finance,Pending,
Apr-26,ADS,Gen AI Meta Ads,META,GENAI-B04,25/04/2026,Shruti Hegde,shruti.hegde@gmail.com,9328790661,Vikram Das,Meta Ads,64999,"18/04/2026, 10:59 AM",29300,NBFC Direct,Paid,
Apr-26,ADS,DA Meta Ads,INST,DA-B12,24/04/2026,Kavya Kapoor,kavya.kapoor@gmail.com,9955165321,Suresh Bhat,Google Ads,58999,"11/04/2026, 02:37 PM",17900,Self Finance,Paid,
Apr-26,ADS,Gen AI Search Ads,GADS,GENAI-B04,03/04/2026,Sahil Mehta,sahil_mehta87@rediffmail.com,8571445900,Meera Pillai,YouTube,58999,"20/04/2026, 07:14 PM",14200,Self Finance,Loan Disbursed,
Apr-26,YT Referral,Gen AI Search Ads,GSN,GENAI-B03,01/04/2026,Sahil Joshi,sahiljoshi981@yahoo.com,8729161596,Kavya Reddy,Google Ads,73999,"02/04/2026, 10:35 PM",29100,Self Finance,Paid,
Apr-26,YT Referral,CS Search Ads,GADS,CS-B05,11/04/2026,Pradeep Mehta,pradeepmehta@rediffmail.com,8595852666,Sneha Iyer,Google Ads,52999,"20/04/2026, 10:19 PM",16700,Self Finance,Pending,
Apr-26,ADS Referral,BA Meta Ads,META,BA-B06,15/04/2026,Mohit Nair,mohitnair653@hotmail.com,7416236548,Deepak Verma,Referral,54999,"28/04/2026, 10:53 AM",18200,Self Finance,Loan Disbursed,
Apr-26,ADS,DS Search Ads,GADS,DS-B08,15/04/2026,Divya Tiwari,divyatiwari783@outlook.com,7274223466,Deepak Verma,Meta Ads,72999,"05/04/2026, 07:28 PM",33500,Self Finance,Partial,
Apr-26,ADS,BA Meta Ads,INST,BA-B06,27/04/2026,Geeta Verma,geeta.verma687@rediffmail.com,7357371110,Sneha Iyer,YouTube,50999,"28/04/2026, 05:36 PM",20900,Self Finance,Refunded,
Apr-26,ADS,AI/ML Search Ads,GSN,AIML-B02,21/04/2026,Sandeep Mehta,sandeep_mehta521@gmail.com,8805043549,Sneha Iyer,Google Ads,67999,"11/04/2026, 03:03 PM",33700,Self Finance,Loan Disbursed,
Apr-26,ADS,DA Search Ads,SEM,DA-B13,08/04/2026,Harish Jain,harish_jain375@rediffmail.com,9650671371,Meera Pillai,Meta Ads,59999,"08/04/2026, 07:59 PM",18600,NBFC Direct,Partial,
Apr-26,YT Referral,DM Meta Ads,META,DM-B08,24/04/2026,Esha Rao,esha.rao@gmail.com,6654979248,Kavya Reddy,Google Ads,46999,"23/04/2026, 07:33 PM",22400,HDFC Credila,Paid,
Apr-26,YT,DM Meta Ads,META,DM-B08,29/04/2026,Swati Jain,swati_jain@gmail.com,6278437319,Ananya Joshi,YouTube,48999,"11/04/2026, 01:30 PM",15600,Eduvanz,Loan Disbursed,13/04/2026
Apr-26,ADS,DS Search Ads,SEM,DS-B10,02/04/2026,Sonia Rao,sonia.rao949@rediffmail.com,6449990252,Arjun Nair,Meta Ads,73999,"06/04/2026, 09:37 PM",15800,Self Finance,Paid,
Apr-26,YT,Gen AI Meta Ads,FB,GENAI-B03,01/04/2026,Jaya Rajan,jaya.rajan391@rediffmail.com,8786552141,Suresh Bhat,Meta Ads,73999,"04/04/2026, 09:36 PM",18600,Self Finance,Paid,
Apr-26,ADS,DA Search Ads,GSN,DA-B13,26/04/2026,Lakshmi Hegde,lakshmihegde@gmail.com,7848148203,Kavya Reddy,Referral,50999,"18/04/2026, 12:02 PM",18300,Self Finance,Paid,
Apr-26,ADS,DS Meta Ads,META,DS-B08,22/04/2026,Sandeep Hegde,sandeep_hegde404@gmail.com,7481352701,Deepak Verma,Meta Ads,71999,"16/04/2026, 12:42 PM",15900,Self Finance,Pending,
Apr-26,YT Referral,DA Meta Ads,INST,DA-B13,15/04/2026,Pradeep Desai,pradeep.desai@outlook.com,7716895411,Rahul Menon,Referral,59999,"21/04/2026, 08:48 PM",13600,Propelld,Partial,
Apr-26,ADS Referral,DS Meta Ads,FB,DS-B08,12/04/2026,Rohit Pandey,rohit.pandey@gmail.com,9789491638,Ananya Joshi,Referral,61999,"14/04/2026, 12:26 PM",20900,Propelld,Paid,
Apr-26,ADS,DA Meta Ads,FB,DA-B13,19/04/2026,Mohit Kapoor,mohit_kapoor47@outlook.com,8929445340,Sneha Iyer,YouTube,53999,"16/04/2026, 03:26 PM",12600,Self Finance,Paid,
Apr-26,YT,DM Meta Ads,INST,DM-B07,01/04/2026,Deepak Rao,deepakrao@outlook.com,8766364680,Vikram Das,YouTube,36999,"25/04/2026, 02:36 PM",17800,Eduvanz,Partial,
Apr-26,ADS,Gen AI Meta Ads,FB,GENAI-B03,07/04/2026,Ishaan Kapoor,ishaankapoor@outlook.com,6379071568,Ananya Joshi,Organic,65999,"14/04/2026, 01:14 PM",26100,HDFC Credila,Paid,
Apr-26,ADS,DA Meta Ads,FB,DA-B13,12/04/2026,Isha Mehta,isha_mehta18@outlook.com,7840562615,Ananya Joshi,Referral,66999,"12/04/2026, 05:49 PM",24600,Propelld,Paid,
Apr-26,YT Referral,Gen AI Search Ads,GADS,GENAI-B04,22/04/2026,Chetan Gupta,chetangupta@gmail.com,9602156038,Suresh Bhat,WhatsApp,60999,"09/04/2026, 02:08 PM",25100,Propelld,Paid,
Apr-26,ADS,CS Search Ads,GADS,CS-B04,15/04/2026,Bhavna Nair,bhavna_nair644@yahoo.com,8343453402,Rahul Menon,YouTube,63999,"12/04/2026, 10:49 AM",29700,,Paid,
Apr-26,ADS Referral,CS Search Ads,GSN,CS-B04,12/04/2026,Sahil Desai,sahildesai972@gmail.com,8982789257,Vikram Das,Meta Ads,62999,"20/04/2026, 09:01 AM",23400,Self Finance,Paid,
Apr-26,ADS,BA Search Ads,GSN,BA-B05,10/04/2026,Jaya Joshi,jaya_joshi367@gmail.com,6553207842,Deepak Verma,YouTube,56999,"18/04/2026, 04:57 PM",27800,Propelld,Partial,
Apr-26,ADS Referral,CS Search Ads,GADS,CS-B05,13/04/2026,Dhruv Ghosh,dhruv.ghosh122@rediffmail.com,8628029119,Meera Pillai,Google Ads,52999,"18/04/2026, 02:00 PM",22100,Eduvanz,Paid,
Apr-26,ADS,DA Meta Ads,FB,DA-B12,27/04/2026,Dhruv Yadav,dhruvyadav@gmail.com,9199114669,Suresh Bhat,YouTube,65999,"19/04/2026, 10:21 AM",19800,Auxilo,Pending,
Apr-26,YT,Gen AI Meta Ads,FB,GENAI-B03,20/04/2026,Tanvi Kumar,tanvi.kumar@gmail.com,7660304623,Kavya Reddy,Google Ads,70999,"16/04/2026, 10:07 AM",25600,NBFC Direct,Pending,
Apr-26,ADS,BA Search Ads,GSN,BA-B05,11/04/2026,Vijay Desai,vijaydesai598@hotmail.com,8213390526,Vikram Das,Google Ads,59999,"28/04/2026, 09:50 PM",12600,NBFC Direct,Paid,
Apr-26,ADS Referral,DS Meta Ads,FB,DS-B09,07/04/2026,Rahul Das,rahuldas@outlook.com,9981876046,Suresh Bhat,YouTube,68999,"19/04/2026, 12:44 PM",28200,,Paid,
Apr-26,YT,BA Search Ads,GADS,BA-B05,01/04/2026,Divya Murthy,divya_murthy@hotmail.com,7349790781,Priya Sharma,YouTube,54999,"10/04/2026, 03:32 PM",13000,Self Finance,Paid,
Apr-26,ADS,BA Search Ads,GSN,BA-B05,15/04/2026,Uday Yadav,udayyadav@rediffmail.com,6166623767,Priya Sharma,Google Ads,51999,"11/04/2026, 04:18 PM",19700,Self Finance,Paid,
Apr-26,ADS Referral,DS Meta Ads,META,DS-B08,02/04/2026,Pradeep Murthy,pradeep_murthy@yahoo.com,9295284940,Sneha Iyer,YouTube,64999,"16/04/2026, 06:05 PM",23600,Auxilo,Paid,
Apr-26,ADS,Gen AI Search Ads,GSN,GENAI-B03,05/04/2026,Uday Tiwari,uday.tiwari849@yahoo.com,7829230482,Sneha Iyer,Organic,73999,"08/04/2026, 05:19 PM",32000,,Loan Disbursed,
Apr-26,ADS,DS Meta Ads,META,DS-B09,14/04/2026,Ananya Reddy,ananya.reddy734@outlook.com,8754435175,Rahul Menon,Google Ads,60999,"29/04/2026, 10:22 AM",27900,Self Finance,Partial,
Apr-26,ADS Referral,Gen AI Meta Ads,META,GENAI-B04,05/04/2026,Vinay Yadav,vinayyadav700@hotmail.com,8326380535,Priya Sharma,Google Ads,56999,"21/04/2026, 12:39 PM",18600,HDFC Credila,Paid,
Apr-26,ADS Referral,Gen AI Meta Ads,META,GENAI-B04,03/04/2026,Vijay Singh,vijaysingh@hotmail.com,8244261145,Deepak Verma,Google Ads,66999,"03/04/2026, 09:40 AM",26100,HDFC Credila,Paid,
Apr-26,ADS Referral,DA Search Ads,SEM,DA-B13,08/04/2026,Deepak Fernandes,deepak.fernandes197@gmail.com,7158539094,Suresh Bhat,Meta Ads,58999,"10/04/2026, 10:54 PM",19700,Auxilo,Partial,
Apr-26,ADS,DA Meta Ads,META,DA-B14,04/04/2026,Varun Tiwari,varuntiwari@hotmail.com,9085025100,Meera Pillai,Meta Ads,55999,"29/04/2026, 02:45 PM",26800,Self Finance,Refunded,
Apr-26,YT,DA Search Ads,GADS,DA-B14,01/04/2026,Lakshmi Chopra,lakshmichopra550@yahoo.com,7003035248,Arjun Nair,Email,67999,"09/04/2026, 08:07 PM",23300,Self Finance,Paid,
Apr-26,ADS,DA Search Ads,GSN,DA-B14,19/04/2026,Harish Murthy,harish_murthy@outlook.com,8007432354,Ananya Joshi,Meta Ads,68999,"02/04/2026, 01:11 PM",31900,Propelld,Refunded,
Apr-26,ADS,DS Meta Ads,META,DS-B10,19/04/2026,Rohan Ghosh,rohan_ghosh619@hotmail.com,8756366032,Vikram Das,Google Ads,77999,"17/04/2026, 09:35 AM",21200,Self Finance,Paid,
Apr-26,YT,CS Search Ads,GADS,CS-B05,19/04/2026,Kritika Murthy,kritika_murthy135@outlook.com,6657711040,Sneha Iyer,YouTube,66999,"26/04/2026, 12:41 PM",18300,Eduvanz,Loan Disbursed,20/04/2026
Apr-26,YT Referral,BA Search Ads,GADS,BA-B06,23/04/2026,Manish Pillai,manish.pillai594@outlook.com,7910629816,Sneha Iyer,YouTube,48999,"09/04/2026, 01:03 PM",16300,Auxilo,Paid,
Apr-26,YT,DA Meta Ads,INST,DA-B14,02/04/2026,Pallavi Fernandes,pallavi_fernandes690@gmail.com,8863365541,Meera Pillai,Google Ads,52999,"26/04/2026, 09:46 PM",18300,Eduvanz,Partial,
Apr-26,YT,DS Search Ads,GADS,DS-B08,05/04/2026,Sonia Rao,soniarao239@hotmail.com,9535410300,Arjun Nair,Organic,76999,"21/04/2026, 04:00 PM",24500,Propelld,Pending,
Apr-26,YT,CS Search Ads,GADS,CS-B04,14/04/2026,Amit Desai,amit.desai93@yahoo.com,9745178455,Priya Sharma,Referral,63999,"30/04/2026, 05:04 PM",18500,Propelld,Paid,
Apr-26,ADS,AI/ML Search Ads,SEM,AIML-B03,02/04/2026,Anjali Shetty,anjali_shetty@rediffmail.com,6079674307,Meera Pillai,WhatsApp,72999,"01/04/2026, 09:43 AM",23500,,Paid,
Apr-26,YT,Gen AI Search Ads,GSN,GENAI-B03,27/04/2026,Akash Varma,akash_varma898@yahoo.com,7697645027,Arjun Nair,Meta Ads,67999,"12/04/2026, 12:23 PM",16600,,Loan Disbursed,
Apr-26,ADS,DA Meta Ads,META,DA-B13,19/04/2026,Amit Menon,amit.menon154@gmail.com,8031971354,Suresh Bhat,YouTube,69999,"03/04/2026, 11:24 AM",30800,Eduvanz,Paid,
Apr-26,ADS,DM Meta Ads,INST,DM-B07,22/04/2026,Lakshmi Sharma,lakshmi.sharma@outlook.com,8028907528,Vikram Das,Meta Ads,49999,"11/04/2026, 04:26 PM",18600,Propelld,Paid,
Apr-26,ADS Referral,Gen AI Search Ads,GSN,GENAI-B04,30/04/2026,Aryan Verma,aryan.verma@gmail.com,8019475227,Kavya Reddy,Organic,79999,"30/04/2026, 05:04 PM",33300,Propelld,Loan Disbursed,14/04/2026
Apr-26,YT,BA Search Ads,GSN,BA-B05,13/04/2026,Sonia Naidu,sonia_naidu@outlook.com,8490483651,Priya Sharma,Meta Ads,49999,"13/04/2026, 05:03 PM",19300,NBFC Direct,Paid,
Apr-26,ADS,Gen AI Meta Ads,META,GENAI-B03,27/04/2026,Sandeep Kumar,sandeep.kumar444@yahoo.com,7290216602,Sneha Iyer,Referral,65999,"03/04/2026, 03:11 PM",31900,Eduvanz,Partial,
Apr-26,ADS Referral,DA Meta Ads,FB,DA-B13,13/04/2026,Priya Varma,priyavarma@outlook.com,7204676361,Suresh Bhat,YouTube,61999,"07/04/2026, 09:01 PM",25300,HDFC Credila,Paid,
Apr-26,ADS,Gen AI Meta Ads,META,GENAI-B04,05/04/2026,Mohit Reddy,mohitreddy@rediffmail.com,7039013932,Ananya Joshi,YouTube,74999,"12/04/2026, 10:57 AM",35000,Self Finance,Paid,
Apr-26,YT Referral,CS Search Ads,GSN,CS-B05,11/04/2026,Vinay Menon,vinay_menon@outlook.com,6735445397,Kavya Reddy,Google Ads,56999,"07/04/2026, 09:40 AM",22500,HDFC Credila,Paid,
Apr-26,ADS Referral,DA Meta Ads,META,DA-B14,10/04/2026,Lakshmi Gupta,lakshmi_gupta726@hotmail.com,8808583393,Vikram Das,YouTube,68999,"18/04/2026, 04:47 PM",16900,Propelld,Paid,
Apr-26,ADS,DA Meta Ads,INST,DA-B13,24/04/2026,Deepa Shetty,deepa.shetty@yahoo.com,7767248795,Priya Sharma,Organic,67999,"08/04/2026, 04:46 PM",18500,NBFC Direct,Paid,
Apr-26,YT,Gen AI Meta Ads,FB,GENAI-B04,10/04/2026,Nikhil Varma,nikhil.varma@hotmail.com,7056070703,Priya Sharma,Meta Ads,78999,"16/04/2026, 05:24 PM",37300,,Loan Disbursed,
Apr-26,ADS,DS Search Ads,GADS,DS-B08,05/04/2026,Isha Mehta,ishamehta@gmail.com,8357664129,Vikram Das,Google Ads,73999,"22/04/2026, 10:02 AM",32800,Propelld,Paid,
Apr-26,ADS Referral,Gen AI Search Ads,GSN,GENAI-B04,23/04/2026,Hemant Desai,hemant.desai323@outlook.com,7217897052,Kavya Reddy,Google Ads,71999,"03/04/2026, 09:27 AM",34600,HDFC Credila,Paid,
Apr-26,ADS,BA Search Ads,GADS,BA-B05,01/04/2026,Vishal Shah,vishalshah82@hotmail.com,8845527393,Ananya Joshi,Google Ads,54999,"15/04/2026, 09:51 AM",25800,Eduvanz,Loan Disbursed,29/04/2026
Apr-26,ADS,Gen AI Meta Ads,META,GENAI-B03,24/04/2026,Manish Tiwari,manishtiwari658@gmail.com,9592988981,Ananya Joshi,YouTube,65999,"15/04/2026, 04:19 PM",28700,Self Finance,Partial,
Apr-26,ADS Referral,BA Search Ads,GSN,BA-B05,26/04/2026,Nikhil Tiwari,nikhil.tiwari352@outlook.com,7142008300,Priya Sharma,Google Ads,49999,"06/04/2026, 09:20 AM",12000,,Paid,
Apr-26,ADS,DS Search Ads,SEM,DS-B10,19/04/2026,Varun Chopra,varunchopra614@hotmail.com,7553501631,Suresh Bhat,Google Ads,76999,"11/04/2026, 07:12 PM",20700,Eduvanz,Paid,
Apr-26,ADS,DS Search Ads,SEM,DS-B10,23/04/2026,Deepak Chopra,deepakchopra574@hotmail.com,8633061464,Meera Pillai,Google Ads,62999,"14/04/2026, 04:47 PM",22900,Eduvanz,Partial,
Apr-26,ADS,DA Search Ads,GSN,DA-B12,22/04/2026,Sneha Joshi,sneha_joshi@outlook.com,7800760928,Ananya Joshi,Referral,59999,"21/04/2026, 10:04 PM",16100,Propelld,Paid,
Apr-26,ADS,BA Search Ads,GSN,BA-B05,04/04/2026,Bhavna Chopra,bhavnachopra914@hotmail.com,8820663753,Meera Pillai,Meta Ads,59999,"02/04/2026, 07:27 PM",28900,Self Finance,Paid,
Apr-26,ADS,AI/ML Search Ads,SEM,AIML-B03,28/04/2026,Pooja Fernandes,poojafernandes@hotmail.com,8361856876,Rahul Menon,WhatsApp,66999,"12/04/2026, 01:54 PM",32400,Self Finance,Paid,
Apr-26,YT,DA Search Ads,GSN,DA-B12,24/04/2026,Sakshi Bose,sakshi_bose@hotmail.com,8439724989,Kavya Reddy,Google Ads,69999,"03/04/2026, 02:12 PM",32500,Self Finance,Pending,
Apr-26,ADS,BA Search Ads,GSN,BA-B05,17/04/2026,Pallavi Jain,pallavi_jain616@yahoo.com,7739064986,Sneha Iyer,Meta Ads,57999,"18/04/2026, 03:31 PM",20600,Eduvanz,Paid,
Apr-26,YT,DA Search Ads,SEM,DA-B14,05/04/2026,Aditya Rajan,aditya.rajan101@rediffmail.com,6684066393,Meera Pillai,Google Ads,53999,"30/04/2026, 01:29 PM",19300,Eduvanz,Paid,
Apr-26,YT Referral,DA Search Ads,GSN,DA-B12,28/04/2026,Pradeep Gupta,pradeep_gupta@rediffmail.com,9284126587,Rahul Menon,Meta Ads,54999,"09/04/2026, 11:09 AM",14900,Propelld,Paid,
Apr-26,YT Referral,Gen AI Search Ads,GSN,GENAI-B03,22/04/2026,Priya Ghosh,priyaghosh245@rediffmail.com,9320386135,Kavya Reddy,Google Ads,57999,"30/04/2026, 06:18 PM",16300,Eduvanz,Loan Disbursed,16/04/2026
Apr-26,ADS Referral,CS Search Ads,GSN,CS-B05,24/04/2026,Sahil Shetty,sahilshetty@rediffmail.com,6522211247,Arjun Nair,Organic,65999,"15/04/2026, 11:12 AM",13600,Eduvanz,Paid,
Apr-26,ADS,DA Meta Ads,META,DA-B12,17/04/2026,Geeta Singh,geetasingh360@rediffmail.com,9929086161,Ananya Joshi,Google Ads,69999,"17/04/2026, 04:59 PM",14100,Self Finance,Loan Disbursed,
Apr-26,YT,DA Meta Ads,FB,DA-B12,04/04/2026,Uday Murthy,uday_murthy@gmail.com,8401148080,Vikram Das,Meta Ads,59999,"21/04/2026, 03:22 PM",28700,NBFC Direct,Partial,
Apr-26,ADS,DS Search Ads,GSN,DS-B10,29/04/2026,Yash Gupta,yash.gupta@outlook.com,9210572303,Rahul Menon,YouTube,76999,"02/04/2026, 01:33 PM",26100,NBFC Direct,Refunded,
Apr-26,ADS,DA Search Ads,GSN,DA-B13,25/04/2026,Sonia Das,sonia.das@yahoo.com,8963853829,Ananya Joshi,Google Ads,56999,"14/04/2026, 05:28 PM",13300,Self Finance,Paid,
Apr-26,ADS Referral,Gen AI Meta Ads,FB,GENAI-B04,02/04/2026,Lakshmi Naidu,lakshmi_naidu@outlook.com,7334148288,Priya Sharma,YouTube,67999,"10/04/2026, 06:53 PM",21600,Propelld,Partial,
Apr-26,ADS,DA Search Ads,SEM,DA-B12,30/04/2026,Jaya Ghosh,jaya_ghosh@hotmail.com,7967548919,Deepak Verma,Meta Ads,58999,"29/04/2026, 05:32 PM",25000,Self Finance,Paid,
Apr-26,ADS,DA Meta Ads,META,DA-B12,03/04/2026,Manish Reddy,manish_reddy392@gmail.com,9498736468,Ananya Joshi,Meta Ads,66999,"06/04/2026, 11:45 AM",24900,NBFC Direct,Partial,
Apr-26,ADS,AI/ML Search Ads,GSN,AIML-B02,28/04/2026,Deepak Murthy,deepakmurthy975@rediffmail.com,9799043037,Sneha Iyer,WhatsApp,71999,"12/04/2026, 09:23 PM",34500,HDFC Credila,Pending,
Apr-26,YT,CS Search Ads,GADS,CS-B04,13/04/2026,Ishaan Bose,ishaanbose@yahoo.com,9099536584,Vikram Das,Meta Ads,63999,"23/04/2026, 08:49 PM",31700,Eduvanz,Pending,
Apr-26,ADS Referral,BA Meta Ads,INST,BA-B06,25/04/2026,Pallavi Kapoor,pallavi_kapoor178@yahoo.com,8525986984,Vikram Das,Meta Ads,48999,"28/04/2026, 11:29 AM",15500,Propelld,Paid,
Apr-26,YT,BA Search Ads,GSN,BA-B05,04/04/2026,Geeta Menon,geetamenon147@yahoo.com,8089530021,Rahul Menon,YouTube,58999,"01/04/2026, 04:48 PM",19300,NBFC Direct,Partial,
Apr-26,ADS,DA Search Ads,GADS,DA-B13,18/04/2026,Priya Bose,priya_bose477@gmail.com,7775551210,Kavya Reddy,Google Ads,58999,"24/04/2026, 08:41 PM",16800,Self Finance,Pending,
Apr-26,YT,CS Search Ads,GADS,CS-B05,04/04/2026,Kavya Fernandes,kavya.fernandes@outlook.com,6591123945,Vikram Das,Referral,69999,"03/04/2026, 12:01 PM",31100,Self Finance,Paid,
Apr-26,ADS,AI/ML Search Ads,SEM,AIML-B03,04/04/2026,Mohit Pillai,mohit.pillai180@gmail.com,7622103518,Kavya Reddy,Google Ads,67999,"09/04/2026, 09:21 AM",19600,Propelld,Paid,
Apr-26,ADS,BA Search Ads,GADS,BA-B05,01/04/2026,Vinay Verma,vinayverma499@rediffmail.com,6502718690,Priya Sharma,YouTube,52999,"14/04/2026, 10:59 AM",19800,HDFC Credila,Paid,
Apr-26,ADS,AI/ML Search Ads,GSN,AIML-B03,30/04/2026,Harish Verma,harishverma@yahoo.com,6442278904,Arjun Nair,Organic,70999,"16/04/2026, 02:19 PM",16500,Self Finance,Partial,
Apr-26,YT,DS Search Ads,GSN,DS-B10,15/04/2026,Swati Das,swati_das@gmail.com,8577741331,Rahul Menon,Meta Ads,64999,"12/04/2026, 01:30 PM",28100,Self Finance,Paid,
Apr-26,YT Referral,DA Meta Ads,FB,DA-B14,16/04/2026,Aarav Kumar,aaravkumar@gmail.com,7211781360,Meera Pillai,Google Ads,59999,"23/04/2026, 09:17 AM",21700,HDFC Credila,Paid,
Apr-26,ADS,Gen AI Meta Ads,META,GENAI-B04,17/04/2026,Sonia Singh,sonia_singh797@yahoo.com,7767959786,Sneha Iyer,Meta Ads,67999,"01/04/2026, 09:20 PM",24000,Self Finance,Partial,
Apr-26,ADS Referral,DA Search Ads,GADS,DA-B13,12/04/2026,Chetan Pillai,chetanpillai453@hotmail.com,8085412909,Vikram Das,YouTube,60999,"30/04/2026, 03:14 PM",20200,Self Finance,Paid,
Apr-26,ADS,BA Meta Ads,META,BA-B06,30/04/2026,Sneha Rajan,sneha.rajan741@gmail.com,9090583733,Kavya Reddy,Organic,54999,"15/04/2026, 10:31 PM",19100,Self Finance,Paid,
Apr-26,YT,DA Meta Ads,META,DA-B12,01/04/2026,Gaurav Varma,gauravvarma@hotmail.com,9438309883,Ananya Joshi,Google Ads,63999,"15/04/2026, 09:10 AM",23900,Self Finance,Paid,
Apr-26,YT,Gen AI Meta Ads,FB,GENAI-B04,11/04/2026,Uday Reddy,uday_reddy976@rediffmail.com,6952509110,Deepak Verma,Meta Ads,65999,"06/04/2026, 10:43 AM",15400,Propelld,Loan Disbursed,02/04/2026
Apr-26,YT,DS Meta Ads,FB,DS-B09,27/04/2026,Divya Nair,divya.nair559@gmail.com,7687205744,Vikram Das,Google Ads,84999,"11/04/2026, 10:35 PM",20900,Self Finance,Paid,
Apr-26,ADS,DM Meta Ads,FB,DM-B08,05/04/2026,Akash Pandey,akash.pandey756@outlook.com,9371165018,Arjun Nair,Organic,37999,"25/04/2026, 10:13 AM",15800,,Paid,
Apr-26,YT,BA Search Ads,GADS,BA-B05,09/04/2026,Aditya Verma,aditya.verma@rediffmail.com,6100595901,Vikram Das,Meta Ads,56999,"21/04/2026, 10:07 AM",19100,Auxilo,Paid,
Apr-26,YT Referral,Gen AI Meta Ads,FB,GENAI-B04,14/04/2026,Vishal Gupta,vishal_gupta@gmail.com,7684551046,Priya Sharma,Google Ads,72999,"26/04/2026, 01:19 PM",19900,,Loan Disbursed,
Apr-26,YT Referral,DA Search Ads,GADS,DA-B12,16/04/2026,Sandeep Hegde,sandeep_hegde564@hotmail.com,8979650713,Suresh Bhat,WhatsApp,55999,"05/04/2026, 08:19 PM",11300,NBFC Direct,Loan Disbursed,07/04/2026
Apr-26,YT,DA Meta Ads,FB,DA-B14,16/04/2026,Harish Ghosh,harishghosh338@gmail.com,6713555150,Ananya Joshi,YouTube,53999,"13/04/2026, 06:59 PM",13800,Self Finance,Paid,
Apr-26,ADS,DA Meta Ads,META,DA-B12,03/04/2026,Ishaan Singh,ishaan.singh107@hotmail.com,8461588347,Arjun Nair,Meta Ads,64999,"01/04/2026, 05:07 PM",16700,NBFC Direct,Paid,
Apr-26,YT,Gen AI Search Ads,SEM,GENAI-B04,02/04/2026,Hemant Gupta,hemantgupta@gmail.com,8683242513,Ananya Joshi,Google Ads,57999,"05/04/2026, 01:08 PM",15800,HDFC Credila,Pending,
Apr-26,ADS,DA Meta Ads,META,DA-B13,15/04/2026,Pradeep Shah,pradeepshah251@hotmail.com,7013717741,Meera Pillai,Google Ads,65999,"12/04/2026, 11:04 AM",23700,Eduvanz,Partial,
Apr-26,ADS Referral,DS Search Ads,SEM,DS-B08,08/04/2026,Sandeep Murthy,sandeepmurthy@hotmail.com,6110084758,Kavya Reddy,Referral,68999,"18/04/2026, 07:38 PM",21300,HDFC Credila,Pending,
Apr-26,ADS,DS Meta Ads,FB,DS-B10,04/04/2026,Meera Das,meeradas743@yahoo.com,7553878838,Ananya Joshi,Organic,61999,"03/04/2026, 05:54 PM",26200,Propelld,Partial,
Apr-26,ADS,BA Meta Ads,INST,BA-B05,08/04/2026,Deepak Das,deepak.das35@outlook.com,9201204250,Sneha Iyer,Meta Ads,53999,"13/04/2026, 10:19 AM",12600,Propelld,Partial,
Apr-26,YT,Gen AI Meta Ads,META,GENAI-B03,30/04/2026,Kritika Patel,kritika_patel314@gmail.com,6978834452,Suresh Bhat,YouTube,61999,"14/04/2026, 12:11 PM",21800,HDFC Credila,Pending,
Apr-26,YT,DA Meta Ads,INST,DA-B12,16/04/2026,Esha Tiwari,eshatiwari36@outlook.com,9742722645,Deepak Verma,Referral,69999,"17/04/2026, 08:21 PM",28900,Self Finance,Loan Disbursed,
Apr-26,ADS,Gen AI Meta Ads,FB,GENAI-B03,01/04/2026,Pradeep Naidu,pradeep.naidu@outlook.com,9678054523,Rahul Menon,Meta Ads,76999,"01/04/2026, 09:25 PM",26100,Self Finance,Paid,
Apr-26,YT Referral,DA Meta Ads,FB,DA-B12,23/04/2026,Vinay Bose,vinay_bose@gmail.com,8781267789,Arjun Nair,YouTube,61999,"13/04/2026, 09:27 PM",25600,Propelld,Pending,
Apr-26,YT,Gen AI Search Ads,SEM,GENAI-B03,16/04/2026,Tanvi Bose,tanvi.bose855@yahoo.com,6260504154,Deepak Verma,Organic,57999,"07/04/2026, 10:13 AM",21200,Self Finance,Partial,
Apr-26,ADS,DM Meta Ads,META,DM-B08,18/04/2026,Tanvi Kumar,tanvikumar932@hotmail.com,6076651631,Ananya Joshi,Google Ads,38999,"09/04/2026, 08:32 PM",13500,Self Finance,Paid,
Apr-26,ADS,Gen AI Meta Ads,FB,GENAI-B04,02/04/2026,Sakshi Nair,sakshinair@hotmail.com,6700785882,Meera Pillai,WhatsApp,76999,"26/04/2026, 09:47 AM",19500,Auxilo,Paid,
Apr-26,YT Referral,DA Meta Ads,FB,DA-B12,22/04/2026,Vishal Varma,vishal.varma803@gmail.com,7819140739,Priya Sharma,YouTube,58999,"09/04/2026, 12:24 PM",25500,Eduvanz,Paid,
Apr-26,ADS Referral,DS Search Ads,GSN,DS-B10,15/04/2026,Priya Sharma,priya.sharma840@hotmail.com,6406305796,Ananya Joshi,WhatsApp,62999,"24/04/2026, 11:57 AM",22600,Self Finance,Paid,
Apr-26,YT,Gen AI Search Ads,GSN,GENAI-B03,28/04/2026,Kritika Agarwal,kritika.agarwal@outlook.com,9272968027,Rahul Menon,Meta Ads,73999,"22/04/2026, 08:00 PM",15500,,Paid,
Apr-26,ADS,Gen AI Meta Ads,META,GENAI-B04,04/04/2026,Harish Naidu,harish.naidu@gmail.com,9476746789,Sneha Iyer,Meta Ads,69999,"05/04/2026, 10:11 PM",22900,Auxilo,Pending,
Apr-26,ADS,CS Search Ads,GADS,CS-B04,27/04/2026,Sakshi Rajan,sakshirajan47@gmail.com,9984466905,Priya Sharma,Meta Ads,54999,"10/04/2026, 09:16 AM",16700,,Pending,
Apr-26,ADS,DS Search Ads,GADS,DS-B08,25/04/2026,Kavya Naidu,kavyanaidu59@yahoo.com,8051912412,Rahul Menon,Meta Ads,61999,"01/04/2026, 01:05 PM",15500,,Paid,
Apr-26,YT,Gen AI Meta Ads,FB,GENAI-B03,08/04/2026,Ananya Desai,ananyadesai816@yahoo.com,9397192829,Suresh Bhat,Google Ads,74999,"06/04/2026, 11:10 AM",33200,Eduvanz,Paid,
Apr-26,ADS,BA Meta Ads,META,BA-B05,14/04/2026,Mohit Joshi,mohit.joshi950@rediffmail.com,9428769801,Vikram Das,Meta Ads,56999,"05/04/2026, 01:53 PM",25500,HDFC Credila,Loan Disbursed,20/04/2026
Apr-26,ADS,CS Search Ads,GSN,CS-B04,19/04/2026,Ravi Hegde,ravihegde@rediffmail.com,8826672651,Rahul Menon,Meta Ads,66999,"03/04/2026, 10:29 PM",19300,Propelld,Loan Disbursed,24/04/2026
Apr-26,YT,AI/ML Search Ads,SEM,AIML-B02,22/04/2026,Deepak Rao,deepakrao@rediffmail.com,7395868797,Priya Sharma,Meta Ads,76999,"22/04/2026, 12:32 PM",25400,Propelld,Partial,
Apr-26,ADS,DS Meta Ads,META,DS-B10,21/04/2026,Yash Mehta,yashmehta695@gmail.com,8324659527,Meera Pillai,WhatsApp,70999,"26/04/2026, 09:15 AM",30800,HDFC Credila,Paid,
Apr-26,YT,AI/ML Search Ads,GSN,AIML-B03,14/04/2026,Aditya Tiwari,aditya_tiwari753@outlook.com,9379182451,Priya Sharma,Google Ads,84999,"02/04/2026, 10:12 AM",23400,Propelld,Paid,
Apr-26,ADS,CS Search Ads,GADS,CS-B05,14/04/2026,Sneha Yadav,sneha.yadav@hotmail.com,6689938984,Kavya Reddy,Google Ads,57999,"12/04/2026, 12:24 PM",16800,Self Finance,Pending,
Apr-26,ADS,Gen AI Search Ads,GSN,GENAI-B03,09/04/2026,Harish Shah,harishshah@yahoo.com,7250957077,Suresh Bhat,Meta Ads,75999,"24/04/2026, 03:42 PM",20000,Auxilo,Loan Disbursed,11/04/2026
Apr-26,YT,Gen AI Search Ads,SEM,GENAI-B03,29/04/2026,Harish Pandey,harish_pandey357@hotmail.com,8972034076,Suresh Bhat,Google Ads,61999,"05/04/2026, 10:02 AM",28500,,Paid,
Apr-26,YT Referral,DS Search Ads,GADS,DS-B10,06/04/2026,Bhavna Varma,bhavnavarma961@yahoo.com,9029767082,Rahul Menon,YouTube,71999,"01/04/2026, 11:16 AM",15100,HDFC Credila,Paid,
Apr-26,YT,Gen AI Search Ads,GADS,GENAI-B03,16/04/2026,Geeta Desai,geeta_desai@outlook.com,9206494189,Kavya Reddy,YouTube,77999,"18/04/2026, 08:17 PM",36400,Self Finance,Paid,
Apr-26,ADS,DA Search Ads,GADS,DA-B13,19/04/2026,Jaya Menon,jayamenon@rediffmail.com,7192443782,Deepak Verma,Referral,57999,"08/04/2026, 09:05 AM",23600,Eduvanz,Paid,
Apr-26,ADS,AI/ML Search Ads,SEM,AIML-B02,17/04/2026,Manish Shah,manish.shah@outlook.com,9881980798,Suresh Bhat,Google Ads,80999,"26/04/2026, 02:02 PM",31100,,Refunded,
Apr-26,ADS,DM Meta Ads,INST,DM-B07,26/04/2026,Shruti Kapoor,shruti.kapoor@rediffmail.com,8465704103,Kavya Reddy,Google Ads,49999,"14/04/2026, 08:02 PM",16200,Self Finance,Paid,
Apr-26,ADS,AI/ML Search Ads,SEM,AIML-B03,16/04/2026,Divya Kumar,divya_kumar@gmail.com,6332689086,Arjun Nair,YouTube,67999,"18/04/2026, 01:40 PM",20600,Auxilo,Paid,
Apr-26,ADS Referral,DA Meta Ads,META,DA-B12,21/04/2026,Ishaan Pandey,ishaan.pandey@gmail.com,6637908113,Vikram Das,YouTube,55999,"06/04/2026, 07:51 PM",26900,Self Finance,Paid,
Apr-26,ADS,BA Search Ads,GSN,BA-B06,09/04/2026,Pooja Das,pooja_das@gmail.com,9978400953,Deepak Verma,Google Ads,45999,"17/04/2026, 02:32 PM",10500,Self Finance,Pending,
Apr-26,YT,DS Search Ads,GADS,DS-B09,21/04/2026,Lakshmi Shetty,lakshmi_shetty@yahoo.com,9782984090,Vikram Das,Meta Ads,75999,"29/04/2026, 06:33 PM",29800,Propelld,Paid,
Apr-26,YT,DA Meta Ads,INST,DA-B14,08/04/2026,Lakshmi Ghosh,lakshmi_ghosh@rediffmail.com,8519580954,Deepak Verma,Google Ads,55999,"21/04/2026, 02:05 PM",17300,,Paid,
Apr-26,YT,DA Meta Ads,INST,DA-B14,29/04/2026,Aryan Rajan,aryan_rajan481@rediffmail.com,6932569738,Suresh Bhat,Google Ads,58999,"05/04/2026, 03:43 PM",15500,Propelld,Partial,
Apr-26,ADS,Gen AI Meta Ads,FB,GENAI-B04,26/04/2026,Vishal Iyer,vishal.iyer956@rediffmail.com,9700738524,Suresh Bhat,Google Ads,64999,"04/04/2026, 08:10 PM",20600,,Loan Disbursed,
Apr-26,YT,AI/ML Search Ads,GSN,AIML-B02,24/04/2026,Sneha Murthy,snehamurthy@gmail.com,6998297344,Ananya Joshi,Meta Ads,66999,"05/04/2026, 12:07 PM",25400,Auxilo,Partial,
Apr-26,YT,DA Meta Ads,META,DA-B12,02/04/2026,Rohit Desai,rohit_desai@hotmail.com,6027708446,Kavya Reddy,Meta Ads,52999,"10/04/2026, 08:47 PM",22200,,Paid,
Apr-26,ADS,DM Meta Ads,INST,DM-B07,24/04/2026,Ravi Desai,ravidesai@yahoo.com,9391433313,Rahul Menon,YouTube,35999,"02/04/2026, 11:33 AM",14600,Self Finance,Loan Disbursed,
Apr-26,ADS,DA Meta Ads,FB,DA-B12,30/04/2026,Pradeep Kumar,pradeep_kumar@gmail.com,6746663891,Meera Pillai,Referral,69999,"14/04/2026, 08:59 PM",27300,Auxilo,Pending,
Apr-26,ADS Referral,DM Meta Ads,INST,DM-B07,12/04/2026,Isha Pillai,isha.pillai904@hotmail.com,9011431544,Vikram Das,YouTube,47999,"26/04/2026, 08:08 PM",10900,Auxilo,Paid,
Apr-26,YT,DA Meta Ads,META,DA-B13,22/04/2026,Rohan Pillai,rohan.pillai426@rediffmail.com,8853878906,Rahul Menon,Organic,68999,"04/04/2026, 11:46 AM",22100,,Paid,
Apr-26,ADS,BA Search Ads,GSN,BA-B06,10/04/2026,Sandeep Murthy,sandeep_murthy@yahoo.com,6646994527,Vikram Das,YouTube,54999,"20/04/2026, 08:32 PM",20800,Self Finance,Paid,
Apr-26,YT,AI/ML Search Ads,GSN,AIML-B03,20/04/2026,Isha Pillai,ishapillai422@gmail.com,7158945672,Deepak Verma,Meta Ads,83999,"08/04/2026, 02:48 PM",41000,Eduvanz,Paid,
Apr-26,YT,DA Meta Ads,META,DA-B13,14/04/2026,Varun Ghosh,varun.ghosh@rediffmail.com,8761975131,Arjun Nair,Google Ads,57999,"24/04/2026, 08:57 PM",11800,Eduvanz,Partial,
Apr-26,YT Referral,DS Search Ads,GSN,DS-B08,05/04/2026,Aarav Fernandes,aarav.fernandes988@outlook.com,6681800812,Deepak Verma,Google Ads,61999,"04/04/2026, 03:32 PM",20000,HDFC Credila,Partial,
Apr-26,YT,Gen AI Meta Ads,FB,GENAI-B03,26/04/2026,Divya Menon,divyamenon@rediffmail.com,8821124486,Ananya Joshi,Organic,64999,"04/04/2026, 06:51 PM",31500,Self Finance,Partial,
Apr-26,YT,AI/ML Search Ads,SEM,AIML-B02,18/04/2026,Kritika Rajan,kritikarajan673@outlook.com,7637805743,Suresh Bhat,Organic,82999,"21/04/2026, 08:55 PM",24000,Self Finance,Loan Disbursed,
Apr-26,ADS,DA Meta Ads,FB,DA-B12,03/04/2026,Esha Shetty,esha_shetty@outlook.com,6323515853,Ananya Joshi,Google Ads,66999,"10/04/2026, 02:42 PM",15700,Self Finance,Paid,
Apr-26,YT,DA Search Ads,GSN,DA-B12,03/04/2026,Rohan Reddy,rohanreddy844@gmail.com,8289450397,Vikram Das,YouTube,58999,"06/04/2026, 09:50 AM",16600,Self Finance,Refunded,
Apr-26,YT,BA Search Ads,GSN,BA-B05,27/04/2026,Akash Patel,akash.patel183@yahoo.com,9744667853,Deepak Verma,Google Ads,59999,"12/04/2026, 09:06 PM",13600,Eduvanz,Loan Disbursed,21/04/2026
Apr-26,ADS,BA Meta Ads,META,BA-B06,09/04/2026,Kritika Das,kritikadas@hotmail.com,8033677823,Ananya Joshi,Google Ads,59999,"15/04/2026, 05:44 PM",13900,HDFC Credila,Paid,
Apr-26,ADS Referral,Gen AI Meta Ads,FB,GENAI-B04,15/04/2026,Vinay Shah,vinay_shah@outlook.com,7781348028,Priya Sharma,YouTube,78999,"12/04/2026, 03:18 PM",29500,,Paid,
Apr-26,ADS,AI/ML Search Ads,SEM,AIML-B03,11/04/2026,Tanvi Desai,tanvi.desai672@gmail.com,6056911237,Suresh Bhat,Google Ads,69999,"28/04/2026, 03:12 PM",16500,HDFC Credila,Paid,
Apr-26,YT Referral,DA Search Ads,SEM,DA-B14,13/04/2026,Sakshi Murthy,sakshi_murthy@gmail.com,9268360036,Meera Pillai,YouTube,53999,"13/04/2026, 10:04 PM",11500,,Paid,
Apr-26,ADS Referral,CS Search Ads,GADS,CS-B04,16/04/2026,Shruti Singh,shruti.singh527@gmail.com,6649355020,Suresh Bhat,Meta Ads,62999,"07/04/2026, 09:02 AM",22700,Self Finance,Paid,
Apr-26,YT,Gen AI Search Ads,GSN,GENAI-B03,06/04/2026,Yash Iyer,yashiyer366@rediffmail.com,7864490466,Deepak Verma,Google Ads,79999,"08/04/2026, 07:01 PM",22300,NBFC Direct,Paid,
Apr-26,YT,BA Meta Ads,INST,BA-B06,02/04/2026,Geeta Patel,geeta.patel73@yahoo.com,7597661908,Priya Sharma,Google Ads,54999,"12/04/2026, 12:55 PM",18500,HDFC Credila,Paid,
Apr-26,YT,DA Meta Ads,INST,DA-B13,25/04/2026,Priya Rajan,priya_rajan165@gmail.com,6263764306,Kavya Reddy,Meta Ads,62999,"06/04/2026, 04:48 PM",23800,HDFC Credila,Paid,
Apr-26,ADS,BA Search Ads,GSN,BA-B05,29/04/2026,Rohit Shetty,rohitshetty25@hotmail.com,6182217966,Deepak Verma,Organic,54999,"10/04/2026, 02:26 PM",11900,HDFC Credila,Paid,
Apr-26,ADS,AI/ML Search Ads,SEM,AIML-B02,13/04/2026,Karan Jain,karan_jain@outlook.com,8794307164,Rahul Menon,Meta Ads,66999,"25/04/2026, 07:29 PM",13800,Propelld,Partial,
Apr-26,ADS,DA Meta Ads,FB,DA-B12,25/04/2026,Sonia Shah,sonia_shah@rediffmail.com,8581589095,Arjun Nair,YouTube,61999,"11/04/2026, 01:24 PM",13600,Propelld,Loan Disbursed,24/04/2026
Apr-26,ADS,DA Meta Ads,META,DA-B14,09/04/2026,Deepak Rao,deepak_rao725@gmail.com,8287250302,Deepak Verma,Referral,57999,"20/04/2026, 09:20 PM",21200,,Partial,
Apr-26,ADS Referral,DA Meta Ads,INST,DA-B13,10/04/2026,Manish Pillai,manish_pillai@outlook.com,7280229129,Rahul Menon,Google Ads,56999,"20/04/2026, 09:25 PM",13800,Self Finance,Partial,
Apr-26,ADS Referral,DS Meta Ads,FB,DS-B10,13/04/2026,Chetan Singh,chetan_singh@gmail.com,9032795841,Vikram Das,YouTube,73999,"24/04/2026, 09:57 AM",28100,Self Finance,Paid,
Apr-26,YT Referral,DM Meta Ads,FB,DM-B08,14/04/2026,Pradeep Verma,pradeepverma812@outlook.com,8757162413,Priya Sharma,YouTube,41999,"10/04/2026, 11:55 AM",14200,Self Finance,Loan Disbursed,
Apr-26,ADS Referral,DA Meta Ads,FB,DA-B14,17/04/2026,Kavya Shetty,kavya.shetty207@rediffmail.com,8290562583,Rahul Menon,Google Ads,60999,"25/04/2026, 06:05 PM",23700,Self Finance,Loan Disbursed,
Apr-26,YT Referral,Gen AI Meta Ads,FB,GENAI-B04,05/04/2026,Geeta Verma,geeta.verma@gmail.com,6640386541,Meera Pillai,Google Ads,62999,"07/04/2026, 10:42 PM",26300,,Refunded,
Apr-26,YT,DA Search Ads,GADS,DA-B12,11/04/2026,Sakshi Naidu,sakshi_naidu@hotmail.com,7914239001,Kavya Reddy,Referral,54999,"29/04/2026, 10:30 PM",24100,,Paid,
Apr-26,ADS,Gen AI Search Ads,GADS,GENAI-B04,14/04/2026,Anjali Varma,anjalivarma644@outlook.com,7730173669,Sneha Iyer,Google Ads,64999,"05/04/2026, 03:28 PM",14700,Self Finance,Paid,
Apr-26,YT,BA Meta Ads,META,BA-B06,11/04/2026,Rohan Tiwari,rohantiwari676@rediffmail.com,6269300559,Ananya Joshi,Meta Ads,48999,"24/04/2026, 05:41 PM",12800,Eduvanz,Partial,
Apr-26,ADS,AI/ML Search Ads,GSN,AIML-B02,18/04/2026,Meera Shetty,meerashetty108@yahoo.com,7621530670,Suresh Bhat,WhatsApp,74999,"06/04/2026, 01:41 PM",25400,Auxilo,Partial,
Apr-26,ADS,Gen AI Search Ads,GADS,GENAI-B03,15/04/2026,Vinay Hegde,vinay.hegde443@hotmail.com,6052632778,Ananya Joshi,Meta Ads,56999,"23/04/2026, 12:42 PM",22100,HDFC Credila,Loan Disbursed,30/04/2026
Apr-26,YT,BA Meta Ads,INST,BA-B05,15/04/2026,Sakshi Singh,sakshisingh728@outlook.com,6448138153,Vikram Das,Google Ads,45999,"24/04/2026, 02:04 PM",14900,HDFC Credila,Paid,
Apr-26,YT,BA Meta Ads,META,BA-B05,29/04/2026,Nikhil Sharma,nikhilsharma975@yahoo.com,9182114746,Deepak Verma,Organic,56999,"04/04/2026, 10:28 AM",16900,NBFC Direct,Loan Disbursed,18/04/2026
Apr-26,ADS,CS Search Ads,GADS,CS-B04,16/04/2026,Pooja Menon,poojamenon@outlook.com,6962135847,Ananya Joshi,Meta Ads,53999,"17/04/2026, 01:40 PM",16500,Self Finance,Paid,
Apr-26,ADS Referral,DA Meta Ads,INST,DA-B14,28/04/2026,Ishaan Singh,ishaansingh88@outlook.com,8579309544,Sneha Iyer,Referral,57999,"14/04/2026, 09:04 AM",14200,Propelld,Paid,
Apr-26,ADS,Gen AI Search Ads,GADS,GENAI-B03,10/04/2026,Anjali Reddy,anjali.reddy677@outlook.com,7486586159,Suresh Bhat,Meta Ads,64999,"28/04/2026, 10:57 AM",17200,Self Finance,Paid,
Apr-26,ADS Referral,DS Search Ads,GSN,DS-B10,05/04/2026,Nikhil Sharma,nikhil_sharma@hotmail.com,8658740690,Rahul Menon,Meta Ads,70999,"18/04/2026, 06:28 PM",32800,Propelld,Partial,
Apr-26,YT,DA Meta Ads,FB,DA-B12,20/04/2026,Sneha Yadav,snehayadav@gmail.com,7518085665,Priya Sharma,Referral,64999,"29/04/2026, 09:36 AM",13600,HDFC Credila,Paid,
Apr-26,ADS,BA Search Ads,GADS,BA-B06,22/04/2026,Sahil Das,sahil_das@yahoo.com,9244212144,Sneha Iyer,Meta Ads,47999,"23/04/2026, 03:09 PM",15800,Auxilo,Paid,
Apr-26,YT Referral,DA Meta Ads,META,DA-B14,07/04/2026,Geeta Tiwari,geetatiwari@hotmail.com,7894067337,Vikram Das,Meta Ads,64999,"15/04/2026, 07:11 PM",28000,Propelld,Paid,
Apr-26,ADS,CS Search Ads,GSN,CS-B05,17/04/2026,Dhruv Verma,dhruv_verma@hotmail.com,6565847023,Kavya Reddy,Google Ads,56999,"12/04/2026, 09:52 PM",16200,Self Finance,Paid,
Apr-26,ADS,AI/ML Search Ads,GSN,AIML-B02,13/04/2026,Vinay Verma,vinay.verma@hotmail.com,7756325725,Meera Pillai,Email,88999,"08/04/2026, 11:27 AM",18200,,Partial,
Apr-26,ADS Referral,Gen AI Meta Ads,META,GENAI-B04,19/04/2026,Rohit Rajan,rohitrajan@gmail.com,7656035041,Arjun Nair,Google Ads,71999,"19/04/2026, 10:14 AM",29100,Auxilo,Loan Disbursed,21/04/2026
Apr-26,ADS Referral,DA Search Ads,SEM,DA-B12,04/04/2026,Ravi Bose,ravi_bose887@outlook.com,7706972477,Ananya Joshi,Referral,60999,"21/04/2026, 03:21 PM",27200,Eduvanz,Pending,
Apr-26,YT Referral,BA Search Ads,GSN,BA-B06,20/04/2026,Esha Agarwal,esha.agarwal@hotmail.com,8903807960,Meera Pillai,YouTube,45999,"03/04/2026, 03:07 PM",16900,Self Finance,Partial,
Apr-26,ADS,DS Meta Ads,META,DS-B09,10/04/2026,Sahil Sharma,sahilsharma@gmail.com,6387600388,Vikram Das,Google Ads,72999,"22/04/2026, 11:21 AM",22100,HDFC Credila,Paid,
Apr-26,YT Referral,DA Search Ads,SEM,DA-B13,11/04/2026,Manish Mehta,manish_mehta@outlook.com,9197000621,Deepak Verma,Meta Ads,54999,"29/04/2026, 03:40 PM",26600,NBFC Direct,Paid,
Apr-26,ADS,DS Search Ads,SEM,DS-B08,30/04/2026,Ananya Kapoor,ananyakapoor@gmail.com,9485098697,Meera Pillai,Meta Ads,83999,"05/04/2026, 05:45 PM",28400,Self Finance,Partial,
Apr-26,ADS Referral,Gen AI Meta Ads,META,GENAI-B03,09/04/2026,Kavya Kapoor,kavyakapoor@hotmail.com,7533138825,Kavya Reddy,Meta Ads,74999,"13/04/2026, 09:46 PM",20000,Self Finance,Partial,
Apr-26,ADS,BA Meta Ads,META,BA-B06,02/04/2026,Ananya Desai,ananya.desai701@gmail.com,9901548531,Rahul Menon,Referral,48999,"24/04/2026, 10:42 AM",11300,Self Finance,Pending,
Apr-26,ADS Referral,Gen AI Meta Ads,META,GENAI-B04,29/04/2026,Esha Gupta,eshagupta@rediffmail.com,9173401463,Rahul Menon,Meta Ads,65999,"22/04/2026, 07:18 PM",26100,,Paid,
Apr-26,ADS,DA Search Ads,GADS,DA-B12,04/04/2026,Jaya Yadav,jayayadav@outlook.com,8317955282,Arjun Nair,Meta Ads,62999,"10/04/2026, 09:55 PM",16000,HDFC Credila,Partial,
Apr-26,ADS Referral,BA Meta Ads,INST,BA-B05,20/04/2026,Vinay Pillai,vinay_pillai@gmail.com,6629750913,Arjun Nair,Referral,51999,"05/04/2026, 07:59 PM",23400,Self Finance,Partial,
Apr-26,YT,DS Search Ads,GADS,DS-B10,12/04/2026,Rohan Gupta,rohan_gupta536@gmail.com,9211183493,Deepak Verma,YouTube,81999,"18/04/2026, 10:58 AM",22800,Eduvanz,Paid,
Apr-26,ADS,DA Meta Ads,INST,DA-B14,23/04/2026,Tanvi Reddy,tanvi_reddy737@rediffmail.com,8302106607,Suresh Bhat,Google Ads,68999,"19/04/2026, 04:43 PM",16200,Propelld,Loan Disbursed,02/04/2026
Apr-26,YT Referral,DA Meta Ads,META,DA-B12,22/04/2026,Aditya Pandey,aditya_pandey872@yahoo.com,8911127140,Meera Pillai,Google Ads,61999,"17/04/2026, 05:11 PM",13800,Eduvanz,Loan Disbursed,28/04/2026
Apr-26,YT,BA Meta Ads,INST,BA-B06,15/04/2026,Suresh Singh,suresh.singh618@gmail.com,6716201280,Deepak Verma,YouTube,53999,"05/04/2026, 06:51 PM",25200,Self Finance,Paid,
Apr-26,ADS,CS Search Ads,GSN,CS-B04,25/04/2026,Bhavna Murthy,bhavna_murthy@hotmail.com,7529268923,Priya Sharma,Google Ads,52999,"15/04/2026, 09:30 AM",20500,Auxilo,Partial,
Apr-26,ADS,DA Search Ads,SEM,DA-B14,13/04/2026,Rohit Mehta,rohit.mehta505@yahoo.com,6289758187,Meera Pillai,YouTube,52999,"05/04/2026, 10:10 AM",19100,Propelld,Loan Disbursed,07/04/2026
Apr-26,ADS,DM Meta Ads,FB,DM-B07,27/04/2026,Vishal Verma,vishal.verma232@gmail.com,6847967923,Deepak Verma,YouTube,35999,"03/04/2026, 11:09 AM",10700,Self Finance,Partial,
Apr-26,YT Referral,Gen AI Meta Ads,META,GENAI-B04,04/04/2026,Kavya Chopra,kavyachopra937@hotmail.com,6376007246,Ananya Joshi,Meta Ads,58999,"14/04/2026, 03:03 PM",26200,Self Finance,Paid,
Apr-26,YT Referral,DS Meta Ads,FB,DS-B08,03/04/2026,Pooja Menon,pooja.menon@rediffmail.com,9840529240,Priya Sharma,YouTube,64999,"03/04/2026, 06:22 PM",22100,Propelld,Paid,
Apr-26,ADS,BA Meta Ads,META,BA-B06,22/04/2026,Rahul Iyer,rahul.iyer931@hotmail.com,9416018701,Rahul Menon,Meta Ads,45999,"09/04/2026, 06:05 PM",18300,Auxilo,Refunded,
Apr-26,YT,DA Meta Ads,META,DA-B13,12/04/2026,Sakshi Bose,sakshibose574@outlook.com,6394374334,Arjun Nair,WhatsApp,51999,"24/04/2026, 10:19 AM",19900,HDFC Credila,Paid,
Apr-26,ADS Referral,BA Meta Ads,META,BA-B05,13/04/2026,Sahil Nair,sahil_nair@rediffmail.com,6634532327,Arjun Nair,Organic,48999,"25/04/2026, 01:34 PM",15000,Self Finance,Paid,
Apr-26,YT,DA Meta Ads,META,DA-B14,22/04/2026,Vinay Pandey,vinay_pandey13@gmail.com,6251761160,Ananya Joshi,Meta Ads,68999,"01/04/2026, 11:20 AM",15000,,Pending,
Apr-26,YT Referral,DS Search Ads,GSN,DS-B10,21/04/2026,Dhruv Gupta,dhruv.gupta@rediffmail.com,7977350848,Suresh Bhat,Google Ads,79999,"29/04/2026, 12:31 PM",18600,Auxilo,Paid,
Apr-26,ADS,DA Meta Ads,INST,DA-B12,15/04/2026,Suresh Singh,sureshsingh747@yahoo.com,7831887684,Priya Sharma,WhatsApp,54999,"28/04/2026, 02:26 PM",13300,Propelld,Paid,
Apr-26,ADS Referral,DA Meta Ads,META,DA-B12,10/04/2026,Vijay Singh,vijay_singh@outlook.com,9621497796,Priya Sharma,Google Ads,57999,"11/04/2026, 05:27 PM",13800,Self Finance,Partial,
Apr-26,ADS,DA Meta Ads,META,DA-B12,30/04/2026,Vijay Sharma,vijaysharma48@yahoo.com,6259775586,Rahul Menon,Google Ads,50999,"28/04/2026, 11:08 AM",22600,Self Finance,Loan Disbursed,
Apr-26,ADS,CS Search Ads,GSN,CS-B05,09/04/2026,Aditya Pandey,adityapandey526@outlook.com,9635277656,Vikram Das,YouTube,69999,"17/04/2026, 01:25 PM",22800,Self Finance,Paid,
Apr-26,ADS,Gen AI Meta Ads,META,GENAI-B03,19/04/2026,Vijay Iyer,vijay_iyer25@outlook.com,9488970444,Suresh Bhat,Organic,73999,"21/04/2026, 11:32 AM",25000,Self Finance,Loan Disbursed,
Apr-26,ADS Referral,BA Meta Ads,META,BA-B06,21/04/2026,Aryan Pillai,aryan_pillai@rediffmail.com,9827647627,Ananya Joshi,Organic,51999,"15/04/2026, 08:36 PM",13500,Auxilo,Paid,
Apr-26,YT,CS Search Ads,GADS,CS-B05,07/04/2026,Geeta Singh,geeta.singh@rediffmail.com,7027730994,Vikram Das,Referral,51999,"21/04/2026, 10:22 PM",11700,Self Finance,Paid,
Apr-26,ADS Referral,CS Search Ads,GSN,CS-B04,23/04/2026,Nandini Nair,nandini_nair@outlook.com,7271269819,Sneha Iyer,Meta Ads,58999,"19/04/2026, 01:06 PM",13900,Eduvanz,Paid,
Apr-26,ADS,CS Search Ads,GSN,CS-B05,08/04/2026,Kritika Fernandes,kritika_fernandes@gmail.com,9549421783,Deepak Verma,Meta Ads,61999,"30/04/2026, 09:55 PM",27100,Propelld,Paid,
Apr-26,ADS,DA Meta Ads,META,DA-B12,19/04/2026,Aryan Bose,aryan_bose@gmail.com,7853494126,Rahul Menon,Referral,69999,"13/04/2026, 04:06 PM",22700,Eduvanz,Loan Disbursed,13/04/2026
Apr-26,YT,Gen AI Meta Ads,META,GENAI-B04,25/04/2026,Sonia Singh,soniasingh423@outlook.com,6058393366,Ananya Joshi,YouTube,64999,"13/04/2026, 09:15 AM",32100,NBFC Direct,Paid,
Apr-26,ADS Referral,DM Meta Ads,META,DM-B08,16/04/2026,Nikhil Desai,nikhil.desai@outlook.com,9924547749,Vikram Das,Google Ads,37999,"25/04/2026, 10:29 PM",7700,Propelld,Partial,
Apr-26,YT,DM Meta Ads,FB,DM-B07,13/04/2026,Aditya Patel,aditya_patel475@rediffmail.com,7067704754,Arjun Nair,Meta Ads,40999,"04/04/2026, 07:23 PM",15100,Propelld,Paid,
Apr-26,ADS,DM Meta Ads,META,DM-B08,16/04/2026,Rahul Jain,rahul.jain536@hotmail.com,8195246998,Meera Pillai,Organic,43999,"18/04/2026, 10:59 PM",14600,,Paid,
Apr-26,YT Referral,CS Search Ads,GADS,CS-B04,27/04/2026,Ananya Shah,ananya.shah630@yahoo.com,6294549625,Arjun Nair,Meta Ads,67999,"22/04/2026, 11:12 AM",26000,Self Finance,Paid,
Apr-26,YT Referral,DA Search Ads,SEM,DA-B13,17/04/2026,Rohit Patel,rohit.patel@outlook.com,9195973361,Meera Pillai,Google Ads,61999,"01/04/2026, 04:30 PM",27700,Self Finance,Paid,
Apr-26,ADS Referral,BA Meta Ads,META,BA-B05,25/04/2026,Divya Kapoor,divya_kapoor@rediffmail.com,6118156417,Sneha Iyer,Meta Ads,59999,"28/04/2026, 01:04 PM",29200,Self Finance,Partial,
Apr-26,ADS Referral,CS Search Ads,GADS,CS-B04,25/04/2026,Lakshmi Kapoor,lakshmi_kapoor605@gmail.com,8683688577,Suresh Bhat,Meta Ads,67999,"11/04/2026, 03:20 PM",25800,HDFC Credila,Loan Disbursed,29/04/2026
Apr-26,YT,DA Search Ads,GADS,DA-B14,20/04/2026,Kavya Naidu,kavyanaidu609@yahoo.com,8079524802,Kavya Reddy,YouTube,53999,"06/04/2026, 02:02 PM",11900,Self Finance,Paid,
Apr-26,ADS Referral,BA Meta Ads,INST,BA-B06,06/04/2026,Rahul Iyer,rahul.iyer786@rediffmail.com,8432343148,Arjun Nair,Google Ads,59999,"24/04/2026, 08:20 PM",16100,Propelld,Partial,
Apr-26,ADS,DM Meta Ads,INST,DM-B07,10/04/2026,Priya Shah,priya.shah@hotmail.com,6731027758,Kavya Reddy,WhatsApp,42999,"02/04/2026, 08:59 PM",13300,Self Finance,Paid,
Apr-26,ADS,DM Meta Ads,META,DM-B08,19/04/2026,Arjun Ghosh,arjunghosh@outlook.com,8734999797,Vikram Das,YouTube,40999,"24/04/2026, 04:56 PM",17700,Self Finance,Paid,
Apr-26,ADS,AI/ML Search Ads,GSN,AIML-B02,17/04/2026,Gaurav Joshi,gaurav.joshi55@yahoo.com,6012705367,Deepak Verma,YouTube,72999,"15/04/2026, 10:41 AM",33600,Eduvanz,Paid,
Apr-26,ADS,DA Search Ads,SEM,DA-B14,17/04/2026,Pooja Nair,pooja.nair@hotmail.com,6070932616,Suresh Bhat,Google Ads,51999,"16/04/2026, 10:46 PM",10500,Propelld,Refunded,
Apr-26,ADS,DS Meta Ads,FB,DS-B10,07/04/2026,Sahil Ghosh,sahil.ghosh240@hotmail.com,7940926131,Suresh Bhat,YouTube,66999,"16/04/2026, 10:32 PM",28300,Propelld,Paid,
Apr-26,YT,BA Meta Ads,INST,BA-B05,17/04/2026,Karan Shah,karan_shah@gmail.com,7351035139,Vikram Das,Google Ads,46999,"19/04/2026, 07:52 PM",11000,Propelld,Paid,
Apr-26,ADS Referral,DA Search Ads,GADS,DA-B14,25/04/2026,Kritika Singh,kritika.singh@yahoo.com,6587441473,Suresh Bhat,Google Ads,52999,"07/04/2026, 10:52 PM",19100,Self Finance,Partial,
Apr-26,ADS,BA Meta Ads,META,BA-B06,24/04/2026,Nandini Iyer,nandini_iyer@gmail.com,6712511940,Arjun Nair,Email,50999,"01/04/2026, 02:02 PM",23300,Self Finance,Partial,
Apr-26,ADS Referral,Gen AI Search Ads,GSN,GENAI-B03,10/04/2026,Lakshmi Nair,lakshmi_nair761@yahoo.com,6187777817,Kavya Reddy,Google Ads,69999,"15/04/2026, 08:34 PM",21900,Eduvanz,Partial,
Apr-26,YT,BA Meta Ads,META,BA-B05,13/04/2026,Pradeep Naidu,pradeep_naidu@outlook.com,9766203929,Arjun Nair,Organic,54999,"21/04/2026, 09:25 PM",18100,NBFC Direct,Loan Disbursed,19/04/2026
Apr-26,YT Referral,Gen AI Search Ads,GSN,GENAI-B04,02/04/2026,Mohit Kumar,mohit.kumar91@outlook.com,9757887612,Rahul Menon,Organic,59999,"09/04/2026, 01:00 PM",28200,Self Finance,Partial,
Apr-26,YT,DM Meta Ads,META,DM-B07,17/04/2026,Kritika Joshi,kritika_joshi975@gmail.com,8269806994,Arjun Nair,WhatsApp,44999,"27/04/2026, 07:30 PM",15300,Eduvanz,Paid,
Apr-26,ADS,DS Meta Ads,META,DS-B08,27/04/2026,Ananya Shetty,ananya.shetty162@rediffmail.com,8383016710,Kavya Reddy,Organic,68999,"04/04/2026, 10:35 PM",20400,Auxilo,Loan Disbursed,16/04/2026
Apr-26,ADS,CS Search Ads,GSN,CS-B04,24/04/2026,Divya Rao,divya_rao235@outlook.com,9832192604,Sneha Iyer,YouTube,66999,"13/04/2026, 06:02 PM",22000,Self Finance,Paid,
Apr-26,ADS Referral,BA Meta Ads,META,BA-B06,22/04/2026,Uday Yadav,uday_yadav334@hotmail.com,6648938861,Kavya Reddy,Meta Ads,47999,"23/04/2026, 02:09 PM",18300,,Paid,
Apr-26,YT,CS Search Ads,GSN,CS-B05,13/04/2026,Swati Jain,swati_jain@gmail.com,8493136096,Arjun Nair,Organic,59999,"09/04/2026, 09:32 PM",22900,Self Finance,Paid,
Apr-26,ADS Referral,DA Meta Ads,FB,DA-B12,13/04/2026,Sandeep Mehta,sandeep_mehta22@outlook.com,9262847708,Vikram Das,Google Ads,68999,"05/04/2026, 08:29 PM",30900,Auxilo,Paid,
Apr-26,ADS,BA Meta Ads,META,BA-B05,07/04/2026,Dhruv Ghosh,dhruv.ghosh@rediffmail.com,6807749347,Meera Pillai,Google Ads,53999,"28/04/2026, 06:16 PM",21900,Auxilo,Partial,
Apr-26,ADS,DS Meta Ads,FB,DS-B08,04/04/2026,Chetan Verma,chetan.verma@yahoo.com,9242072139,Rahul Menon,Google Ads,65999,"29/04/2026, 08:17 PM",14400,Self Finance,Partial,
Apr-26,YT Referral,DA Meta Ads,FB,DA-B13,20/04/2026,Swati Agarwal,swati_agarwal102@hotmail.com,7044464938,Priya Sharma,Meta Ads,66999,"18/04/2026, 11:59 AM",23000,Self Finance,Partial,
Apr-26,ADS Referral,CS Search Ads,GSN,CS-B05,03/04/2026,Vishal Rao,vishal.rao393@outlook.com,6928909495,Rahul Menon,Google Ads,58999,"01/04/2026, 09:40 PM",28800,Auxilo,Partial,
Apr-26,YT Referral,Gen AI Meta Ads,FB,GENAI-B04,02/04/2026,Sakshi Desai,sakshidesai136@outlook.com,7861051903,Priya Sharma,Google Ads,64999,"29/04/2026, 07:44 PM",15700,NBFC Direct,Paid,
Apr-26,YT,Gen AI Search Ads,GADS,GENAI-B03,14/04/2026,Nandini Desai,nandinidesai875@outlook.com,6679566356,Ananya Joshi,Google Ads,55999,"09/04/2026, 06:49 PM",26600,Self Finance,Partial,
Apr-26,ADS,DA Search Ads,SEM,DA-B14,29/04/2026,Sneha Ghosh,sneha_ghosh50@outlook.com,8187448782,Suresh Bhat,YouTube,65999,"07/04/2026, 04:20 PM",16700,HDFC Credila,Paid,
Apr-26,ADS Referral,DA Search Ads,GSN,DA-B14,04/04/2026,Nandini Mehta,nandini_mehta489@gmail.com,8436710317,Arjun Nair,Meta Ads,58999,"13/04/2026, 10:52 AM",29200,Auxilo,Loan Disbursed,18/04/2026
Apr-26,ADS,DA Meta Ads,INST,DA-B14,05/04/2026,Ananya Varma,ananya.varma241@yahoo.com,9900477595,Priya Sharma,YouTube,58999,"30/04/2026, 06:28 PM",28400,Self Finance,Pending,
Apr-26,ADS,DM Meta Ads,META,DM-B08,12/04/2026,Arjun Desai,arjun.desai@gmail.com,6538774786,Suresh Bhat,Meta Ads,46999,"25/04/2026, 10:20 AM",14100,Propelld,Paid,
Apr-26,ADS,DS Search Ads,GSN,DS-B08,19/04/2026,Nandini Kapoor,nandini_kapoor844@outlook.com,6863198850,Vikram Das,Meta Ads,61999,"06/04/2026, 06:30 PM",29600,Propelld,Loan Disbursed,06/04/2026
Apr-26,ADS,BA Search Ads,GADS,BA-B05,01/04/2026,Uday Singh,udaysingh@gmail.com,7941664094,Kavya Reddy,Email,49999,"11/04/2026, 05:10 PM",11700,,Paid,
Apr-26,YT,DS Meta Ads,FB,DS-B09,18/04/2026,Harish Kumar,harish.kumar@outlook.com,7750523182,Deepak Verma,WhatsApp,73999,"15/04/2026, 03:08 PM",20200,Self Finance,Loan Disbursed,
Apr-26,YT Referral,DS Search Ads,GSN,DS-B09,22/04/2026,Geeta Rao,geetarao370@outlook.com,6559965385,Priya Sharma,Meta Ads,76999,"19/04/2026, 01:46 PM",30200,Eduvanz,Paid,
Apr-26,ADS,DS Search Ads,SEM,DS-B09,12/04/2026,Deepa Kapoor,deepakapoor@yahoo.com,8574702866,Arjun Nair,Google Ads,63999,"28/04/2026, 09:04 PM",22200,Self Finance,Paid,
Apr-26,YT Referral,Gen AI Search Ads,GADS,GENAI-B04,23/04/2026,Pallavi Naidu,pallavi_naidu@hotmail.com,8537826855,Suresh Bhat,YouTube,74999,"27/04/2026, 10:03 PM",32900,,Partial,
Apr-26,YT,BA Meta Ads,META,BA-B06,25/04/2026,Dhruv Mehta,dhruvmehta@gmail.com,6435229802,Ananya Joshi,Organic,54999,"25/04/2026, 03:34 PM",13400,Auxilo,Paid,
Apr-26,ADS,CS Search Ads,GADS,CS-B04,14/04/2026,Nandini Shetty,nandini.shetty469@hotmail.com,7245648248,Meera Pillai,Organic,66999,"16/04/2026, 08:45 PM",20900,Self Finance,Paid,
Apr-26,YT,DA Meta Ads,INST,DA-B14,28/04/2026,Shruti Gupta,shruti_gupta734@rediffmail.com,9443607092,Rahul Menon,Google Ads,59999,"26/04/2026, 10:11 AM",20700,Self Finance,Paid,
Apr-26,YT Referral,DA Search Ads,GADS,DA-B13,03/04/2026,Suresh Jain,suresh.jain590@outlook.com,8397045053,Arjun Nair,Meta Ads,59999,"28/04/2026, 05:13 PM",19200,Self Finance,Paid,
Apr-26,ADS,DS Meta Ads,META,DS-B08,13/04/2026,Swati Patel,swati_patel@hotmail.com,9329987369,Meera Pillai,Google Ads,71999,"05/04/2026, 10:26 PM",30600,Self Finance,Paid,
Apr-26,YT,BA Meta Ads,META,BA-B05,27/04/2026,Hemant Nair,hemant_nair@outlook.com,9062887210,Ananya Joshi,Referral,58999,"10/04/2026, 12:02 PM",12200,Self Finance,Loan Disbursed,
Apr-26,ADS,DA Meta Ads,FB,DA-B12,05/04/2026,Vinay Mehta,vinay_mehta790@outlook.com,8730237479,Arjun Nair,YouTube,54999,"18/04/2026, 12:19 PM",13600,Eduvanz,Partial,
Apr-26,YT,DM Meta Ads,FB,DM-B07,21/04/2026,Pooja Verma,pooja.verma749@outlook.com,8897394283,Ananya Joshi,Google Ads,47999,"06/04/2026, 08:37 PM",13800,Auxilo,Partial,
Apr-26,ADS,DA Search Ads,SEM,DA-B12,24/04/2026,Varun Singh,varun.singh618@rediffmail.com,6688597761,Rahul Menon,Meta Ads,53999,"22/04/2026, 12:01 PM",24000,Self Finance,Paid,
Apr-26,ADS,DS Search Ads,GADS,DS-B09,13/04/2026,Varun Verma,varun_verma420@hotmail.com,8060473184,Priya Sharma,Google Ads,81999,"20/04/2026, 01:35 PM",16900,Eduvanz,Paid,
Apr-26,ADS Referral,CS Search Ads,GSN,CS-B04,25/04/2026,Mohit Tiwari,mohit_tiwari216@rediffmail.com,8900866370,Vikram Das,Meta Ads,64999,"09/04/2026, 11:17 AM",27600,Auxilo,Partial,
Apr-26,ADS Referral,CS Search Ads,GADS,CS-B04,06/04/2026,Ishaan Reddy,ishaan_reddy712@outlook.com,9250387899,Priya Sharma,Meta Ads,56999,"02/04/2026, 09:55 PM",20600,,Refunded,
Apr-26,ADS Referral,DS Search Ads,GSN,DS-B10,13/04/2026,Deepak Das,deepak.das@yahoo.com,8364868616,Suresh Bhat,YouTube,71999,"24/04/2026, 07:55 PM",34300,NBFC Direct,Pending,
Apr-26,YT Referral,Gen AI Search Ads,SEM,GENAI-B04,14/04/2026,Ravi Singh,ravi.singh157@yahoo.com,6788878614,Rahul Menon,Meta Ads,63999,"29/04/2026, 08:41 PM",30700,Self Finance,Paid,
Apr-26,YT,Gen AI Meta Ads,META,GENAI-B03,14/04/2026,Arjun Yadav,arjunyadav581@yahoo.com,7037013924,Vikram Das,Organic,79999,"28/04/2026, 04:11 PM",19700,Propelld,Loan Disbursed,10/04/2026
Apr-26,YT,DA Meta Ads,FB,DA-B13,26/04/2026,Sakshi Ghosh,sakshi_ghosh@gmail.com,6751877323,Rahul Menon,Meta Ads,50999,"26/04/2026, 03:12 PM",12500,Auxilo,Loan Disbursed,08/04/2026
Apr-26,ADS,DM Meta Ads,META,DM-B08,09/04/2026,Ishaan Yadav,ishaan_yadav801@yahoo.com,6141771061,Meera Pillai,Google Ads,35999,"27/04/2026, 12:20 PM",8500,Self Finance,Paid,
Apr-26,YT,CS Search Ads,GSN,CS-B04,05/04/2026,Rohit Singh,rohit.singh526@hotmail.com,7498430551,Ananya Joshi,Google Ads,55999,"21/04/2026, 06:48 PM",14000,Self Finance,Partial,
Apr-26,YT Referral,DM Meta Ads,META,DM-B08,17/04/2026,Ravi Chopra,ravi.chopra262@outlook.com,8697840488,Suresh Bhat,Referral,38999,"14/04/2026, 05:22 PM",14800,HDFC Credila,Refunded,
Apr-26,ADS,CS Search Ads,GADS,CS-B05,07/04/2026,Manish Rao,manishrao627@rediffmail.com,6051049178,Sneha Iyer,Meta Ads,50999,"23/04/2026, 02:13 PM",21800,NBFC Direct,Loan Disbursed,19/04/2026
Apr-26,ADS,Gen AI Meta Ads,FB,GENAI-B04,25/04/2026,Ishaan Menon,ishaanmenon134@gmail.com,6786969902,Meera Pillai,Meta Ads,55999,"12/04/2026, 08:32 PM",23400,HDFC Credila,Partial,
Apr-26,YT Referral,DA Search Ads,GSN,DA-B13,02/04/2026,Sneha Ghosh,snehaghosh@gmail.com,9699732887,Suresh Bhat,YouTube,60999,"25/04/2026, 07:37 PM",24500,,Paid,
Apr-26,ADS Referral,Gen AI Meta Ads,FB,GENAI-B03,10/04/2026,Divya Ghosh,divyaghosh622@rediffmail.com,8927903968,Meera Pillai,Google Ads,68999,"19/04/2026, 04:15 PM",22500,Self Finance,Pending,
Apr-26,YT Referral,BA Meta Ads,META,BA-B06,20/04/2026,Harish Ghosh,harishghosh@hotmail.com,9216474121,Suresh Bhat,Meta Ads,49999,"17/04/2026, 12:01 PM",21600,Self Finance,Partial,
Apr-26,YT Referral,DA Search Ads,GADS,DA-B13,19/04/2026,Ravi Hegde,ravi.hegde158@rediffmail.com,7192703652,Ananya Joshi,Meta Ads,66999,"23/04/2026, 07:48 PM",13900,Auxilo,Paid,
Apr-26,YT,DA Search Ads,GSN,DA-B13,13/04/2026,Deepak Bose,deepak_bose@outlook.com,8682906227,Kavya Reddy,YouTube,52999,"03/04/2026, 05:14 PM",13400,NBFC Direct,Partial,
Apr-26,ADS,DM Meta Ads,INST,DM-B07,03/04/2026,Isha Kumar,isha_kumar126@rediffmail.com,9383979149,Ananya Joshi,Organic,48999,"24/04/2026, 04:11 PM",12500,Self Finance,Refunded,
Apr-26,YT Referral,DM Meta Ads,META,DM-B08,04/04/2026,Kavya Pillai,kavyapillai370@hotmail.com,6338403356,Rahul Menon,Meta Ads,44999,"02/04/2026, 10:37 AM",13700,Self Finance,Paid,
Apr-26,ADS Referral,BA Search Ads,GSN,BA-B06,15/04/2026,Karan Nair,karan_nair@rediffmail.com,8868251302,Meera Pillai,Referral,53999,"09/04/2026, 04:29 PM",16200,Propelld,Paid,
Apr-26,ADS,DM Meta Ads,INST,DM-B08,05/04/2026,Mohit Yadav,mohityadav@yahoo.com,6126448641,Arjun Nair,Google Ads,42999,"07/04/2026, 07:03 PM",16800,,Paid,
Apr-26,YT,CS Search Ads,GADS,CS-B04,04/04/2026,Kritika Rao,kritika_rao@gmail.com,6861993586,Sneha Iyer,YouTube,67999,"14/04/2026, 05:47 PM",20000,Self Finance,Paid,
Apr-26,YT,DS Search Ads,GSN,DS-B09,15/04/2026,Gaurav Rajan,gauravrajan637@rediffmail.com,8527635768,Ananya Joshi,Email,79999,"09/04/2026, 07:15 PM",38100,Eduvanz,Loan Disbursed,18/04/2026
Apr-26,ADS,DA Meta Ads,INST,DA-B14,04/04/2026,Akash Chopra,akashchopra@gmail.com,9331455424,Arjun Nair,WhatsApp,54999,"06/04/2026, 10:12 PM",12700,Self Finance,Paid,
Apr-26,YT,DS Meta Ads,META,DS-B10,08/04/2026,Kiran Jain,kiran_jain462@hotmail.com,6605392466,Priya Sharma,Meta Ads,82999,"11/04/2026, 09:10 PM",35100,Self Finance,Partial,
Apr-26,YT Referral,CS Search Ads,GADS,CS-B04,09/04/2026,Manish Fernandes,manishfernandes@hotmail.com,8372335437,Vikram Das,Referral,62999,"23/04/2026, 03:37 PM",22900,Auxilo,Paid,
Apr-26,YT,DS Search Ads,SEM,DS-B08,23/04/2026,Lakshmi Fernandes,lakshmi.fernandes150@outlook.com,7787693804,Priya Sharma,Meta Ads,78999,"02/04/2026, 09:44 PM",21000,HDFC Credila,Paid,
Apr-26,ADS,DM Meta Ads,META,DM-B07,06/04/2026,Amit Pillai,amit.pillai876@yahoo.com,9127174751,Vikram Das,YouTube,43999,"29/04/2026, 11:09 AM",11300,HDFC Credila,Partial,
Apr-26,ADS,DA Search Ads,SEM,DA-B12,11/04/2026,Priya Joshi,priyajoshi868@gmail.com,6920435650,Arjun Nair,Organic,66999,"22/04/2026, 05:08 PM",31000,NBFC Direct,Loan Disbursed,27/04/2026
Apr-26,ADS Referral,DS Meta Ads,FB,DS-B08,29/04/2026,Karan Singh,karan_singh@yahoo.com,7259893793,Suresh Bhat,Google Ads,72999,"28/04/2026, 05:19 PM",23900,,Paid,
Apr-26,ADS,DA Meta Ads,FB,DA-B13,01/04/2026,Rohit Fernandes,rohitfernandes287@yahoo.com,7340914983,Vikram Das,YouTube,67999,"10/04/2026, 06:50 PM",13800,Eduvanz,Refunded,
Apr-26,ADS Referral,DS Search Ads,SEM,DS-B08,16/04/2026,Nandini Varma,nandinivarma613@yahoo.com,7467669620,Priya Sharma,Organic,70999,"21/04/2026, 08:30 PM",33300,Eduvanz,Partial,
Apr-26,ADS,Gen AI Search Ads,SEM,GENAI-B03,23/04/2026,Vishal Kumar,vishal.kumar@outlook.com,9918454400,Deepak Verma,Google Ads,72999,"14/04/2026, 03:51 PM",29800,,Refunded,
Apr-26,YT,DS Search Ads,SEM,DS-B09,09/04/2026,Shruti Pillai,shrutipillai755@outlook.com,7872215187,Suresh Bhat,Meta Ads,77999,"17/04/2026, 10:51 PM",18100,Self Finance,Refunded,
Apr-26,ADS Referral,DA Search Ads,SEM,DA-B12,29/04/2026,Sneha Gupta,snehagupta@rediffmail.com,7171747358,Arjun Nair,Google Ads,53999,"30/04/2026, 09:09 PM",16900,,Pending,
Apr-26,YT Referral,Gen AI Meta Ads,META,GENAI-B03,08/04/2026,Kavya Nair,kavyanair164@rediffmail.com,8979061243,Sneha Iyer,Google Ads,62999,"23/04/2026, 04:49 PM",16300,Self Finance,Partial,
Apr-26,YT,DA Meta Ads,META,DA-B12,26/04/2026,Yash Shetty,yash.shetty@yahoo.com,9320391776,Vikram Das,Meta Ads,58999,"21/04/2026, 06:07 PM",23100,Propelld,Paid,
Apr-26,YT Referral,DS Search Ads,SEM,DS-B10,19/04/2026,Suresh Kumar,sureshkumar@yahoo.com,7108782509,Meera Pillai,Referral,81999,"25/04/2026, 09:24 AM",29600,Self Finance,Partial,
Apr-26,ADS,DA Search Ads,SEM,DA-B12,20/04/2026,Nikhil Pandey,nikhil.pandey@hotmail.com,9495753420,Arjun Nair,Google Ads,69999,"27/04/2026, 02:17 PM",18100,Propelld,Loan Disbursed,11/04/2026
Apr-26,ADS,DS Search Ads,SEM,DS-B09,02/04/2026,Shruti Sharma,shruti_sharma@outlook.com,6199819353,Meera Pillai,Google Ads,81999,"11/04/2026, 08:32 PM",17800,HDFC Credila,Partial,
Apr-26,YT,Gen AI Search Ads,GADS,GENAI-B04,30/04/2026,Aditya Mehta,aditya.mehta403@outlook.com,7168658816,Deepak Verma,Meta Ads,75999,"17/04/2026, 03:37 PM",36600,HDFC Credila,Paid,
Apr-26,ADS Referral,Gen AI Meta Ads,META,GENAI-B04,27/04/2026,Yash Das,yash_das840@rediffmail.com,9079448324,Suresh Bhat,Google Ads,65999,"05/04/2026, 09:58 AM",21000,HDFC Credila,Paid,
Apr-26,ADS Referral,DA Meta Ads,META,DA-B13,29/04/2026,Ravi Pandey,ravi_pandey@hotmail.com,7386099780,Meera Pillai,Google Ads,60999,"17/04/2026, 08:06 PM",14700,Self Finance,Partial,
Apr-26,ADS,CS Search Ads,GADS,CS-B04,03/04/2026,Ravi Chopra,ravi.chopra217@yahoo.com,7091083259,Ananya Joshi,Organic,62999,"20/04/2026, 09:32 PM",23700,Eduvanz,Paid,
Apr-26,ADS,DS Meta Ads,FB,DS-B09,18/04/2026,Divya Pandey,divya.pandey@outlook.com,7769224039,Meera Pillai,Google Ads,61999,"06/04/2026, 10:36 AM",15800,,Loan Disbursed,
Apr-26,ADS Referral,DA Meta Ads,FB,DA-B12,29/04/2026,Lakshmi Patel,lakshmipatel283@hotmail.com,8244096436,Rahul Menon,Google Ads,52999,"23/04/2026, 11:43 AM",21600,,Loan Disbursed,
Apr-26,ADS Referral,DS Search Ads,GSN,DS-B08,23/04/2026,Meera Sharma,meera.sharma12@yahoo.com,8017870544,Suresh Bhat,Organic,74999,"18/04/2026, 09:52 AM",15000,Propelld,Paid,
Apr-26,YT,AI/ML Search Ads,SEM,AIML-B03,20/04/2026,Ananya Iyer,ananyaiyer831@yahoo.com,8567948566,Sneha Iyer,Google Ads,76999,"03/04/2026, 08:09 PM",23300,,Pending,
Apr-26,YT,Gen AI Meta Ads,META,GENAI-B03,02/04/2026,Vinay Rao,vinay.rao7@rediffmail.com,9195819818,Meera Pillai,Meta Ads,72999,"15/04/2026, 07:55 PM",29700,HDFC Credila,Partial,
Apr-26,YT,BA Search Ads,GSN,BA-B05,16/04/2026,Aarav Tiwari,aarav_tiwari@yahoo.com,6843427794,Suresh Bhat,Meta Ads,51999,"13/04/2026, 01:59 PM",19100,Self Finance,Partial,
Apr-26,YT Referral,DS Search Ads,GSN,DS-B10,20/04/2026,Yash Patel,yash.patel@gmail.com,6795506528,Meera Pillai,Referral,67999,"29/04/2026, 09:48 AM",20300,NBFC Direct,Paid,
Apr-26,ADS,AI/ML Search Ads,GSN,AIML-B03,11/04/2026,Vijay Tiwari,vijaytiwari43@rediffmail.com,9534874744,Sneha Iyer,Google Ads,75999,"11/04/2026, 01:30 PM",28800,Eduvanz,Partial,
Apr-26,ADS,DM Meta Ads,META,DM-B07,02/04/2026,Kiran Joshi,kiran_joshi@rediffmail.com,6024724269,Ananya Joshi,Meta Ads,42999,"09/04/2026, 03:52 PM",17600,Propelld,Paid,
Apr-26,ADS Referral,Gen AI Meta Ads,FB,GENAI-B03,09/04/2026,Akash Desai,akash_desai@rediffmail.com,9397845915,Sneha Iyer,YouTube,69999,"21/04/2026, 01:48 PM",21100,Auxilo,Partial,
Apr-26,ADS,Gen AI Meta Ads,META,GENAI-B04,10/04/2026,Rohit Pandey,rohit_pandey@gmail.com,8650589656,Vikram Das,YouTube,69999,"11/04/2026, 10:02 AM",27200,Eduvanz,Partial,
Apr-26,YT,DA Meta Ads,META,DA-B14,17/04/2026,Mohit Kumar,mohitkumar@hotmail.com,9660664440,Meera Pillai,Meta Ads,69999,"20/04/2026, 07:32 PM",23500,Auxilo,Paid,
Apr-26,YT Referral,Gen AI Meta Ads,FB,GENAI-B04,21/04/2026,Nikhil Kumar,nikhilkumar653@hotmail.com,8414643567,Rahul Menon,Google Ads,58999,"13/04/2026, 11:54 AM",22800,,Pending,
Apr-26,YT Referral,DA Search Ads,SEM,DA-B13,27/04/2026,Nikhil Agarwal,nikhilagarwal@outlook.com,7435234604,Arjun Nair,Google Ads,62999,"17/04/2026, 06:45 PM",23600,Propelld,Paid,
Apr-26,ADS,DA Meta Ads,INST,DA-B13,04/04/2026,Sandeep Naidu,sandeep_naidu87@rediffmail.com,9094556250,Kavya Reddy,Google Ads,57999,"06/04/2026, 05:52 PM",13500,HDFC Credila,Paid,
Apr-26,YT Referral,DA Meta Ads,META,DA-B12,09/04/2026,Vijay Sharma,vijay.sharma990@hotmail.com,9012152964,Ananya Joshi,Google Ads,67999,"19/04/2026, 06:08 PM",21800,Propelld,Pending,
Apr-26,ADS,Gen AI Meta Ads,FB,GENAI-B03,20/04/2026,Nikhil Gupta,nikhil_gupta@yahoo.com,7190481140,Rahul Menon,Meta Ads,66999,"05/04/2026, 05:17 PM",13400,,Paid,
Apr-26,ADS,BA Meta Ads,INST,BA-B05,20/04/2026,Varun Shetty,varun_shetty@outlook.com,6791974355,Kavya Reddy,Meta Ads,59999,"09/04/2026, 09:44 PM",29800,,Paid,
Apr-26,ADS,BA Meta Ads,META,BA-B05,02/04/2026,Vijay Singh,vijay_singh@hotmail.com,7881840210,Meera Pillai,Organic,56999,"01/04/2026, 08:37 PM",20100,,Partial,
Apr-26,YT,BA Meta Ads,INST,BA-B06,04/04/2026,Pradeep Shetty,pradeep.shetty@hotmail.com,9579541983,Priya Sharma,WhatsApp,53999,"08/04/2026, 10:18 AM",16600,Eduvanz,Pending,
Apr-26,ADS,Gen AI Meta Ads,FB,GENAI-B03,08/04/2026,Vijay Mehta,vijaymehta@gmail.com,9620703338,Meera Pillai,WhatsApp,71999,"19/04/2026, 11:30 AM",27200,Self Finance,Partial,
Apr-26,ADS,Gen AI Meta Ads,META,GENAI-B03,05/04/2026,Rahul Shetty,rahul_shetty@gmail.com,9778002030,Sneha Iyer,Organic,66999,"08/04/2026, 12:13 PM",30700,Self Finance,Paid,
Apr-26,YT Referral,AI/ML Search Ads,SEM,AIML-B02,11/04/2026,Arjun Gupta,arjun_gupta@outlook.com,6699373047,Rahul Menon,Meta Ads,86999,"11/04/2026, 07:27 PM",27400,Eduvanz,Paid,
Apr-26,ADS,DS Search Ads,GADS,DS-B09,22/04/2026,Tanvi Singh,tanvi.singh@hotmail.com,9370074499,Suresh Bhat,Referral,82999,"12/04/2026, 09:36 PM",30000,Self Finance,Paid,
Apr-26,YT,DS Search Ads,SEM,DS-B10,22/04/2026,Meera Das,meera.das334@gmail.com,8007844259,Deepak Verma,Meta Ads,65999,"27/04/2026, 05:42 PM",20900,HDFC Credila,Pending,
Apr-26,YT,Gen AI Search Ads,GADS,GENAI-B04,22/04/2026,Ravi Mehta,ravi.mehta807@gmail.com,7760555483,Kavya Reddy,Google Ads,56999,"02/04/2026, 07:31 PM",22500,HDFC Credila,Partial,
Apr-26,ADS,DM Meta Ads,META,DM-B08,24/04/2026,Meera Shah,meera.shah755@outlook.com,8448675226,Ananya Joshi,Email,41999,"08/04/2026, 06:37 PM",18700,Self Finance,Pending,
Apr-26,ADS,DS Search Ads,SEM,DS-B10,14/04/2026,Aarav Naidu,aarav.naidu392@gmail.com,8269897845,Meera Pillai,Google Ads,65999,"21/04/2026, 11:46 AM",24300,Propelld,Paid,
Apr-26,ADS Referral,DA Search Ads,SEM,DA-B12,27/04/2026,Karan Menon,karan.menon@yahoo.com,9232013206,Rahul Menon,Google Ads,57999,"17/04/2026, 08:08 PM",16700,HDFC Credila,Paid,
Apr-26,ADS,BA Search Ads,GSN,BA-B06,11/04/2026,Manish Shetty,manish_shetty625@hotmail.com,9978523585,Sneha Iyer,WhatsApp,50999,"06/04/2026, 05:47 PM",22800,Self Finance,Pending,
Apr-26,YT Referral,Gen AI Search Ads,GSN,GENAI-B04,11/04/2026,Pradeep Nair,pradeep.nair@gmail.com,6705308255,Rahul Menon,Meta Ads,67999,"26/04/2026, 11:49 AM",14300,Propelld,Paid,
Apr-26,YT Referral,CS Search Ads,GSN,CS-B04,17/04/2026,Sonia Nair,sonianair866@yahoo.com,7846149174,Suresh Bhat,Google Ads,66999,"03/04/2026, 09:13 AM",25400,Propelld,Paid,
Apr-26,YT Referral,CS Search Ads,GSN,CS-B04,06/04/2026,Sakshi Sharma,sakshi.sharma@outlook.com,9759315710,Priya Sharma,YouTube,56999,"25/04/2026, 12:17 PM",14700,Self Finance,Loan Disbursed,
Apr-26,YT Referral,BA Meta Ads,META,BA-B06,05/04/2026,Bhavna Ghosh,bhavnaghosh@rediffmail.com,7302494730,Sneha Iyer,Meta Ads,51999,"13/04/2026, 01:52 PM",17800,,Paid,
Apr-26,ADS Referral,DA Meta Ads,META,DA-B14,05/04/2026,Mohit Chopra,mohit_chopra503@outlook.com,7524490410,Arjun Nair,Google Ads,53999,"26/04/2026, 04:19 PM",24300,Self Finance,Paid,
Apr-26,ADS,BA Search Ads,GADS,BA-B06,13/04/2026,Sahil Agarwal,sahil_agarwal858@rediffmail.com,9234293662,Meera Pillai,Meta Ads,54999,"26/04/2026, 08:46 PM",11400,Self Finance,Paid,
Apr-26,ADS,DS Meta Ads,FB,DS-B10,12/04/2026,Shruti Joshi,shruti_joshi682@yahoo.com,6879637203,Kavya Reddy,Google Ads,72999,"21/04/2026, 10:43 AM",16200,Propelld,Paid,
Apr-26,ADS,DS Meta Ads,FB,DS-B08,15/04/2026,Akash Joshi,akashjoshi@hotmail.com,6928165084,Ananya Joshi,Organic,66999,"02/04/2026, 03:40 PM",27800,Self Finance,Pending,
Apr-26,YT,BA Search Ads,GSN,BA-B06,11/04/2026,Ishaan Rao,ishaan.rao310@rediffmail.com,7150535857,Rahul Menon,YouTube,50999,"04/04/2026, 11:50 AM",21800,Self Finance,Paid,
Apr-26,ADS,DA Search Ads,SEM,DA-B13,29/04/2026,Yash Jain,yash_jain535@outlook.com,8655757968,Rahul Menon,Meta Ads,50999,"24/04/2026, 07:54 PM",25400,NBFC Direct,Paid,
Apr-26,YT Referral,AI/ML Search Ads,GSN,AIML-B02,08/04/2026,Suresh Shetty,suresh_shetty@yahoo.com,8526604824,Vikram Das,WhatsApp,66999,"08/04/2026, 09:45 PM",23600,,Loan Disbursed,
Apr-26,YT Referral,DM Meta Ads,INST,DM-B08,20/04/2026,Nikhil Murthy,nikhil.murthy266@yahoo.com,8958314322,Ananya Joshi,Organic,42999,"07/04/2026, 04:19 PM",12300,Propelld,Partial,
Apr-26,YT Referral,Gen AI Search Ads,GADS,GENAI-B04,14/04/2026,Yash Varma,yash.varma46@gmail.com,6659357595,Deepak Verma,Meta Ads,78999,"03/04/2026, 09:14 PM",18300,HDFC Credila,Pending,
Apr-26,ADS,DS Search Ads,GADS,DS-B08,11/04/2026,Sonia Kapoor,soniakapoor11@outlook.com,6157226022,Priya Sharma,Google Ads,80999,"20/04/2026, 04:01 PM",21500,Auxilo,Partial,
Apr-26,ADS,DA Search Ads,GADS,DA-B14,12/04/2026,Mohit Kumar,mohit.kumar@outlook.com,8448465009,Deepak Verma,Google Ads,61999,"16/04/2026, 08:00 PM",16300,Propelld,Paid,
Apr-26,YT Referral,DM Meta Ads,INST,DM-B07,07/04/2026,Swati Patel,swatipatel@hotmail.com,6057588166,Priya Sharma,Meta Ads,35999,"04/04/2026, 10:53 PM",7200,Self Finance,Loan Disbursed,
Apr-26,ADS Referral,DA Search Ads,SEM,DA-B14,29/04/2026,Ananya Patel,ananya_patel@hotmail.com,6606047024,Kavya Reddy,Referral,69999,"22/04/2026, 09:49 AM",34500,Self Finance,Refunded,
Apr-26,YT,DS Meta Ads,META,DS-B08,11/04/2026,Jaya Murthy,jaya.murthy@rediffmail.com,9912493446,Rahul Menon,YouTube,80999,"29/04/2026, 10:19 PM",30100,,Paid,
Apr-26,ADS,DA Meta Ads,FB,DA-B14,10/04/2026,Bhavna Yadav,bhavna_yadav227@rediffmail.com,8756543524,Meera Pillai,WhatsApp,61999,"20/04/2026, 06:52 PM",30600,,Partial,
Apr-26,ADS Referral,CS Search Ads,GSN,CS-B05,30/04/2026,Meera Fernandes,meera_fernandes@outlook.com,9800832554,Rahul Menon,Email,69999,"12/04/2026, 07:42 PM",34300,,Paid,
Apr-26,ADS Referral,DA Search Ads,GADS,DA-B12,15/04/2026,Priya Singh,priya_singh@hotmail.com,9167929687,Suresh Bhat,Referral,54999,"01/04/2026, 10:33 AM",14400,,Pending,
Apr-26,YT,Gen AI Meta Ads,FB,GENAI-B03,19/04/2026,Divya Bose,divya_bose456@rediffmail.com,9218914612,Sneha Iyer,Google Ads,77999,"19/04/2026, 07:31 PM",35800,HDFC Credila,Paid,
Apr-26,YT,DA Search Ads,SEM,DA-B12,11/04/2026,Varun Murthy,varunmurthy490@hotmail.com,6031249468,Suresh Bhat,YouTube,53999,"02/04/2026, 10:59 PM",15400,Eduvanz,Loan Disbursed,15/04/2026
Apr-26,YT,Gen AI Meta Ads,FB,GENAI-B04,24/04/2026,Akash Desai,akash_desai137@outlook.com,6775973826,Ananya Joshi,Meta Ads,57999,"28/04/2026, 11:52 AM",24200,Self Finance,Paid,
Apr-26,ADS,DA Meta Ads,META,DA-B12,20/04/2026,Deepa Gupta,deepa.gupta@hotmail.com,7929822075,Kavya Reddy,Meta Ads,52999,"21/04/2026, 10:02 AM",22300,Self Finance,Paid,
Apr-26,ADS Referral,DA Search Ads,GSN,DA-B13,28/04/2026,Uday Naidu,uday.naidu645@hotmail.com,7586188359,Ananya Joshi,Google Ads,61999,"20/04/2026, 05:50 PM",14100,Propelld,Partial,
Apr-26,YT,DS Meta Ads,FB,DS-B08,15/04/2026,Arjun Rao,arjunrao16@rediffmail.com,6630163401,Rahul Menon,YouTube,78999,"02/04/2026, 11:53 AM",22800,Propelld,Loan Disbursed,29/04/2026
Apr-26,YT,BA Search Ads,GADS,BA-B06,26/04/2026,Suresh Ghosh,suresh_ghosh556@hotmail.com,9147886701,Deepak Verma,Meta Ads,45999,"23/04/2026, 09:48 PM",16200,Propelld,Loan Disbursed,03/04/2026
Apr-26,ADS,DA Meta Ads,FB,DA-B14,14/04/2026,Nandini Agarwal,nandiniagarwal@rediffmail.com,6114048228,Deepak Verma,YouTube,66999,"27/04/2026, 05:28 PM",16800,HDFC Credila,Loan Disbursed,24/04/2026
Apr-26,YT,Gen AI Meta Ads,META,GENAI-B03,06/04/2026,Swati Desai,swatidesai@rediffmail.com,8206162563,Arjun Nair,Referral,66999,"16/04/2026, 06:26 PM",24200,Self Finance,Loan Disbursed,
Apr-26,ADS Referral,BA Search Ads,GSN,BA-B05,06/04/2026,Deepak Singh,deepak.singh758@rediffmail.com,6815646681,Suresh Bhat,Google Ads,59999,"14/04/2026, 04:02 PM",12300,Self Finance,Pending,
Apr-26,YT,DA Meta Ads,FB,DA-B14,12/04/2026,Sandeep Bose,sandeepbose@hotmail.com,6950221981,Deepak Verma,Google Ads,56999,"21/04/2026, 09:57 PM",23900,HDFC Credila,Paid,
Apr-26,ADS,Gen AI Meta Ads,FB,GENAI-B03,17/04/2026,Sandeep Kumar,sandeep_kumar141@hotmail.com,7925236271,Suresh Bhat,Meta Ads,69999,"25/04/2026, 01:56 PM",18700,Self Finance,Partial,
Apr-26,YT,AI/ML Search Ads,SEM,AIML-B03,12/04/2026,Tanvi Murthy,tanvi.murthy210@hotmail.com,8531384121,Suresh Bhat,Referral,88999,"10/04/2026, 11:38 AM",30600,Self Finance,Pending,
Apr-26,YT,DA Search Ads,GSN,DA-B12,10/04/2026,Sahil Hegde,sahilhegde473@outlook.com,7918806362,Suresh Bhat,Organic,52999,"07/04/2026, 09:59 PM",12600,Self Finance,Loan Disbursed,
Apr-26,ADS Referral,DM Meta Ads,INST,DM-B07,19/04/2026,Rohan Pillai,rohan_pillai@gmail.com,6280718766,Ananya Joshi,Referral,43999,"02/04/2026, 12:38 PM",14400,Self Finance,Partial,
Apr-26,ADS,DA Search Ads,SEM,DA-B13,14/04/2026,Varun Reddy,varunreddy@gmail.com,8394242966,Meera Pillai,Meta Ads,69999,"29/04/2026, 06:48 PM",26900,Self Finance,Partial,
Apr-26,YT,DM Meta Ads,INST,DM-B08,27/04/2026,Lakshmi Kapoor,lakshmikapoor328@yahoo.com,9327549202,Kavya Reddy,YouTube,38999,"27/04/2026, 10:36 PM",18700,Eduvanz,Partial,
Apr-26,ADS,BA Meta Ads,INST,BA-B06,17/04/2026,Priya Fernandes,priya.fernandes@hotmail.com,6243666078,Meera Pillai,Meta Ads,46999,"30/04/2026, 04:21 PM",18000,Self Finance,Paid,
Apr-26,ADS,BA Meta Ads,INST,BA-B06,09/04/2026,Jaya Menon,jaya.menon@yahoo.com,9796510352,Kavya Reddy,Organic,58999,"22/04/2026, 04:38 PM",20300,HDFC Credila,Paid,
Apr-26,YT,BA Search Ads,GSN,BA-B05,07/04/2026,Kiran Ghosh,kiranghosh@yahoo.com,7354409431,Arjun Nair,Google Ads,48999,"09/04/2026, 06:35 PM",20400,Propelld,Partial,
Apr-26,ADS,Gen AI Search Ads,GADS,GENAI-B04,18/04/2026,Anjali Nair,anjalinair481@outlook.com,6959228369,Suresh Bhat,Meta Ads,72999,"27/04/2026, 06:52 PM",20100,HDFC Credila,Pending,
Apr-26,ADS Referral,Gen AI Search Ads,GADS,GENAI-B03,10/04/2026,Suresh Chopra,suresh_chopra639@yahoo.com,7944607826,Kavya Reddy,Meta Ads,65999,"04/04/2026, 05:28 PM",13500,Self Finance,Paid,
Apr-26,ADS Referral,Gen AI Search Ads,GSN,GENAI-B04,11/04/2026,Priya Yadav,priya_yadav466@gmail.com,8022618812,Rahul Menon,Meta Ads,66999,"21/04/2026, 02:54 PM",20800,Propelld,Partial,
Apr-26,YT Referral,DA Meta Ads,META,DA-B12,23/04/2026,Sahil Gupta,sahil_gupta256@gmail.com,6373940194,Sneha Iyer,YouTube,52999,"11/04/2026, 02:37 PM",15600,Self Finance,Paid,
Apr-26,ADS,CS Search Ads,GADS,CS-B05,17/04/2026,Vishal Kumar,vishal_kumar912@rediffmail.com,8550377666,Meera Pillai,Meta Ads,69999,"23/04/2026, 07:39 PM",18500,,Pending,
Apr-26,YT Referral,BA Meta Ads,META,BA-B05,15/04/2026,Jaya Pandey,jaya_pandey980@gmail.com,6181243076,Kavya Reddy,Organic,57999,"12/04/2026, 09:40 PM",16200,HDFC Credila,Loan Disbursed,04/04/2026
Apr-26,ADS,DM Meta Ads,INST,DM-B08,19/04/2026,Akash Rao,akashrao422@hotmail.com,9328517626,Priya Sharma,Google Ads,45999,"13/04/2026, 12:49 PM",19700,Eduvanz,Partial,
Apr-26,ADS,Gen AI Meta Ads,META,GENAI-B04,04/04/2026,Ishaan Das,ishaan_das@hotmail.com,9657477358,Deepak Verma,Google Ads,63999,"17/04/2026, 10:41 PM",13900,Self Finance,Loan Disbursed,
Apr-26,YT Referral,CS Search Ads,GSN,CS-B05,09/04/2026,Divya Yadav,divyayadav@yahoo.com,8189726755,Ananya Joshi,Meta Ads,57999,"03/04/2026, 08:16 PM",13400,HDFC Credila,Pending,
Apr-26,ADS,BA Search Ads,GSN,BA-B05,23/04/2026,Shruti Shah,shruti.shah685@hotmail.com,7058637077,Meera Pillai,Google Ads,51999,"08/04/2026, 08:57 PM",21200,,Paid,
Apr-26,YT,BA Search Ads,GSN,BA-B05,14/04/2026,Anjali Kumar,anjali.kumar6@hotmail.com,8295036261,Kavya Reddy,Google Ads,55999,"24/04/2026, 10:10 AM",22600,Auxilo,Refunded,
Apr-26,ADS Referral,DM Meta Ads,META,DM-B07,16/04/2026,Priya Iyer,priya_iyer627@rediffmail.com,9363669080,Kavya Reddy,Email,40999,"20/04/2026, 08:59 PM",18500,Eduvanz,Partial,
Apr-26,ADS,DA Meta Ads,META,DA-B13,17/04/2026,Aditya Murthy,aditya_murthy814@hotmail.com,7002600589,Priya Sharma,Meta Ads,66999,"11/04/2026, 02:04 PM",24200,HDFC Credila,Paid,
Apr-26,YT,Gen AI Meta Ads,FB,GENAI-B03,26/04/2026,Karan Reddy,karan_reddy482@outlook.com,8002274751,Ananya Joshi,Google Ads,67999,"11/04/2026, 11:07 AM",20500,HDFC Credila,Paid,
Apr-26,YT,BA Search Ads,GSN,BA-B06,26/04/2026,Priya Rajan,priya_rajan@gmail.com,9879052751,Arjun Nair,Google Ads,56999,"21/04/2026, 08:18 PM",15600,NBFC Direct,Paid,
Apr-26,ADS,DA Meta Ads,FB,DA-B13,07/04/2026,Nandini Iyer,nandini_iyer106@hotmail.com,8318494656,Vikram Das,Meta Ads,63999,"16/04/2026, 11:40 AM",29700,,Paid,
Apr-26,ADS Referral,Gen AI Search Ads,GSN,GENAI-B04,29/04/2026,Karan Chopra,karan_chopra314@gmail.com,6426953830,Priya Sharma,Email,60999,"14/04/2026, 03:44 PM",13700,,Paid,
Apr-26,YT,DA Meta Ads,META,DA-B14,06/04/2026,Pallavi Rajan,pallavirajan@yahoo.com,9191262612,Kavya Reddy,WhatsApp,61999,"26/04/2026, 05:06 PM",17000,,Pending,
Apr-26,ADS,Gen AI Search Ads,GSN,GENAI-B04,14/04/2026,Vijay Kumar,vijaykumar791@yahoo.com,8027246342,Deepak Verma,YouTube,66999,"24/04/2026, 06:14 PM",17400,Propelld,Paid,
Apr-26,ADS,DA Meta Ads,META,DA-B13,27/04/2026,Vijay Kapoor,vijay.kapoor35@yahoo.com,9148319718,Rahul Menon,WhatsApp,64999,"09/04/2026, 06:43 PM",25100,Propelld,Pending,
Apr-26,ADS,DA Meta Ads,FB,DA-B14,08/04/2026,Rohan Reddy,rohan.reddy@yahoo.com,9650837866,Priya Sharma,Google Ads,69999,"23/04/2026, 08:13 PM",18900,Eduvanz,Paid,
Apr-26,ADS,DA Meta Ads,META,DA-B14,16/04/2026,Deepa Kapoor,deepakapoor@rediffmail.com,6633591208,Rahul Menon,YouTube,64999,"18/04/2026, 11:00 AM",23900,Eduvanz,Paid,
Apr-26,YT Referral,DA Search Ads,GSN,DA-B14,28/04/2026,Sahil Pillai,sahil.pillai@gmail.com,9254977528,Deepak Verma,Google Ads,62999,"11/04/2026, 04:28 PM",27600,Auxilo,Paid,
Apr-26,YT,DA Meta Ads,FB,DA-B12,20/04/2026,Sahil Rajan,sahil_rajan@hotmail.com,8200359736,Arjun Nair,Meta Ads,54999,"02/04/2026, 12:43 PM",21900,Self Finance,Partial,
Apr-26,YT,DM Meta Ads,INST,DM-B08,11/04/2026,Sneha Jain,snehajain975@yahoo.com,8291291317,Rahul Menon,YouTube,35999,"17/04/2026, 10:47 PM",8500,Eduvanz,Paid,
Apr-26,ADS,CS Search Ads,GADS,CS-B04,24/04/2026,Varun Pillai,varunpillai733@gmail.com,9012146572,Deepak Verma,Google Ads,61999,"25/04/2026, 10:23 AM",26600,Self Finance,Partial,
Apr-26,ADS,DM Meta Ads,FB,DM-B08,26/04/2026,Yash Chopra,yash.chopra848@outlook.com,8781038694,Ananya Joshi,YouTube,42999,"18/04/2026, 04:40 PM",18800,Propelld,Paid,
Apr-26,ADS,DS Meta Ads,FB,DS-B08,06/04/2026,Ananya Desai,ananyadesai@outlook.com,6065716322,Sneha Iyer,YouTube,72999,"06/04/2026, 07:20 PM",20800,Auxilo,Loan Disbursed,02/04/2026
Apr-26,YT Referral,DA Meta Ads,INST,DA-B13,13/04/2026,Chetan Agarwal,chetanagarwal@rediffmail.com,8387368825,Vikram Das,Google Ads,53999,"05/04/2026, 08:41 PM",14300,Auxilo,Paid,
Apr-26,ADS Referral,DM Meta Ads,FB,DM-B07,17/04/2026,Vishal Gupta,vishal.gupta@yahoo.com,8477529015,Arjun Nair,Email,41999,"24/04/2026, 07:26 PM",14500,,Paid,
Apr-26,ADS Referral,DS Search Ads,GADS,DS-B09,03/04/2026,Vishal Reddy,vishal.reddy@outlook.com,7587073555,Arjun Nair,Google Ads,76999,"01/04/2026, 06:54 PM",17900,Self Finance,Paid,
Apr-26,YT,Gen AI Search Ads,GSN,GENAI-B04,12/04/2026,Rahul Varma,rahulvarma@hotmail.com,6284891255,Vikram Das,Google Ads,71999,"22/04/2026, 06:27 PM",27000,,Pending,
Apr-26,YT,CS Search Ads,GSN,CS-B04,28/04/2026,Sakshi Joshi,sakshijoshi798@rediffmail.com,8900043556,Deepak Verma,YouTube,55999,"26/04/2026, 10:46 PM",21900,Auxilo,Paid,
Apr-26,ADS Referral,CS Search Ads,GSN,CS-B04,10/04/2026,Rohit Bose,rohit.bose227@yahoo.com,6135650841,Vikram Das,Meta Ads,61999,"22/04/2026, 08:14 PM",25800,Auxilo,Paid,
Apr-26,YT,BA Search Ads,GADS,BA-B05,09/04/2026,Isha Pillai,isha_pillai401@hotmail.com,6557641581,Ananya Joshi,YouTube,59999,"07/04/2026, 12:32 PM",20300,HDFC Credila,Loan Disbursed,01/04/2026
Apr-26,ADS,DA Meta Ads,INST,DA-B13,21/04/2026,Deepa Nair,deepa.nair499@yahoo.com,6709035291,Deepak Verma,YouTube,60999,"24/04/2026, 05:15 PM",29100,Self Finance,Partial,
Apr-26,ADS,DA Search Ads,GADS,DA-B13,08/04/2026,Jaya Nair,jaya.nair462@outlook.com,7371641874,Kavya Reddy,YouTube,52999,"18/04/2026, 09:46 PM",18700,Auxilo,Paid,
Apr-26,ADS Referral,DA Meta Ads,META,DA-B12,12/04/2026,Yash Jain,yash.jain210@gmail.com,9463743640,Meera Pillai,Referral,51999,"09/04/2026, 08:31 PM",12800,Self Finance,Loan Disbursed,
Apr-26,ADS,DA Meta Ads,FB,DA-B14,09/04/2026,Kiran Kapoor,kirankapoor970@gmail.com,9739338608,Vikram Das,Meta Ads,69999,"10/04/2026, 06:05 PM",22800,Auxilo,Paid,
Apr-26,YT,DS Search Ads,GSN,DS-B10,04/04/2026,Uday Yadav,uday_yadav675@hotmail.com,9255892491,Sneha Iyer,Meta Ads,79999,"10/04/2026, 09:52 AM",30800,Self Finance,Paid,
Apr-26,YT Referral,CS Search Ads,GADS,CS-B04,27/04/2026,Shruti Patel,shruti_patel891@rediffmail.com,6713491339,Rahul Menon,Google Ads,56999,"27/04/2026, 05:39 PM",23600,Auxilo,Pending,
Apr-26,ADS Referral,CS Search Ads,GSN,CS-B04,25/04/2026,Nikhil Pandey,nikhil.pandey@hotmail.com,6322446246,Arjun Nair,Meta Ads,52999,"02/04/2026, 06:55 PM",16000,Self Finance,Paid,
Apr-26,ADS Referral,Gen AI Meta Ads,FB,GENAI-B04,26/04/2026,Aryan Verma,aryan_verma76@hotmail.com,6002480273,Ananya Joshi,Meta Ads,66999,"29/04/2026, 05:11 PM",14900,Self Finance,Pending,
Apr-26,YT,Gen AI Meta Ads,META,GENAI-B03,15/04/2026,Hemant Pillai,hemant.pillai189@rediffmail.com,7155429649,Arjun Nair,YouTube,78999,"24/04/2026, 02:23 PM",33300,NBFC Direct,Paid,
Apr-26,YT,DA Meta Ads,INST,DA-B12,11/04/2026,Deepa Yadav,deepayadav@hotmail.com,9517391066,Kavya Reddy,Email,68999,"04/04/2026, 06:52 PM",18000,Eduvanz,Pending,
Apr-26,ADS Referral,AI/ML Search Ads,SEM,AIML-B02,19/04/2026,Nandini Varma,nandinivarma@gmail.com,8861486755,Sneha Iyer,YouTube,75999,"16/04/2026, 01:48 PM",18400,HDFC Credila,Paid,
Apr-26,ADS,DS Search Ads,SEM,DS-B08,04/04/2026,Arjun Varma,arjun.varma@hotmail.com,6950515701,Sneha Iyer,Organic,71999,"26/04/2026, 10:58 AM",24600,HDFC Credila,Partial,
Apr-26,ADS Referral,CS Search Ads,GSN,CS-B05,17/04/2026,Geeta Sharma,geeta_sharma886@outlook.com,7365434339,Vikram Das,YouTube,65999,"06/04/2026, 04:50 PM",29000,Self Finance,Paid,
Apr-26,YT Referral,Gen AI Meta Ads,META,GENAI-B03,02/04/2026,Akash Varma,akash_varma@outlook.com,9515195702,Meera Pillai,Google Ads,56999,"03/04/2026, 04:08 PM",25000,HDFC Credila,Loan Disbursed,10/04/2026
Apr-26,ADS Referral,Gen AI Search Ads,SEM,GENAI-B04,08/04/2026,Yash Reddy,yash.reddy144@outlook.com,7140116231,Sneha Iyer,Meta Ads,56999,"01/04/2026, 06:02 PM",27000,,Paid,
Apr-26,YT,DA Meta Ads,FB,DA-B13,24/04/2026,Shruti Patel,shruti_patel@gmail.com,8728643718,Kavya Reddy,Google Ads,53999,"11/04/2026, 01:32 PM",18900,,Paid,
Apr-26,ADS,Gen AI Meta Ads,FB,GENAI-B03,18/04/2026,Aditya Hegde,adityahegde287@hotmail.com,6723919516,Suresh Bhat,YouTube,71999,"23/04/2026, 10:32 PM",16500,Self Finance,Paid,
Apr-26,ADS,Gen AI Search Ads,GADS,GENAI-B03,03/04/2026,Varun Yadav,varun_yadav@outlook.com,7052456595,Arjun Nair,Referral,75999,"02/04/2026, 10:29 AM",28000,Auxilo,Loan Disbursed,28/04/2026
Apr-26,YT,Gen AI Search Ads,GSN,GENAI-B04,25/04/2026,Mohit Tiwari,mohittiwari576@rediffmail.com,7554483789,Arjun Nair,Meta Ads,71999,"04/04/2026, 06:13 PM",31400,HDFC Credila,Pending,
Apr-26,ADS Referral,Gen AI Search Ads,GSN,GENAI-B04,07/04/2026,Amit Tiwari,amittiwari160@rediffmail.com,7163786050,Arjun Nair,Google Ads,69999,"29/04/2026, 01:20 PM",31200,,Paid,
Apr-26,YT Referral,DS Meta Ads,META,DS-B08,04/04/2026,Sahil Patel,sahilpatel@hotmail.com,8573467631,Priya Sharma,YouTube,82999,"09/04/2026, 09:47 PM",20700,Self Finance,Refunded,
Apr-26,YT,DS Meta Ads,FB,DS-B10,16/04/2026,Anjali Chopra,anjali.chopra@yahoo.com,6003027459,Kavya Reddy,Meta Ads,67999,"20/04/2026, 07:15 PM",20000,Auxilo,Partial,
Apr-26,ADS,Gen AI Search Ads,GADS,GENAI-B03,12/04/2026,Nandini Kapoor,nandinikapoor@hotmail.com,9434827012,Ananya Joshi,Meta Ads,68999,"20/04/2026, 01:17 PM",13900,Self Finance,Paid,
Apr-26,YT,DA Meta Ads,FB,DA-B13,17/04/2026,Arjun Gupta,arjungupta32@hotmail.com,6771402596,Arjun Nair,Meta Ads,66999,"24/04/2026, 09:25 AM",15800,Self Finance,Paid,
Apr-26,YT,DM Meta Ads,META,DM-B07,27/04/2026,Priya Mehta,priya.mehta189@hotmail.com,7134160123,Priya Sharma,Meta Ads,39999,"29/04/2026, 06:29 PM",8200,Auxilo,Pending,
Apr-26,ADS,DA Search Ads,GSN,DA-B13,24/04/2026,Nikhil Patel,nikhilpatel@rediffmail.com,9434656712,Arjun Nair,YouTube,60999,"24/04/2026, 08:04 PM",12600,Self Finance,Loan Disbursed,
Apr-26,YT Referral,AI/ML Search Ads,SEM,AIML-B03,17/04/2026,Rohan Agarwal,rohan.agarwal@gmail.com,6519235399,Kavya Reddy,YouTube,81999,"13/04/2026, 11:18 AM",38500,Self Finance,Paid,
Apr-26,ADS,Gen AI Search Ads,GSN,GENAI-B03,20/04/2026,Ravi Agarwal,ravi.agarwal@hotmail.com,9493302630,Sneha Iyer,Referral,73999,"19/04/2026, 10:04 AM",30600,,Paid,
Apr-26,ADS,CS Search Ads,GSN,CS-B04,11/04/2026,Pradeep Rao,pradeep_rao@yahoo.com,6156640214,Meera Pillai,Meta Ads,65999,"18/04/2026, 10:35 PM",14800,,Pending,
Apr-26,YT,CS Search Ads,GSN,CS-B04,03/04/2026,Rohit Rao,rohit.rao@hotmail.com,9190385295,Arjun Nair,Organic,52999,"12/04/2026, 05:24 PM",26000,Eduvanz,Partial,
Apr-26,ADS,BA Meta Ads,META,BA-B05,15/04/2026,Mohit Chopra,mohit_chopra@hotmail.com,8162751891,Kavya Reddy,Google Ads,57999,"05/04/2026, 10:36 PM",16300,Propelld,Paid,
Apr-26,ADS Referral,Gen AI Search Ads,GSN,GENAI-B04,06/04/2026,Chetan Desai,chetan.desai187@gmail.com,7105298120,Sneha Iyer,YouTube,56999,"25/04/2026, 03:38 PM",18800,Propelld,Paid,
Apr-26,YT,DS Search Ads,SEM,DS-B10,14/04/2026,Amit Bose,amit.bose586@gmail.com,6131148166,Kavya Reddy,YouTube,72999,"04/04/2026, 05:12 PM",30900,,Pending,
Apr-26,YT Referral,DA Search Ads,GADS,DA-B14,14/04/2026,Swati Yadav,swati.yadav439@yahoo.com,6706279235,Priya Sharma,Referral,52999,"06/04/2026, 01:09 PM",24300,Propelld,Paid,
Apr-26,YT Referral,DA Meta Ads,INST,DA-B12,03/04/2026,Divya Verma,divyaverma@outlook.com,9871813108,Ananya Joshi,Meta Ads,58999,"14/04/2026, 06:00 PM",28800,Self Finance,Paid,
Apr-26,ADS,AI/ML Search Ads,SEM,AIML-B03,05/04/2026,Hemant Kumar,hemant_kumar@yahoo.com,6836776762,Suresh Bhat,WhatsApp,77999,"26/04/2026, 03:17 PM",38500,Self Finance,Paid,
Apr-26,YT,DA Search Ads,GSN,DA-B14,12/04/2026,Priya Rajan,priyarajan768@yahoo.com,6327465650,Meera Pillai,Google Ads,56999,"27/04/2026, 11:03 AM",12500,,Pending,
Apr-26,YT,BA Search Ads,GSN,BA-B05,12/04/2026,Isha Hegde,ishahegde427@gmail.com,8315456489,Arjun Nair,Meta Ads,45999,"14/04/2026, 11:59 AM",17700,Propelld,Paid,
Apr-26,ADS,CS Search Ads,GSN,CS-B04,20/04/2026,Deepak Mehta,deepakmehta@gmail.com,6930971968,Deepak Verma,YouTube,52999,"09/04/2026, 02:29 PM",24800,Self Finance,Refunded,
Apr-26,ADS,Gen AI Search Ads,GADS,GENAI-B03,05/04/2026,Kavya Agarwal,kavya_agarwal@outlook.com,6778816087,Priya Sharma,Organic,73999,"06/04/2026, 09:08 AM",21300,,Pending,
Apr-26,YT Referral,Gen AI Meta Ads,META,GENAI-B04,11/04/2026,Gaurav Sharma,gauravsharma@yahoo.com,6156917411,Deepak Verma,YouTube,63999,"19/04/2026, 12:48 PM",26000,Propelld,Refunded,
Apr-26,ADS Referral,DS Search Ads,GADS,DS-B10,13/04/2026,Uday Joshi,uday_joshi@gmail.com,7975856829,Meera Pillai,YouTube,79999,"14/04/2026, 08:36 PM",26200,Self Finance,Partial,
Apr-26,YT,DA Search Ads,GSN,DA-B14,17/04/2026,Aryan Singh,aryan.singh897@rediffmail.com,9383505476,Kavya Reddy,Meta Ads,67999,"21/04/2026, 12:19 PM",33000,Eduvanz,Paid,
Apr-26,YT Referral,BA Meta Ads,INST,BA-B05,07/04/2026,Nandini Hegde,nandini_hegde506@rediffmail.com,9257505317,Vikram Das,Referral,48999,"04/04/2026, 09:01 PM",20000,Propelld,Partial,
Apr-26,ADS,DA Search Ads,GADS,DA-B14,28/04/2026,Sakshi Naidu,sakshi.naidu@yahoo.com,7153443056,Deepak Verma,YouTube,61999,"28/04/2026, 07:05 PM",27500,Self Finance,Loan Disbursed,
Apr-26,ADS,DA Search Ads,SEM,DA-B13,29/04/2026,Deepak Tiwari,deepak.tiwari164@rediffmail.com,6032379093,Rahul Menon,YouTube,51999,"23/04/2026, 08:43 PM",11900,HDFC Credila,Paid,
Apr-26,ADS,Gen AI Meta Ads,META,GENAI-B03,14/04/2026,Aditya Iyer,adityaiyer367@hotmail.com,8712420087,Suresh Bhat,Google Ads,64999,"01/04/2026, 09:49 AM",26800,Self Finance,Paid,
Apr-26,ADS,DA Meta Ads,INST,DA-B13,30/04/2026,Akash Tiwari,akash.tiwari@hotmail.com,9849241071,Deepak Verma,WhatsApp,60999,"29/04/2026, 01:58 PM",29600,NBFC Direct,Partial,
Apr-26,YT,Gen AI Search Ads,GSN,GENAI-B03,22/04/2026,Geeta Menon,geeta.menon346@rediffmail.com,7919123665,Vikram Das,Meta Ads,70999,"25/04/2026, 11:12 AM",24300,Propelld,Pending,
Apr-26,ADS,DM Meta Ads,INST,DM-B08,04/04/2026,Dhruv Mehta,dhruvmehta84@gmail.com,9759935804,Arjun Nair,Google Ads,45999,"21/04/2026, 09:55 PM",21800,Propelld,Partial,
Apr-26,ADS,DA Search Ads,GADS,DA-B12,09/04/2026,Suresh Nair,sureshnair248@hotmail.com,8591761074,Kavya Reddy,Meta Ads,55999,"27/04/2026, 10:42 PM",22800,Propelld,Paid,
Apr-26,YT,BA Search Ads,GSN,BA-B05,30/04/2026,Vijay Ghosh,vijay.ghosh362@rediffmail.com,9429976384,Meera Pillai,Email,53999,"18/04/2026, 08:45 PM",17800,Self Finance,Pending,
Apr-26,YT,BA Meta Ads,INST,BA-B06,09/04/2026,Harish Kumar,harish.kumar@gmail.com,7027801112,Priya Sharma,Google Ads,47999,"02/04/2026, 09:06 PM",19900,Auxilo,Pending,
Apr-26,YT,DA Meta Ads,META,DA-B14,17/04/2026,Tanvi Kapoor,tanvi_kapoor@hotmail.com,9713049309,Sneha Iyer,YouTube,57999,"18/04/2026, 12:35 PM",28100,Eduvanz,Paid,
Apr-26,YT Referral,DM Meta Ads,FB,DM-B08,29/04/2026,Tanvi Jain,tanvijain963@hotmail.com,9971160508,Meera Pillai,Meta Ads,39999,"12/04/2026, 10:42 AM",13500,Self Finance,Pending,
Apr-26,ADS,DM Meta Ads,FB,DM-B07,27/04/2026,Uday Kumar,uday_kumar@outlook.com,8600244683,Sneha Iyer,YouTube,37999,"09/04/2026, 12:51 PM",12700,NBFC Direct,Partial,
Apr-26,ADS Referral,AI/ML Search Ads,GSN,AIML-B03,07/04/2026,Bhavna Chopra,bhavna.chopra697@hotmail.com,9427861869,Kavya Reddy,YouTube,73999,"16/04/2026, 03:39 PM",29700,Auxilo,Partial,
Apr-26,ADS,Gen AI Meta Ads,META,GENAI-B03,16/04/2026,Uday Hegde,udayhegde271@hotmail.com,6659782352,Suresh Bhat,Meta Ads,63999,"11/04/2026, 10:40 AM",26500,Eduvanz,Paid,
Apr-26,ADS Referral,BA Meta Ads,INST,BA-B06,20/04/2026,Aditya Varma,aditya.varma922@hotmail.com,7772569760,Arjun Nair,Google Ads,51999,"10/04/2026, 04:42 PM",24100,,Paid,
Apr-26,YT,DM Meta Ads,META,DM-B08,11/04/2026,Vishal Fernandes,vishal_fernandes759@rediffmail.com,6117714277,Sneha Iyer,Organic,41999,"21/04/2026, 10:19 AM",15500,,Paid,
Apr-26,YT,DS Meta Ads,META,DS-B09,10/04/2026,Dhruv Kumar,dhruvkumar936@hotmail.com,8963331281,Arjun Nair,YouTube,77999,"01/04/2026, 02:05 PM",37300,Propelld,Paid,
Apr-26,ADS Referral,DM Meta Ads,META,DM-B07,26/04/2026,Amit Kapoor,amit_kapoor@gmail.com,7236569652,Suresh Bhat,Meta Ads,38999,"28/04/2026, 03:38 PM",9300,Auxilo,Paid,
Apr-26,ADS,DS Search Ads,SEM,DS-B09,28/04/2026,Rahul Ghosh,rahul_ghosh@outlook.com,9165497881,Arjun Nair,YouTube,75999,"11/04/2026, 12:10 PM",20900,Self Finance,Paid,
Apr-26,ADS,AI/ML Search Ads,SEM,AIML-B03,05/04/2026,Swati Mehta,swati.mehta@rediffmail.com,9935012901,Kavya Reddy,Organic,67999,"12/04/2026, 03:12 PM",26300,Self Finance,Paid,
Apr-26,YT,DS Search Ads,GSN,DS-B09,15/04/2026,Ravi Menon,ravimenon@rediffmail.com,6446411068,Vikram Das,Google Ads,62999,"14/04/2026, 11:55 AM",29500,Self Finance,Loan Disbursed,
Apr-26,YT,Gen AI Meta Ads,META,GENAI-B04,03/04/2026,Jaya Yadav,jayayadav@rediffmail.com,9815309292,Arjun Nair,YouTube,56999,"21/04/2026, 03:17 PM",23400,NBFC Direct,Paid,
Apr-26,ADS Referral,DS Meta Ads,META,DS-B10,22/04/2026,Deepak Patel,deepakpatel87@outlook.com,7489600461,Rahul Menon,Organic,74999,"17/04/2026, 08:22 PM",31600,Self Finance,Paid,
Apr-26,YT Referral,DS Search Ads,GADS,DS-B08,16/04/2026,Jaya Desai,jaya_desai@hotmail.com,7850208835,Priya Sharma,Meta Ads,80999,"25/04/2026, 12:23 PM",32700,Propelld,Paid,
Apr-26,ADS,BA Search Ads,GSN,BA-B06,04/04/2026,Aryan Tiwari,aryan.tiwari@yahoo.com,6390215591,Meera Pillai,Meta Ads,45999,"07/04/2026, 03:07 PM",22900,NBFC Direct,Loan Disbursed,04/04/2026
Apr-26,ADS,CS Search Ads,GADS,CS-B04,26/04/2026,Jaya Gupta,jaya.gupta@yahoo.com,8992408472,Rahul Menon,Meta Ads,58999,"15/04/2026, 03:42 PM",28600,Eduvanz,Paid,
Apr-26,ADS,DS Search Ads,GADS,DS-B10,17/04/2026,Akash Chopra,akashchopra@hotmail.com,9751213027,Kavya Reddy,Referral,78999,"19/04/2026, 07:24 PM",25900,,Paid,
Apr-26,ADS,BA Search Ads,GADS,BA-B05,09/04/2026,Kavya Iyer,kavya.iyer373@rediffmail.com,8409707636,Priya Sharma,Google Ads,56999,"13/04/2026, 09:16 PM",14100,Eduvanz,Paid,
Apr-26,YT Referral,Gen AI Search Ads,GSN,GENAI-B04,30/04/2026,Jaya Jain,jaya_jain@hotmail.com,6150936740,Priya Sharma,Google Ads,71999,"09/04/2026, 09:09 PM",31800,Self Finance,Pending,
Apr-26,ADS,Gen AI Search Ads,SEM,GENAI-B03,26/04/2026,Akash Joshi,akash_joshi391@gmail.com,9557297136,Sneha Iyer,Organic,56999,"22/04/2026, 11:53 AM",13600,HDFC Credila,Paid,
Apr-26,YT,DA Meta Ads,FB,DA-B14,11/04/2026,Sneha Verma,snehaverma@rediffmail.com,8890413209,Vikram Das,Google Ads,58999,"17/04/2026, 01:45 PM",15000,,Partial,
Apr-26,ADS,BA Meta Ads,META,BA-B06,11/04/2026,Amit Murthy,amitmurthy333@gmail.com,7201051440,Vikram Das,Meta Ads,52999,"20/04/2026, 09:09 AM",10900,Propelld,Paid,
Apr-26,YT Referral,Gen AI Meta Ads,META,GENAI-B04,15/04/2026,Deepak Ghosh,deepakghosh@outlook.com,7324055541,Sneha Iyer,Meta Ads,77999,"26/04/2026, 05:42 PM",34100,Propelld,Paid,
Apr-26,ADS,DA Meta Ads,INST,DA-B14,23/04/2026,Aryan Iyer,aryan_iyer@gmail.com,8364942957,Arjun Nair,Google Ads,69999,"25/04/2026, 09:50 AM",17900,Self Finance,Pending,
Apr-26,YT,DA Meta Ads,INST,DA-B13,01/04/2026,Pooja Agarwal,poojaagarwal319@rediffmail.com,6291440511,Meera Pillai,Google Ads,51999,"27/04/2026, 06:25 PM",23600,Propelld,Paid,
Apr-26,YT Referral,Gen AI Meta Ads,FB,GENAI-B04,29/04/2026,Sahil Ghosh,sahil_ghosh@rediffmail.com,6009618873,Kavya Reddy,Google Ads,63999,"16/04/2026, 07:50 PM",26500,HDFC Credila,Partial,
Apr-26,ADS,DA Meta Ads,META,DA-B14,10/04/2026,Vinay Bose,vinay_bose@yahoo.com,9116359711,Meera Pillai,YouTube,65999,"18/04/2026, 10:23 AM",15300,Eduvanz,Paid,
Apr-26,YT,CS Search Ads,GSN,CS-B05,23/04/2026,Deepak Chopra,deepak_chopra380@yahoo.com,6571945621,Deepak Verma,Organic,54999,"18/04/2026, 01:28 PM",19900,Self Finance,Refunded,
Apr-26,ADS,Gen AI Meta Ads,META,GENAI-B04,09/04/2026,Ananya Nair,ananyanair226@hotmail.com,6830664681,Rahul Menon,YouTube,70999,"15/04/2026, 12:00 PM",27900,HDFC Credila,Paid,
Apr-26,ADS Referral,DA Search Ads,SEM,DA-B13,08/04/2026,Priya Das,priya.das@yahoo.com,7805576676,Meera Pillai,Meta Ads,64999,"11/04/2026, 02:02 PM",22000,Propelld,Paid,
Apr-26,ADS,AI/ML Search Ads,GSN,AIML-B03,28/04/2026,Meera Chopra,meera.chopra431@hotmail.com,9884326009,Sneha Iyer,YouTube,74999,"04/04/2026, 08:26 PM",30200,Self Finance,Paid,
Apr-26,ADS Referral,Gen AI Meta Ads,FB,GENAI-B03,10/04/2026,Sneha Desai,snehadesai@hotmail.com,6680128556,Priya Sharma,Google Ads,73999,"16/04/2026, 04:37 PM",16900,Auxilo,Pending,
Apr-26,ADS,DA Search Ads,SEM,DA-B12,26/04/2026,Rahul Ghosh,rahul_ghosh798@yahoo.com,8794827197,Sneha Iyer,YouTube,67999,"07/04/2026, 08:29 PM",22700,,Pending,
Apr-26,YT,AI/ML Search Ads,SEM,AIML-B02,18/04/2026,Karan Hegde,karan_hegde667@gmail.com,9985225854,Suresh Bhat,Organic,75999,"15/04/2026, 07:11 PM",35500,Self Finance,Paid,
Apr-26,YT,DS Search Ads,GSN,DS-B10,25/04/2026,Amit Patel,amit_patel99@gmail.com,7566006489,Rahul Menon,WhatsApp,70999,"08/04/2026, 09:20 PM",32400,Self Finance,Paid,
Apr-26,YT Referral,DA Search Ads,GSN,DA-B14,10/04/2026,Kiran Mehta,kiranmehta56@hotmail.com,8166141955,Vikram Das,Email,58999,"07/04/2026, 06:20 PM",12700,,Paid,
Apr-26,ADS,CS Search Ads,GSN,CS-B04,04/04/2026,Aditya Hegde,aditya_hegde765@hotmail.com,9606837395,Sneha Iyer,Google Ads,53999,"05/04/2026, 07:06 PM",20900,,Loan Disbursed,
Apr-26,YT,DA Search Ads,GADS,DA-B13,23/04/2026,Aarav Hegde,aarav_hegde@yahoo.com,6658552258,Meera Pillai,Organic,58999,"07/04/2026, 12:33 PM",27600,Self Finance,Partial,
Apr-26,ADS,AI/ML Search Ads,GSN,AIML-B02,19/04/2026,Akash Rajan,akashrajan@outlook.com,9487927772,Meera Pillai,Organic,78999,"04/04/2026, 03:54 PM",19400,Propelld,Partial,
Apr-26,YT Referral,DA Search Ads,SEM,DA-B14,26/04/2026,Vinay Rao,vinay.rao587@outlook.com,6968812909,Rahul Menon,Referral,55999,"02/04/2026, 03:03 PM",18400,Self Finance,Paid,
Apr-26,YT,BA Search Ads,GSN,BA-B05,28/04/2026,Ravi Pillai,ravi.pillai544@rediffmail.com,7760233551,Vikram Das,Google Ads,59999,"13/04/2026, 06:59 PM",17400,Auxilo,Pending,
Apr-26,YT Referral,AI/ML Search Ads,GSN,AIML-B03,20/04/2026,Pallavi Iyer,pallaviiyer@rediffmail.com,6635124726,Meera Pillai,Organic,66999,"04/04/2026, 01:46 PM",31000,Self Finance,Paid,
Apr-26,YT Referral,DS Search Ads,GSN,DS-B09,25/04/2026,Swati Shetty,swati.shetty@gmail.com,6501678427,Ananya Joshi,Google Ads,78999,"30/04/2026, 04:22 PM",20000,HDFC Credila,Loan Disbursed,19/04/2026
Apr-26,ADS,BA Search Ads,GSN,BA-B05,14/04/2026,Deepa Gupta,deepagupta@hotmail.com,7628628207,Meera Pillai,YouTube,56999,"06/04/2026, 12:45 PM",15200,Auxilo,Paid,
Apr-26,ADS Referral,DA Search Ads,GSN,DA-B12,29/04/2026,Aarav Mehta,aarav_mehta235@outlook.com,6645585685,Suresh Bhat,YouTube,63999,"17/04/2026, 06:34 PM",21100,Self Finance,Paid,
Apr-26,YT,Gen AI Search Ads,SEM,GENAI-B04,09/04/2026,Ishaan Bose,ishaan.bose219@yahoo.com,8836665595,Kavya Reddy,Organic,79999,"20/04/2026, 06:23 PM",35100,Auxilo,Paid,
Apr-26,ADS,Gen AI Meta Ads,META,GENAI-B04,15/04/2026,Shruti Pandey,shruti.pandey595@rediffmail.com,6690114725,Arjun Nair,Google Ads,72999,"21/04/2026, 10:28 AM",29400,Self Finance,Paid,
Apr-26,ADS Referral,DM Meta Ads,INST,DM-B08,20/04/2026,Priya Fernandes,priya.fernandes@outlook.com,8212927621,Meera Pillai,WhatsApp,42999,"16/04/2026, 07:09 PM",9600,,Paid,
Apr-26,YT Referral,CS Search Ads,GADS,CS-B05,13/04/2026,Chetan Pillai,chetanpillai443@rediffmail.com,6549541576,Arjun Nair,Referral,62999,"14/04/2026, 08:22 PM",12700,Eduvanz,Paid,
Apr-26,ADS,DA Meta Ads,META,DA-B13,02/04/2026,Deepa Rajan,deepa_rajan214@gmail.com,6658524246,Meera Pillai,Email,57999,"28/04/2026, 09:36 AM",24300,Self Finance,Paid,
Apr-26,YT,DA Meta Ads,FB,DA-B12,25/04/2026,Ananya Kumar,ananya_kumar@hotmail.com,8492152105,Priya Sharma,Email,51999,"07/04/2026, 09:42 AM",14900,Eduvanz,Paid,
Apr-26,ADS,DS Search Ads,SEM,DS-B09,11/04/2026,Sahil Chopra,sahil_chopra@hotmail.com,6599830767,Meera Pillai,Google Ads,65999,"02/04/2026, 10:00 AM",13700,Self Finance,Paid,
Apr-26,ADS,DS Meta Ads,META,DS-B09,23/04/2026,Kiran Agarwal,kiranagarwal@rediffmail.com,6015391476,Vikram Das,YouTube,82999,"06/04/2026, 05:02 PM",31300,Self Finance,Paid,
Apr-26,YT,AI/ML Search Ads,SEM,AIML-B02,12/04/2026,Geeta Iyer,geeta.iyer@outlook.com,6638089016,Rahul Menon,Organic,85999,"11/04/2026, 07:43 PM",32600,NBFC Direct,Paid,
Apr-26,YT Referral,DA Search Ads,SEM,DA-B14,13/04/2026,Isha Rao,isharao331@yahoo.com,6325852698,Vikram Das,Meta Ads,69999,"22/04/2026, 01:22 PM",25700,,Pending,
Apr-26,ADS Referral,AI/ML Search Ads,SEM,AIML-B03,13/04/2026,Jaya Rao,jaya_rao410@gmail.com,8820692832,Ananya Joshi,Google Ads,72999,"05/04/2026, 02:50 PM",33000,Auxilo,Paid,
Apr-26,ADS Referral,BA Meta Ads,META,BA-B05,28/04/2026,Priya Bose,priya_bose715@outlook.com,8348927742,Deepak Verma,YouTube,49999,"14/04/2026, 10:10 AM",17100,HDFC Credila,Partial,
Apr-26,YT,BA Search Ads,GSN,BA-B05,08/04/2026,Rohan Ghosh,rohan_ghosh855@hotmail.com,8554815935,Suresh Bhat,Organic,51999,"12/04/2026, 06:03 PM",14200,,Paid,
Apr-26,YT Referral,DA Meta Ads,INST,DA-B14,08/04/2026,Kiran Kapoor,kirankapoor@gmail.com,6519647029,Sneha Iyer,YouTube,66999,"09/04/2026, 12:50 PM",19800,Propelld,Paid,
Apr-26,YT,DM Meta Ads,META,DM-B07,26/04/2026,Meera Singh,meera_singh386@outlook.com,7748411416,Arjun Nair,Meta Ads,41999,"19/04/2026, 12:14 PM",11100,Auxilo,Paid,
Apr-26,ADS Referral,DA Meta Ads,FB,DA-B14,04/04/2026,Vijay Fernandes,vijay.fernandes260@outlook.com,8799058848,Sneha Iyer,Referral,63999,"10/04/2026, 07:56 PM",31400,HDFC Credila,Paid,
Apr-26,YT,DS Search Ads,GSN,DS-B10,25/04/2026,Pooja Patel,pooja.patel554@yahoo.com,6723515122,Sneha Iyer,Organic,75999,"30/04/2026, 03:39 PM",35900,,Loan Disbursed,
Apr-26,YT,DA Search Ads,GSN,DA-B14,20/04/2026,Swati Murthy,swati_murthy897@yahoo.com,7870575821,Ananya Joshi,Google Ads,52999,"09/04/2026, 03:07 PM",14200,Eduvanz,Loan Disbursed,30/04/2026
Apr-26,ADS,BA Meta Ads,META,BA-B06,02/04/2026,Priya Rajan,priya.rajan514@outlook.com,7093745282,Priya Sharma,Meta Ads,51999,"12/04/2026, 09:37 PM",17700,Propelld,Pending,
Apr-26,ADS,DS Search Ads,GADS,DS-B10,04/04/2026,Anjali Varma,anjali_varma@gmail.com,8519831933,Vikram Das,Google Ads,64999,"21/04/2026, 10:50 AM",24500,,Paid,
Apr-26,ADS,Gen AI Meta Ads,FB,GENAI-B03,28/04/2026,Manish Das,manish.das@hotmail.com,9816818699,Kavya Reddy,Google Ads,61999,"06/04/2026, 04:13 PM",27600,Self Finance,Paid,
Apr-26,ADS,DA Meta Ads,META,DA-B13,27/04/2026,Gaurav Murthy,gaurav_murthy@yahoo.com,8044179697,Rahul Menon,YouTube,56999,"18/04/2026, 09:09 AM",12800,HDFC Credila,Paid,
Apr-26,ADS,BA Search Ads,GSN,BA-B06,22/04/2026,Chetan Ghosh,chetanghosh229@yahoo.com,8605207481,Priya Sharma,Organic,48999,"12/04/2026, 06:20 PM",24200,Auxilo,Loan Disbursed,24/04/2026
Apr-26,ADS,Gen AI Meta Ads,META,GENAI-B03,12/04/2026,Anjali Fernandes,anjali.fernandes10@outlook.com,8337997424,Deepak Verma,Google Ads,58999,"25/04/2026, 09:56 PM",14900,HDFC Credila,Pending,
Apr-26,YT,DM Meta Ads,META,DM-B08,09/04/2026,Gaurav Verma,gaurav.verma@yahoo.com,6320261972,Kavya Reddy,WhatsApp,43999,"15/04/2026, 06:53 PM",19900,Self Finance,Partial,
Apr-26,ADS,Gen AI Meta Ads,META,GENAI-B03,18/04/2026,Kiran Desai,kirandesai@gmail.com,9585105596,Ananya Joshi,Email,65999,"05/04/2026, 03:03 PM",16200,,Pending,
Apr-26,ADS,DA Search Ads,GSN,DA-B14,15/04/2026,Bhavna Menon,bhavna_menon@gmail.com,9379052830,Kavya Reddy,YouTube,53999,"06/04/2026, 08:18 PM",26000,Self Finance,Loan Disbursed,
Apr-26,YT,DS Search Ads,GADS,DS-B09,17/04/2026,Sandeep Gupta,sandeep.gupta@outlook.com,9507259222,Rahul Menon,YouTube,69999,"27/04/2026, 09:31 AM",21500,,Paid,
Apr-26,ADS Referral,DA Search Ads,GSN,DA-B14,25/04/2026,Rohan Joshi,rohan.joshi230@rediffmail.com,9640028207,Kavya Reddy,Referral,57999,"05/04/2026, 02:09 PM",16000,Propelld,Paid,
Apr-26,ADS Referral,DA Meta Ads,INST,DA-B12,25/04/2026,Uday Kumar,uday.kumar@gmail.com,7434906307,Suresh Bhat,Meta Ads,63999,"25/04/2026, 10:04 AM",25800,,Paid,
Apr-26,ADS,DM Meta Ads,INST,DM-B07,04/04/2026,Ananya Pandey,ananya.pandey768@rediffmail.com,7246679824,Suresh Bhat,Referral,49999,"08/04/2026, 08:07 PM",12000,Self Finance,Loan Disbursed,
Apr-26,ADS,CS Search Ads,GSN,CS-B05,29/04/2026,Sneha Singh,snehasingh767@yahoo.com,8920723754,Vikram Das,YouTube,63999,"23/04/2026, 06:36 PM",14900,Self Finance,Loan Disbursed,
Apr-26,YT,BA Search Ads,GSN,BA-B05,22/04/2026,Ishaan Desai,ishaan_desai@hotmail.com,6224178131,Meera Pillai,YouTube,59999,"23/04/2026, 09:40 PM",26600,Auxilo,Paid,
Apr-26,ADS,DA Meta Ads,META,DA-B12,18/04/2026,Akash Naidu,akash.naidu@outlook.com,9713503710,Suresh Bhat,Email,57999,"24/04/2026, 10:42 PM",25400,Propelld,Paid,
Apr-26,ADS,DA Search Ads,GADS,DA-B14,22/04/2026,Pooja Kumar,pooja.kumar980@outlook.com,6506222157,Suresh Bhat,Organic,67999,"03/04/2026, 11:59 AM",23800,,Pending,
Apr-26,YT,DM Meta Ads,META,DM-B07,11/04/2026,Karan Desai,karan.desai67@rediffmail.com,7548729239,Priya Sharma,Google Ads,35999,"28/04/2026, 10:28 PM",8000,Auxilo,Paid,
Apr-26,ADS,DA Search Ads,GADS,DA-B14,29/04/2026,Uday Kapoor,uday.kapoor712@outlook.com,7356182401,Sneha Iyer,Google Ads,52999,"13/04/2026, 09:59 AM",21100,Auxilo,Paid,
Apr-26,YT,DA Search Ads,GADS,DA-B14,23/04/2026,Isha Pillai,isha.pillai107@yahoo.com,8096661633,Arjun Nair,Google Ads,68999,"25/04/2026, 11:05 AM",26300,Eduvanz,Paid,
Apr-26,ADS,Gen AI Search Ads,GSN,GENAI-B03,11/04/2026,Lakshmi Agarwal,lakshmiagarwal@rediffmail.com,8790477803,Sneha Iyer,YouTube,64999,"02/04/2026, 01:07 PM",20000,Self Finance,Paid,
Apr-26,ADS Referral,CS Search Ads,GADS,CS-B04,08/04/2026,Suresh Rao,suresh.rao@yahoo.com,9759117938,Priya Sharma,YouTube,67999,"09/04/2026, 08:13 PM",30500,Eduvanz,Pending,
Apr-26,YT Referral,CS Search Ads,GSN,CS-B04,23/04/2026,Sneha Iyer,snehaiyer@yahoo.com,7308340992,Suresh Bhat,Meta Ads,63999,"13/04/2026, 11:51 AM",14900,Self Finance,Paid,
Apr-26,YT Referral,BA Meta Ads,INST,BA-B05,07/04/2026,Pradeep Das,pradeep_das312@hotmail.com,9141865715,Deepak Verma,Meta Ads,50999,"29/04/2026, 06:06 PM",19600,HDFC Credila,Paid,
Apr-26,ADS,DA Meta Ads,META,DA-B12,10/04/2026,Akash Das,akash.das150@outlook.com,6553042066,Arjun Nair,Google Ads,62999,"11/04/2026, 08:47 PM",14100,Self Finance,Paid,
Apr-26,ADS,CS Search Ads,GADS,CS-B05,26/04/2026,Rohit Chopra,rohitchopra576@yahoo.com,8328417082,Kavya Reddy,Google Ads,61999,"17/04/2026, 04:29 PM",29200,Self Finance,Partial,
Apr-26,YT Referral,AI/ML Search Ads,SEM,AIML-B03,17/04/2026,Mohit Menon,mohitmenon@gmail.com,8280482051,Deepak Verma,YouTube,88999,"16/04/2026, 10:50 AM",30300,Self Finance,Paid,
Apr-26,ADS,DS Meta Ads,FB,DS-B09,28/04/2026,Harish Chopra,harish.chopra@gmail.com,9245317079,Meera Pillai,Organic,68999,"01/04/2026, 02:35 PM",14800,,Loan Disbursed,
Apr-26,YT Referral,DA Search Ads,SEM,DA-B12,27/04/2026,Manish Rao,manish.rao934@yahoo.com,7224685144,Meera Pillai,Meta Ads,62999,"18/04/2026, 04:06 PM",14300,Eduvanz,Pending,
Apr-26,ADS,DA Meta Ads,FB,DA-B13,05/04/2026,Kritika Singh,kritika_singh@gmail.com,6035234620,Kavya Reddy,Meta Ads,68999,"10/04/2026, 06:09 PM",17300,Self Finance,Loan Disbursed,
Apr-26,ADS,Gen AI Search Ads,GADS,GENAI-B03,12/04/2026,Jaya Pillai,jaya_pillai373@rediffmail.com,8518653554,Meera Pillai,YouTube,60999,"17/04/2026, 07:30 PM",12500,Eduvanz,Partial,
Apr-26,ADS Referral,BA Search Ads,GSN,BA-B06,18/04/2026,Divya Nair,divya_nair@hotmail.com,7220257228,Meera Pillai,YouTube,58999,"27/04/2026, 03:57 PM",28800,Self Finance,Partial,
Apr-26,ADS,DA Meta Ads,FB,DA-B14,07/04/2026,Suresh Chopra,suresh.chopra657@gmail.com,9131026043,Rahul Menon,Meta Ads,60999,"28/04/2026, 02:20 PM",24600,NBFC Direct,Loan Disbursed,25/04/2026
Apr-26,ADS,Gen AI Search Ads,GADS,GENAI-B04,05/04/2026,Uday Shah,uday_shah@outlook.com,9481255354,Meera Pillai,YouTube,62999,"22/04/2026, 09:45 AM",19900,Self Finance,Paid,
Apr-26,YT,DM Meta Ads,FB,DM-B07,16/04/2026,Manish Menon,manishmenon664@gmail.com,6820145143,Kavya Reddy,Meta Ads,38999,"24/04/2026, 04:09 PM",18500,HDFC Credila,Paid,
Apr-26,YT,DS Meta Ads,META,DS-B10,29/04/2026,Vishal Bose,vishalbose733@rediffmail.com,9224362888,Sneha Iyer,Meta Ads,70999,"28/04/2026, 04:52 PM",34600,,Paid,
Apr-26,ADS,DS Meta Ads,FB,DS-B08,25/04/2026,Hemant Yadav,hemantyadav@gmail.com,8863134603,Ananya Joshi,Referral,72999,"27/04/2026, 02:15 PM",17100,Eduvanz,Paid,
Apr-26,YT Referral,BA Search Ads,GADS,BA-B05,28/04/2026,Meera Kumar,meera.kumar@gmail.com,6979863447,Deepak Verma,Google Ads,51999,"09/04/2026, 12:26 PM",21900,Self Finance,Paid,
Apr-26,ADS,Gen AI Meta Ads,FB,GENAI-B03,26/04/2026,Nikhil Singh,nikhilsingh@outlook.com,6851157965,Kavya Reddy,Google Ads,66999,"07/04/2026, 08:25 PM",29600,Propelld,Paid,
Apr-26,ADS Referral,BA Meta Ads,META,BA-B06,23/04/2026,Varun Rajan,varun.rajan629@gmail.com,7249002969,Vikram Das,Google Ads,55999,"18/04/2026, 02:05 PM",26500,,Paid,
Apr-26,ADS Referral,DA Meta Ads,META,DA-B12,12/04/2026,Geeta Sharma,geetasharma909@hotmail.com,9720468094,Vikram Das,Meta Ads,65999,"25/04/2026, 05:49 PM",17200,Propelld,Paid,
Apr-26,ADS Referral,CS Search Ads,GADS,CS-B04,17/04/2026,Nandini Varma,nandini_varma751@gmail.com,6393106084,Priya Sharma,Google Ads,60999,"09/04/2026, 08:56 PM",15700,Self Finance,Paid,
Apr-26,YT,CS Search Ads,GADS,CS-B05,24/04/2026,Arjun Agarwal,arjunagarwal@gmail.com,9223233244,Sneha Iyer,Google Ads,69999,"03/04/2026, 08:09 PM",26700,Self Finance,Pending,
Apr-26,ADS,Gen AI Search Ads,GSN,GENAI-B04,01/04/2026,Sonia Das,sonia.das@hotmail.com,8042136491,Priya Sharma,Google Ads,75999,"05/04/2026, 02:13 PM",24500,Self Finance,Pending,
Apr-26,ADS,DS Search Ads,GSN,DS-B08,05/04/2026,Mohit Agarwal,mohit.agarwal737@hotmail.com,9005414376,Meera Pillai,Organic,66999,"06/04/2026, 02:37 PM",25500,HDFC Credila,Paid,
Apr-26,ADS,AI/ML Search Ads,SEM,AIML-B03,18/04/2026,Aryan Tiwari,aryan_tiwari215@gmail.com,8836622173,Priya Sharma,Meta Ads,87999,"27/04/2026, 11:07 AM",30400,,Pending,
Apr-26,ADS,BA Meta Ads,META,BA-B05,15/04/2026,Sneha Agarwal,snehaagarwal@yahoo.com,9973752656,Deepak Verma,Google Ads,50999,"25/04/2026, 02:51 PM",19400,Self Finance,Paid,
Apr-26,ADS Referral,DS Meta Ads,FB,DS-B09,12/04/2026,Amit Rajan,amitrajan@yahoo.com,6550584062,Priya Sharma,Meta Ads,73999,"12/04/2026, 09:45 AM",28400,Auxilo,Paid,
Apr-26,ADS,BA Search Ads,GSN,BA-B06,06/04/2026,Isha Kumar,ishakumar@outlook.com,7713106140,Sneha Iyer,Referral,54999,"22/04/2026, 10:30 AM",24300,Propelld,Refunded,
Apr-26,YT Referral,DA Meta Ads,META,DA-B14,13/04/2026,Isha Sharma,ishasharma@outlook.com,9551513506,Suresh Bhat,Google Ads,57999,"05/04/2026, 03:50 PM",26300,,Paid,
Apr-26,YT,DS Search Ads,SEM,DS-B09,07/04/2026,Gaurav Menon,gaurav.menon@gmail.com,8033459352,Vikram Das,Google Ads,68999,"23/04/2026, 09:17 PM",17900,Self Finance,Pending,
Apr-26,ADS,DA Meta Ads,FB,DA-B13,08/04/2026,Nikhil Verma,nikhilverma779@outlook.com,9292635816,Sneha Iyer,Meta Ads,56999,"22/04/2026, 03:09 PM",27200,Self Finance,Paid,
Apr-26,ADS,Gen AI Meta Ads,META,GENAI-B04,05/04/2026,Nikhil Iyer,nikhil_iyer@outlook.com,9815076050,Priya Sharma,Organic,74999,"03/04/2026, 06:28 PM",33500,NBFC Direct,Paid,
Apr-26,YT,BA Search Ads,GADS,BA-B05,01/04/2026,Ananya Das,ananya_das@rediffmail.com,9854250534,Sneha Iyer,Google Ads,49999,"15/04/2026, 10:55 PM",22100,Self Finance,Paid,
Apr-26,YT,Gen AI Search Ads,GADS,GENAI-B04,17/04/2026,Sneha Shah,snehashah@rediffmail.com,9109794865,Kavya Reddy,Referral,70999,"06/04/2026, 09:25 AM",33200,Self Finance,Paid,
Apr-26,ADS Referral,Gen AI Meta Ads,META,GENAI-B04,25/04/2026,Lakshmi Joshi,lakshmi_joshi479@outlook.com,9759098453,Kavya Reddy,Meta Ads,56999,"24/04/2026, 07:51 PM",24900,NBFC Direct,Partial,
Apr-26,ADS,DA Meta Ads,INST,DA-B12,09/04/2026,Uday Varma,udayvarma663@outlook.com,7497998506,Kavya Reddy,Google Ads,61999,"26/04/2026, 01:41 PM",20700,,Paid,
Apr-26,ADS Referral,DM Meta Ads,META,DM-B07,01/04/2026,Sneha Fernandes,sneha_fernandes@yahoo.com,7282779867,Suresh Bhat,Google Ads,37999,"08/04/2026, 09:06 AM",17300,,Loan Disbursed,
Apr-26,ADS,DA Search Ads,GSN,DA-B13,29/04/2026,Chetan Rajan,chetan.rajan708@rediffmail.com,6082991761,Deepak Verma,Email,67999,"15/04/2026, 03:05 PM",24900,Self Finance,Refunded,
Apr-26,ADS,Gen AI Meta Ads,META,GENAI-B04,27/04/2026,Kritika Reddy,kritika_reddy@yahoo.com,9558591862,Meera Pillai,Google Ads,77999,"11/04/2026, 07:52 PM",15700,Self Finance,Paid,
Apr-26,YT Referral,DS Search Ads,SEM,DS-B09,04/04/2026,Bhavna Yadav,bhavna.yadav768@gmail.com,9491707078,Rahul Menon,Google Ads,71999,"04/04/2026, 06:05 PM",30100,Eduvanz,Paid,
Apr-26,ADS,DS Search Ads,GADS,DS-B10,23/04/2026,Arjun Shah,arjun.shah597@hotmail.com,8668337244,Arjun Nair,Referral,81999,"14/04/2026, 05:00 PM",17800,,Partial,
Apr-26,ADS,DM Meta Ads,FB,DM-B07,03/04/2026,Deepa Patel,deepapatel576@outlook.com,9429415296,Meera Pillai,Meta Ads,44999,"29/04/2026, 12:06 PM",21400,Self Finance,Paid,
Apr-26,ADS,DA Search Ads,SEM,DA-B14,26/04/2026,Tanvi Verma,tanvi_verma@rediffmail.com,8667560123,Deepak Verma,YouTube,53999,"21/04/2026, 09:35 AM",22100,Self Finance,Loan Disbursed,
Apr-26,YT Referral,DA Meta Ads,FB,DA-B13,11/04/2026,Vijay Kapoor,vijaykapoor@rediffmail.com,8659070673,Kavya Reddy,Meta Ads,61999,"09/04/2026, 12:13 PM",26100,Self Finance,Pending,
Apr-26,ADS,Gen AI Meta Ads,META,GENAI-B04,04/04/2026,Deepa Desai,deepa.desai381@hotmail.com,9995304302,Kavya Reddy,Referral,75999,"16/04/2026, 01:26 PM",31400,Auxilo,Pending,
Apr-26,YT,Gen AI Meta Ads,META,GENAI-B04,29/04/2026,Tanvi Shetty,tanvishetty867@outlook.com,8771052551,Kavya Reddy,YouTube,73999,"16/04/2026, 03:39 PM",33600,,Paid,
Apr-26,ADS Referral,DS Search Ads,GSN,DS-B09,15/04/2026,Sahil Shetty,sahil.shetty@outlook.com,9138446253,Vikram Das,Referral,83999,"08/04/2026, 10:58 AM",20800,Auxilo,Paid,
Apr-26,ADS,DA Search Ads,GSN,DA-B12,06/04/2026,Deepa Verma,deepa.verma@gmail.com,9794694753,Priya Sharma,Email,58999,"20/04/2026, 09:11 AM",21900,Propelld,Pending,
Apr-26,ADS,DA Search Ads,GADS,DA-B13,21/04/2026,Sakshi Singh,sakshi.singh@hotmail.com,7665789508,Kavya Reddy,Google Ads,57999,"13/04/2026, 10:13 AM",21000,Propelld,Partial,
Apr-26,YT,CS Search Ads,GADS,CS-B04,07/04/2026,Deepa Singh,deepasingh380@gmail.com,6440754335,Arjun Nair,YouTube,50999,"03/04/2026, 10:38 AM",19300,,Pending,
Apr-26,ADS,Gen AI Search Ads,SEM,GENAI-B03,05/04/2026,Lakshmi Pandey,lakshmi.pandey@hotmail.com,8459539199,Sneha Iyer,WhatsApp,62999,"11/04/2026, 10:08 AM",26600,Propelld,Paid,
Apr-26,ADS,AI/ML Search Ads,SEM,AIML-B03,23/04/2026,Mohit Pandey,mohit.pandey@outlook.com,6249151018,Priya Sharma,Meta Ads,87999,"27/04/2026, 05:59 PM",32800,Auxilo,Paid,
Apr-26,YT,CS Search Ads,GSN,CS-B04,02/04/2026,Chetan Shetty,chetan.shetty125@rediffmail.com,6293767002,Vikram Das,Organic,65999,"21/04/2026, 06:10 PM",16700,Eduvanz,Paid,
Apr-26,ADS,CS Search Ads,GSN,CS-B04,30/04/2026,Deepa Das,deepa.das519@rediffmail.com,8222039456,Deepak Verma,YouTube,50999,"28/04/2026, 09:20 PM",24900,HDFC Credila,Paid,
Apr-26,YT,DS Meta Ads,META,DS-B09,19/04/2026,Amit Kumar,amitkumar@yahoo.com,9903368057,Meera Pillai,Google Ads,76999,"16/04/2026, 04:50 PM",26400,Self Finance,Loan Disbursed,
Apr-26,YT,DA Meta Ads,INST,DA-B12,29/04/2026,Kavya Chopra,kavya.chopra859@rediffmail.com,7672793418,Ananya Joshi,Meta Ads,67999,"10/04/2026, 09:18 PM",14100,Self Finance,Paid,
Apr-26,ADS,DA Search Ads,GADS,DA-B14,22/04/2026,Ravi Desai,ravidesai140@yahoo.com,8949140082,Kavya Reddy,YouTube,59999,"18/04/2026, 08:28 PM",28600,Propelld,Paid,
Apr-26,YT Referral,DA Search Ads,GSN,DA-B14,12/04/2026,Varun Agarwal,varun_agarwal@yahoo.com,8693667026,Meera Pillai,Google Ads,63999,"10/04/2026, 04:15 PM",18700,Propelld,Paid,
Apr-26,ADS,DA Meta Ads,META,DA-B12,15/04/2026,Divya Agarwal,divya.agarwal@hotmail.com,9788350764,Kavya Reddy,Google Ads,65999,"12/04/2026, 05:22 PM",13600,Self Finance,Paid,
Apr-26,ADS,BA Search Ads,GADS,BA-B05,09/04/2026,Ananya Shetty,ananyashetty@gmail.com,7630732011,Sneha Iyer,Meta Ads,57999,"26/04/2026, 11:05 AM",21700,Eduvanz,Paid,
Apr-26,YT,DA Meta Ads,INST,DA-B12,26/04/2026,Arjun Pandey,arjun_pandey82@gmail.com,6061077073,Meera Pillai,Google Ads,63999,"03/04/2026, 08:25 PM",29200,Propelld,Pending,
Apr-26,ADS Referral,DA Search Ads,SEM,DA-B12,17/04/2026,Vishal Bose,vishalbose@outlook.com,6329990557,Vikram Das,Organic,64999,"30/04/2026, 06:26 PM",28200,Auxilo,Pending,
Apr-26,YT,Gen AI Meta Ads,META,GENAI-B04,15/04/2026,Harish Pandey,harishpandey909@rediffmail.com,9598159230,Meera Pillai,Referral,70999,"18/04/2026, 03:14 PM",14300,Propelld,Partial,
Apr-26,YT,DA Meta Ads,META,DA-B12,15/04/2026,Sonia Das,sonia_das@outlook.com,6361122868,Priya Sharma,YouTube,55999,"18/04/2026, 02:55 PM",12000,HDFC Credila,Paid,
Apr-26,ADS,BA Meta Ads,INST,BA-B06,19/04/2026,Esha Varma,esha_varma@rediffmail.com,8650188244,Sneha Iyer,Email,48999,"23/04/2026, 08:04 PM",11600,Propelld,Pending,
Apr-26,ADS,Gen AI Search Ads,SEM,GENAI-B03,07/04/2026,Sonia Ghosh,soniaghosh294@gmail.com,7105773491,Deepak Verma,YouTube,57999,"17/04/2026, 06:45 PM",13100,Eduvanz,Paid,
Apr-26,YT Referral,DA Meta Ads,INST,DA-B13,27/04/2026,Tanvi Verma,tanvi.verma303@yahoo.com,7736963218,Rahul Menon,Meta Ads,58999,"25/04/2026, 10:42 PM",20600,Auxilo,Loan Disbursed,11/04/2026
Apr-26,ADS,DS Meta Ads,META,DS-B10,19/04/2026,Bhavna Das,bhavnadas906@outlook.com,8697813825,Deepak Verma,Google Ads,71999,"08/04/2026, 10:42 PM",34200,Auxilo,Pending,
Apr-26,ADS,BA Meta Ads,INST,BA-B05,29/04/2026,Pallavi Fernandes,pallavi.fernandes443@outlook.com,9636640375,Ananya Joshi,Email,56999,"11/04/2026, 06:34 PM",23300,HDFC Credila,Paid,
Apr-26,ADS Referral,BA Meta Ads,META,BA-B05,10/04/2026,Jaya Joshi,jaya.joshi370@outlook.com,9699223048,Vikram Das,Google Ads,52999,"12/04/2026, 10:53 AM",21900,HDFC Credila,Paid,
Apr-26,ADS Referral,BA Meta Ads,META,BA-B05,06/04/2026,Anjali Menon,anjalimenon383@yahoo.com,7922439892,Deepak Verma,Google Ads,50999,"29/04/2026, 03:12 PM",11000,Propelld,Pending,
Apr-26,ADS Referral,Gen AI Search Ads,GADS,GENAI-B04,08/04/2026,Priya Jain,priya_jain848@outlook.com,8621641286,Arjun Nair,YouTube,72999,"24/04/2026, 06:29 PM",18400,,Partial,
Apr-26,YT Referral,DM Meta Ads,INST,DM-B08,02/04/2026,Karan Menon,karan.menon173@gmail.com,6223886709,Meera Pillai,Meta Ads,44999,"22/04/2026, 05:03 PM",19300,,Paid,
Apr-26,ADS Referral,DM Meta Ads,FB,DM-B07,29/04/2026,Jaya Menon,jaya.menon205@rediffmail.com,9904652863,Meera Pillai,Google Ads,43999,"17/04/2026, 07:28 PM",10000,Propelld,Paid,
Apr-26,ADS Referral,DA Search Ads,GADS,DA-B12,25/04/2026,Karan Ghosh,karan.ghosh@gmail.com,6503172662,Vikram Das,Referral,66999,"11/04/2026, 09:53 AM",25800,Eduvanz,Paid,
Apr-26,ADS,CS Search Ads,GADS,CS-B04,11/04/2026,Sahil Tiwari,sahiltiwari424@yahoo.com,6578840875,Priya Sharma,Meta Ads,67999,"09/04/2026, 01:48 PM",24700,Self Finance,Paid,
Apr-26,ADS Referral,DM Meta Ads,META,DM-B07,28/04/2026,Arjun Sharma,arjunsharma@outlook.com,8095835409,Ananya Joshi,Referral,37999,"24/04/2026, 03:29 PM",17800,,Partial,
Apr-26,YT,DM Meta Ads,INST,DM-B08,28/04/2026,Deepa Nair,deepanair152@yahoo.com,8254951400,Kavya Reddy,Google Ads,36999,"06/04/2026, 11:31 AM",17500,Self Finance,Partial,
Apr-26,ADS,DM Meta Ads,META,DM-B07,30/04/2026,Pradeep Chopra,pradeepchopra787@outlook.com,8554605376,Meera Pillai,Meta Ads,41999,"20/04/2026, 10:50 PM",19000,,Loan Disbursed,
Apr-26,ADS Referral,DA Meta Ads,INST,DA-B13,23/04/2026,Sneha Agarwal,sneha_agarwal@hotmail.com,7470177481,Priya Sharma,YouTube,67999,"22/04/2026, 02:06 PM",27800,HDFC Credila,Pending,
Apr-26,ADS Referral,DA Search Ads,GSN,DA-B14,24/04/2026,Deepak Gupta,deepak.gupta@hotmail.com,6403756012,Suresh Bhat,Meta Ads,65999,"30/04/2026, 04:04 PM",23000,Eduvanz,Paid,
Apr-26,YT,DM Meta Ads,INST,DM-B07,01/04/2026,Akash Desai,akash_desai743@rediffmail.com,9176979521,Meera Pillai,Email,42999,"01/04/2026, 02:38 PM",17500,Propelld,Paid,
Apr-26,ADS,DA Search Ads,GADS,DA-B13,27/04/2026,Divya Naidu,divya.naidu999@outlook.com,6366734693,Rahul Menon,YouTube,57999,"29/04/2026, 10:27 PM",19700,Self Finance,Partial,
Apr-26,ADS Referral,DS Search Ads,GADS,DS-B09,07/04/2026,Chetan Kumar,chetan_kumar897@gmail.com,8840875636,Ananya Joshi,Organic,73999,"25/04/2026, 07:08 PM",36400,Self Finance,Paid,
Apr-26,YT,Gen AI Search Ads,GADS,GENAI-B04,22/04/2026,Ishaan Joshi,ishaan.joshi@gmail.com,6073152305,Sneha Iyer,Referral,74999,"03/04/2026, 07:56 PM",19500,,Loan Disbursed,
Apr-26,ADS,DA Search Ads,SEM,DA-B13,21/04/2026,Amit Ghosh,amit.ghosh@hotmail.com,7474734046,Arjun Nair,Referral,60999,"17/04/2026, 07:22 PM",25700,Self Finance,Paid,
Apr-26,ADS,BA Search Ads,GSN,BA-B05,15/04/2026,Chetan Mehta,chetanmehta@yahoo.com,8950619152,Suresh Bhat,Google Ads,52999,"28/04/2026, 04:00 PM",24400,NBFC Direct,Paid,
Apr-26,ADS,DA Search Ads,SEM,DA-B14,03/04/2026,Gaurav Chopra,gaurav.chopra@yahoo.com,8871652061,Arjun Nair,Organic,51999,"22/04/2026, 09:15 AM",22200,,Paid,
Apr-26,ADS,DM Meta Ads,META,DM-B08,22/04/2026,Ananya Jain,ananyajain387@hotmail.com,8073362901,Deepak Verma,Referral,38999,"02/04/2026, 07:20 PM",9500,HDFC Credila,Paid,
Apr-26,YT,DS Search Ads,SEM,DS-B10,17/04/2026,Deepa Verma,deepa_verma174@gmail.com,8295532513,Rahul Menon,Meta Ads,71999,"14/04/2026, 01:23 PM",17500,Auxilo,Loan Disbursed,15/04/2026
Apr-26,YT Referral,Gen AI Search Ads,GSN,GENAI-B04,10/04/2026,Jaya Iyer,jaya.iyer316@outlook.com,8140188010,Suresh Bhat,Google Ads,78999,"05/04/2026, 12:11 PM",21900,Propelld,Loan Disbursed,11/04/2026
Apr-26,ADS,BA Search Ads,GADS,BA-B06,28/04/2026,Sahil Bose,sahil.bose535@gmail.com,8730434911,Meera Pillai,Google Ads,52999,"02/04/2026, 01:50 PM",18500,Self Finance,Pending,
Apr-26,ADS,DA Meta Ads,INST,DA-B14,14/04/2026,Karan Iyer,karaniyer@rediffmail.com,6438104700,Priya Sharma,Meta Ads,55999,"25/04/2026, 04:39 PM",17500,Auxilo,Partial,
Apr-26,YT Referral,DA Search Ads,GSN,DA-B13,08/04/2026,Meera Jain,meera_jain554@gmail.com,9612290892,Rahul Menon,YouTube,62999,"19/04/2026, 04:39 PM",31000,Eduvanz,Partial,
Apr-26,ADS,BA Meta Ads,META,BA-B05,30/04/2026,Manish Menon,manishmenon@hotmail.com,8097986327,Deepak Verma,Organic,45999,"23/04/2026, 08:29 PM",11100,Propelld,Paid,
Apr-26,ADS Referral,DA Meta Ads,INST,DA-B14,01/04/2026,Nikhil Gupta,nikhil_gupta412@yahoo.com,7872299065,Deepak Verma,Organic,59999,"27/04/2026, 11:25 AM",16100,Propelld,Paid,
Apr-26,ADS,DS Search Ads,SEM,DS-B09,30/04/2026,Lakshmi Iyer,lakshmiiyer372@outlook.com,7244188127,Deepak Verma,Referral,84999,"04/04/2026, 02:08 PM",22400,,Paid,
Apr-26,ADS,Gen AI Search Ads,GADS,GENAI-B03,29/04/2026,Harish Gupta,harish.gupta@hotmail.com,8393055038,Priya Sharma,Meta Ads,58999,"30/04/2026, 09:26 PM",12000,Self Finance,Paid,
Apr-26,ADS,DA Search Ads,GSN,DA-B14,25/04/2026,Chetan Kapoor,chetan.kapoor976@gmail.com,9015919018,Kavya Reddy,Meta Ads,52999,"23/04/2026, 09:02 AM",23500,HDFC Credila,Partial,
Apr-26,YT,DA Search Ads,GADS,DA-B13,12/04/2026,Isha Iyer,isha_iyer746@hotmail.com,9396286304,Meera Pillai,Meta Ads,67999,"01/04/2026, 09:05 AM",24700,HDFC Credila,Partial,
Apr-26,ADS,DS Meta Ads,FB,DS-B10,11/04/2026,Dhruv Das,dhruv_das@yahoo.com,9002182983,Deepak Verma,Google Ads,83999,"12/04/2026, 02:41 PM",33200,,Paid,
Apr-26,ADS Referral,Gen AI Meta Ads,META,GENAI-B03,05/04/2026,Mohit Sharma,mohitsharma@yahoo.com,7309898565,Meera Pillai,YouTube,68999,"17/04/2026, 09:37 AM",28700,Propelld,Refunded,
Apr-26,ADS,CS Search Ads,GSN,CS-B05,07/04/2026,Aarav Shetty,aaravshetty@rediffmail.com,9598605621,Vikram Das,Meta Ads,50999,"22/04/2026, 01:50 PM",13700,Self Finance,Paid,
Apr-26,YT,Gen AI Meta Ads,META,GENAI-B04,01/04/2026,Uday Murthy,uday.murthy568@gmail.com,7193228479,Rahul Menon,YouTube,78999,"12/04/2026, 08:47 PM",17000,Eduvanz,Pending,
Apr-26,ADS Referral,DA Meta Ads,META,DA-B13,13/04/2026,Lakshmi Reddy,lakshmi_reddy@yahoo.com,7936319741,Priya Sharma,Referral,57999,"16/04/2026, 06:43 PM",18800,,Paid,
Apr-26,ADS,DS Search Ads,SEM,DS-B09,10/04/2026,Nikhil Das,nikhil_das497@outlook.com,9463559497,Kavya Reddy,Meta Ads,82999,"23/04/2026, 10:37 AM",31300,Propelld,Paid,
Apr-26,ADS Referral,DS Meta Ads,META,DS-B10,04/04/2026,Gaurav Patel,gaurav_patel@yahoo.com,7673272172,Arjun Nair,WhatsApp,67999,"08/04/2026, 04:29 PM",30400,Self Finance,Paid,
Apr-26,YT Referral,BA Meta Ads,META,BA-B06,24/04/2026,Meera Murthy,meera_murthy@gmail.com,9716924801,Deepak Verma,Referral,54999,"27/04/2026, 05:21 PM",14900,Self Finance,Paid,
Apr-26,ADS,DM Meta Ads,FB,DM-B08,03/04/2026,Shruti Gupta,shruti.gupta650@rediffmail.com,7486702008,Kavya Reddy,Google Ads,35999,"06/04/2026, 10:30 AM",13600,Propelld,Paid,
Apr-26,ADS,BA Search Ads,GSN,BA-B06,01/04/2026,Sakshi Rajan,sakshi_rajan@outlook.com,7954703248,Vikram Das,Meta Ads,56999,"19/04/2026, 05:45 PM",16800,,Paid,
Apr-26,YT Referral,CS Search Ads,GADS,CS-B04,19/04/2026,Ishaan Fernandes,ishaanfernandes@yahoo.com,6311261037,Kavya Reddy,YouTube,65999,"25/04/2026, 03:27 PM",17100,Self Finance,Paid,
Apr-26,YT,DA Meta Ads,FB,DA-B12,10/04/2026,Ananya Menon,ananya_menon@rediffmail.com,6393197055,Meera Pillai,Meta Ads,63999,"05/04/2026, 07:17 PM",17000,Auxilo,Paid,
Apr-26,ADS,DM Meta Ads,META,DM-B07,15/04/2026,Dhruv Kumar,dhruv_kumar795@rediffmail.com,8421366476,Rahul Menon,Meta Ads,36999,"30/04/2026, 04:49 PM",17400,Self Finance,Pending,
Apr-26,YT,CS Search Ads,GADS,CS-B05,14/04/2026,Ananya Menon,ananya_menon17@yahoo.com,8376319548,Ananya Joshi,Meta Ads,62999,"23/04/2026, 07:20 PM",25200,HDFC Credila,Partial,
Apr-26,ADS Referral,DA Search Ads,GSN,DA-B14,17/04/2026,Meera Singh,meera_singh@hotmail.com,6202044036,Suresh Bhat,Meta Ads,55999,"21/04/2026, 09:31 PM",19800,,Paid,
Apr-26,ADS,Gen AI Search Ads,SEM,GENAI-B03,21/04/2026,Kiran Varma,kiranvarma@gmail.com,9946623179,Vikram Das,Email,75999,"22/04/2026, 08:40 PM",32100,HDFC Credila,Paid,
Apr-26,YT Referral,Gen AI Search Ads,GADS,GENAI-B04,10/04/2026,Meera Murthy,meera_murthy667@rediffmail.com,6485280456,Arjun Nair,YouTube,74999,"06/04/2026, 03:31 PM",20900,Self Finance,Refunded,
Apr-26,ADS Referral,DA Search Ads,SEM,DA-B14,30/04/2026,Dhruv Varma,dhruvvarma217@hotmail.com,9241520968,Meera Pillai,Organic,60999,"01/04/2026, 09:22 PM",13300,Propelld,Paid,
Apr-26,YT,BA Search Ads,GADS,BA-B06,19/04/2026,Bhavna Naidu,bhavna.naidu@gmail.com,6017881574,Kavya Reddy,Meta Ads,59999,"29/04/2026, 09:43 AM",16800,Self Finance,Paid,
Apr-26,ADS,BA Search Ads,GSN,BA-B06,04/04/2026,Deepa Yadav,deepayadav41@yahoo.com,7494086977,Deepak Verma,Meta Ads,56999,"26/04/2026, 01:55 PM",11500,,Partial,
Apr-26,YT Referral,DS Search Ads,GSN,DS-B08,20/04/2026,Aryan Kapoor,aryan_kapoor528@rediffmail.com,8346234511,Priya Sharma,Organic,70999,"09/04/2026, 02:01 PM",15300,,Paid,
Apr-26,YT,Gen AI Meta Ads,META,GENAI-B04,21/04/2026,Lakshmi Bose,lakshmibose@hotmail.com,6586588133,Deepak Verma,Meta Ads,71999,"24/04/2026, 02:27 PM",28600,HDFC Credila,Pending,
Apr-26,ADS,Gen AI Meta Ads,META,GENAI-B04,20/04/2026,Anjali Fernandes,anjalifernandes@rediffmail.com,6878258910,Kavya Reddy,Organic,62999,"08/04/2026, 11:45 AM",30300,Self Finance,Paid,
Apr-26,ADS Referral,DS Search Ads,SEM,DS-B08,06/04/2026,Aryan Shah,aryan.shah595@rediffmail.com,7016306952,Ananya Joshi,YouTube,75999,"08/04/2026, 05:55 PM",34600,HDFC Credila,Pending,
Apr-26,ADS Referral,Gen AI Search Ads,SEM,GENAI-B03,09/04/2026,Akash Hegde,akashhegde@outlook.com,9240676704,Rahul Menon,Referral,79999,"29/04/2026, 07:20 PM",35300,HDFC Credila,Loan Disbursed,12/04/2026
Apr-26,YT,Gen AI Search Ads,SEM,GENAI-B03,15/04/2026,Kiran Tiwari,kirantiwari@yahoo.com,6305981748,Sneha Iyer,Organic,67999,"25/04/2026, 01:34 PM",25900,Self Finance,Paid,
Apr-26,ADS,DA Meta Ads,FB,DA-B12,16/04/2026,Suresh Iyer,sureshiyer88@gmail.com,6717799995,Vikram Das,YouTube,61999,"18/04/2026, 10:42 PM",21600,,Paid,
Apr-26,YT,BA Meta Ads,META,BA-B06,16/04/2026,Aryan Varma,aryan_varma@yahoo.com,7354922440,Priya Sharma,Meta Ads,56999,"03/04/2026, 09:18 PM",27100,Self Finance,Paid,
Apr-26,YT Referral,DA Meta Ads,INST,DA-B13,01/04/2026,Rohan Singh,rohan.singh309@gmail.com,6351183958,Arjun Nair,Organic,69999,"14/04/2026, 04:26 PM",23000,Self Finance,Paid,
Apr-26,ADS,Gen AI Search Ads,SEM,GENAI-B03,09/04/2026,Aryan Singh,aryan_singh960@outlook.com,8992100312,Rahul Menon,YouTube,76999,"12/04/2026, 10:10 AM",33200,Self Finance,Paid,
Apr-26,ADS,DA Meta Ads,META,DA-B13,13/04/2026,Chetan Joshi,chetan_joshi821@hotmail.com,8696764351,Deepak Verma,YouTube,53999,"22/04/2026, 09:03 AM",21200,,Pending,
Apr-26,ADS,DA Meta Ads,FB,DA-B14,30/04/2026,Yash Rajan,yash.rajan@yahoo.com,9098189690,Arjun Nair,YouTube,66999,"13/04/2026, 07:10 PM",16500,Self Finance,Loan Disbursed,
Apr-26,YT Referral,DA Meta Ads,META,DA-B14,01/04/2026,Rohit Pandey,rohitpandey@gmail.com,8000884346,Kavya Reddy,Referral,57999,"01/04/2026, 09:17 AM",21700,Self Finance,Pending,
Apr-26,YT,DA Meta Ads,META,DA-B12,27/04/2026,Ishaan Menon,ishaan.menon571@yahoo.com,7712403569,Priya Sharma,Google Ads,69999,"12/04/2026, 09:02 AM",17300,Self Finance,Partial,
Apr-26,YT Referral,DS Search Ads,GSN,DS-B08,15/04/2026,Divya Menon,divya.menon@hotmail.com,8221618966,Arjun Nair,Google Ads,82999,"07/04/2026, 02:58 PM",25500,Propelld,Paid,
Apr-26,ADS,AI/ML Search Ads,SEM,AIML-B02,03/04/2026,Manish Shah,manish_shah@gmail.com,8059587978,Rahul Menon,Referral,67999,"21/04/2026, 06:19 PM",28400,Self Finance,Loan Disbursed,
Apr-26,YT,DS Search Ads,GSN,DS-B08,30/04/2026,Vijay Tiwari,vijay_tiwari@yahoo.com,9332462799,Vikram Das,Meta Ads,63999,"13/04/2026, 10:57 AM",19600,Eduvanz,Partial,
Apr-26,ADS,AI/ML Search Ads,GSN,AIML-B03,19/04/2026,Pooja Mehta,pooja_mehta@rediffmail.com,8250906472,Vikram Das,Meta Ads,79999,"12/04/2026, 10:51 AM",29900,HDFC Credila,Partial,
Apr-26,ADS Referral,DA Meta Ads,META,DA-B14,16/04/2026,Arjun Sharma,arjunsharma472@yahoo.com,8382666180,Vikram Das,Meta Ads,50999,"21/04/2026, 11:30 AM",15800,Propelld,Pending,
Apr-26,YT,DA Search Ads,SEM,DA-B12,27/04/2026,Manish Reddy,manishreddy@yahoo.com,9384635221,Meera Pillai,Meta Ads,60999,"12/04/2026, 03:31 PM",28500,Self Finance,Paid,
Apr-26,ADS,AI/ML Search Ads,SEM,AIML-B03,17/04/2026,Divya Kapoor,divya_kapoor@gmail.com,6236689167,Ananya Joshi,YouTube,81999,"29/04/2026, 11:14 AM",34100,Self Finance,Partial,
Apr-26,ADS Referral,DA Search Ads,GADS,DA-B13,21/04/2026,Sandeep Shah,sandeep_shah378@yahoo.com,7235303346,Sneha Iyer,YouTube,67999,"05/04/2026, 10:55 PM",14600,Self Finance,Loan Disbursed,
Apr-26,YT,DA Search Ads,GSN,DA-B13,02/04/2026,Yash Sharma,yash.sharma729@outlook.com,8714081359,Kavya Reddy,Meta Ads,68999,"07/04/2026, 07:36 PM",23900,Self Finance,Paid,
Apr-26,ADS,DA Search Ads,GADS,DA-B13,12/04/2026,Sakshi Murthy,sakshi.murthy525@hotmail.com,7811280238,Priya Sharma,Google Ads,63999,"18/04/2026, 03:32 PM",24600,,Pending,
Apr-26,YT Referral,DA Meta Ads,META,DA-B13,21/04/2026,Isha Pillai,isha_pillai497@gmail.com,7087861884,Sneha Iyer,Google Ads,66999,"19/04/2026, 01:26 PM",22000,Auxilo,Pending,
Apr-26,ADS,Gen AI Search Ads,GADS,GENAI-B04,13/04/2026,Ravi Fernandes,ravi_fernandes553@yahoo.com,9450343315,Suresh Bhat,Organic,70999,"18/04/2026, 06:28 PM",31300,HDFC Credila,Paid,
Apr-26,ADS,DM Meta Ads,INST,DM-B08,24/04/2026,Divya Tiwari,divyatiwari408@rediffmail.com,8705243291,Vikram Das,Meta Ads,46999,"03/04/2026, 02:04 PM",11100,Auxilo,Partial,
Apr-26,ADS Referral,BA Meta Ads,INST,BA-B05,28/04/2026,Akash Naidu,akash_naidu620@outlook.com,6114452894,Priya Sharma,Meta Ads,56999,"23/04/2026, 09:54 PM",24800,Self Finance,Paid,
Apr-26,ADS,DS Meta Ads,META,DS-B08,20/04/2026,Akash Naidu,akash_naidu979@hotmail.com,7006898723,Ananya Joshi,Organic,65999,"13/04/2026, 09:45 AM",13700,Self Finance,Paid,
Apr-26,YT,Gen AI Search Ads,GSN,GENAI-B04,24/04/2026,Rahul Menon,rahul.menon847@yahoo.com,6802176217,Rahul Menon,Email,66999,"28/04/2026, 06:28 PM",19400,Propelld,Paid,
Apr-26,ADS,DA Meta Ads,INST,DA-B12,12/04/2026,Vijay Varma,vijay.varma@yahoo.com,9966833534,Ananya Joshi,Meta Ads,65999,"12/04/2026, 10:58 AM",28200,Self Finance,Loan Disbursed,
Apr-26,YT Referral,DS Meta Ads,META,DS-B09,13/04/2026,Sakshi Naidu,sakshinaidu@gmail.com,7364993413,Deepak Verma,YouTube,78999,"14/04/2026, 02:19 PM",17200,,Paid,
Apr-26,YT,DS Search Ads,GSN,DS-B08,25/04/2026,Akash Sharma,akash_sharma88@rediffmail.com,7607893333,Sneha Iyer,YouTube,70999,"24/04/2026, 07:50 PM",18600,Propelld,Paid,
Apr-26,ADS,CS Search Ads,GADS,CS-B04,09/04/2026,Anjali Tiwari,anjali_tiwari@outlook.com,7764370704,Arjun Nair,Meta Ads,63999,"10/04/2026, 12:14 PM",24900,,Loan Disbursed,
Apr-26,ADS,CS Search Ads,GADS,CS-B05,25/04/2026,Nikhil Rao,nikhil_rao@yahoo.com,9946704915,Kavya Reddy,Meta Ads,68999,"30/04/2026, 04:48 PM",18900,Propelld,Paid,
Apr-26,YT,CS Search Ads,GSN,CS-B04,05/04/2026,Deepa Gupta,deepagupta704@rediffmail.com,9683125950,Sneha Iyer,Google Ads,55999,"02/04/2026, 07:08 PM",14500,HDFC Credila,Pending,
Apr-26,YT Referral,DA Meta Ads,FB,DA-B12,26/04/2026,Jaya Murthy,jayamurthy30@gmail.com,8874846176,Arjun Nair,YouTube,52999,"17/04/2026, 01:18 PM",16800,Self Finance,Paid,
Apr-26,YT Referral,CS Search Ads,GADS,CS-B05,10/04/2026,Nandini Das,nandinidas@yahoo.com,6231283612,Meera Pillai,Email,61999,"12/04/2026, 01:37 PM",13700,Propelld,Paid,
Apr-26,YT Referral,CS Search Ads,GADS,CS-B04,28/04/2026,Aryan Gupta,aryan_gupta154@rediffmail.com,9823780505,Suresh Bhat,Google Ads,51999,"20/04/2026, 08:26 PM",25400,,Paid,
Apr-26,YT,BA Search Ads,GADS,BA-B06,10/04/2026,Aarav Pillai,aaravpillai@gmail.com,9507363210,Ananya Joshi,Email,48999,"02/04/2026, 04:27 PM",23700,NBFC Direct,Partial,
Apr-26,ADS,Gen AI Meta Ads,META,GENAI-B04,23/04/2026,Kavya Agarwal,kavya_agarwal836@outlook.com,7507549652,Priya Sharma,Google Ads,79999,"21/04/2026, 03:11 PM",33000,Self Finance,Paid,
Apr-26,ADS Referral,Gen AI Search Ads,SEM,GENAI-B03,21/04/2026,Vinay Shah,vinay_shah108@hotmail.com,7930405898,Kavya Reddy,Organic,79999,"03/04/2026, 10:29 AM",23400,Self Finance,Paid,
Apr-26,ADS Referral,AI/ML Search Ads,GSN,AIML-B03,30/04/2026,Aarav Pandey,aarav_pandey13@rediffmail.com,6740007750,Rahul Menon,Meta Ads,70999,"07/04/2026, 05:02 PM",33800,Self Finance,Pending,
Apr-26,ADS,BA Search Ads,GADS,BA-B06,05/04/2026,Arjun Naidu,arjun.naidu845@yahoo.com,7965157051,Priya Sharma,Google Ads,59999,"25/04/2026, 01:48 PM",18300,Eduvanz,Paid,
Apr-26,YT,DS Search Ads,SEM,DS-B09,09/04/2026,Meera Patel,meerapatel437@gmail.com,8882459609,Ananya Joshi,YouTube,80999,"20/04/2026, 03:15 PM",21600,,Pending,
Apr-26,ADS,DS Search Ads,GADS,DS-B08,14/04/2026,Divya Mehta,divyamehta938@rediffmail.com,7157076846,Priya Sharma,Meta Ads,60999,"26/04/2026, 07:57 PM",28300,Auxilo,Pending,
Apr-26,ADS Referral,DA Search Ads,SEM,DA-B14,27/04/2026,Suresh Yadav,sureshyadav793@gmail.com,8095493753,Deepak Verma,Referral,58999,"14/04/2026, 04:31 PM",17800,Self Finance,Pending,
Apr-26,ADS,BA Search Ads,GADS,BA-B06,11/04/2026,Sahil Rajan,sahilrajan994@rediffmail.com,6989607233,Suresh Bhat,Referral,50999,"03/04/2026, 07:48 PM",22200,Auxilo,Paid,
Apr-26,YT Referral,DA Search Ads,GSN,DA-B14,07/04/2026,Vishal Fernandes,vishalfernandes@hotmail.com,6177482754,Ananya Joshi,YouTube,61999,"09/04/2026, 06:43 PM",14200,Self Finance,Partial,
Apr-26,ADS,BA Search Ads,GADS,BA-B06,21/04/2026,Isha Nair,isha_nair@outlook.com,9160498099,Kavya Reddy,YouTube,55999,"03/04/2026, 12:16 PM",12200,Self Finance,Pending,
Apr-26,ADS,DA Search Ads,SEM,DA-B13,23/04/2026,Dhruv Nair,dhruvnair246@gmail.com,9546057570,Suresh Bhat,Google Ads,52999,"27/04/2026, 07:06 PM",11100,Self Finance,Paid,
Apr-26,ADS Referral,DS Meta Ads,META,DS-B09,16/04/2026,Aditya Jain,adityajain@hotmail.com,6283896890,Vikram Das,Google Ads,79999,"16/04/2026, 02:20 PM",25900,,Pending,
Apr-26,ADS Referral,DA Meta Ads,INST,DA-B12,10/04/2026,Lakshmi Pillai,lakshmi.pillai383@outlook.com,6795058407,Arjun Nair,Google Ads,67999,"05/04/2026, 06:35 PM",19500,,Loan Disbursed,
Apr-26,YT,DS Meta Ads,META,DS-B09,16/04/2026,Arjun Gupta,arjun_gupta247@yahoo.com,9640107967,Priya Sharma,Organic,82999,"22/04/2026, 08:13 PM",17400,Self Finance,Loan Disbursed,
Apr-26,YT Referral,DA Search Ads,GSN,DA-B14,29/04/2026,Vinay Reddy,vinayreddy@outlook.com,6408270249,Deepak Verma,YouTube,50999,"24/04/2026, 09:57 PM",25100,,Loan Disbursed,
Apr-26,ADS,Gen AI Search Ads,GSN,GENAI-B03,30/04/2026,Bhavna Murthy,bhavna.murthy@yahoo.com,7825342380,Arjun Nair,Google Ads,56999,"02/04/2026, 11:57 AM",20900,Propelld,Paid,
Apr-26,ADS,Gen AI Search Ads,GADS,GENAI-B04,12/04/2026,Vinay Pillai,vinaypillai897@gmail.com,7866557260,Kavya Reddy,Meta Ads,57999,"30/04/2026, 09:52 PM",11700,HDFC Credila,Paid,
Apr-26,ADS,Gen AI Meta Ads,META,GENAI-B03,13/04/2026,Ishaan Nair,ishaannair912@rediffmail.com,7964636249,Suresh Bhat,YouTube,55999,"05/04/2026, 09:59 AM",22600,Self Finance,Paid,
Apr-26,YT Referral,DA Search Ads,GADS,DA-B12,06/04/2026,Varun Pandey,varun_pandey@gmail.com,8308664806,Arjun Nair,Google Ads,59999,"09/04/2026, 10:27 PM",14900,Auxilo,Paid,
Apr-26,ADS,DS Search Ads,SEM,DS-B08,17/04/2026,Tanvi Nair,tanvinair266@yahoo.com,6091633719,Sneha Iyer,Meta Ads,74999,"29/04/2026, 10:55 AM",18000,Eduvanz,Paid,
Apr-26,YT,DS Search Ads,GSN,DS-B08,03/04/2026,Jaya Chopra,jaya_chopra789@rediffmail.com,6649887844,Sneha Iyer,Meta Ads,65999,"23/04/2026, 04:11 PM",14500,Self Finance,Paid,
Apr-26,YT,DM Meta Ads,FB,DM-B08,01/04/2026,Deepak Varma,deepak_varma@outlook.com,8780573758,Priya Sharma,Google Ads,47999,"12/04/2026, 09:00 PM",20000,Self Finance,Paid,
Apr-26,YT Referral,Gen AI Meta Ads,FB,GENAI-B04,02/04/2026,Deepak Shetty,deepak.shetty774@rediffmail.com,7255709357,Deepak Verma,YouTube,69999,"05/04/2026, 08:21 PM",33500,Eduvanz,Pending,
Apr-26,ADS,DS Search Ads,SEM,DS-B08,30/04/2026,Geeta Joshi,geetajoshi273@yahoo.com,8696982169,Kavya Reddy,Meta Ads,81999,"25/04/2026, 05:36 PM",33400,Self Finance,Pending,
Apr-26,ADS Referral,DA Search Ads,SEM,DA-B12,13/04/2026,Shruti Varma,shruti_varma@hotmail.com,7123501267,Suresh Bhat,YouTube,56999,"29/04/2026, 06:32 PM",26000,Propelld,Pending,
Apr-26,YT,DA Search Ads,SEM,DA-B14,12/04/2026,Sahil Sharma,sahil.sharma239@hotmail.com,6237298583,Kavya Reddy,Meta Ads,63999,"25/04/2026, 02:30 PM",18200,Propelld,Pending,
Apr-26,ADS,DA Meta Ads,META,DA-B12,12/04/2026,Suresh Joshi,sureshjoshi@outlook.com,9943352370,Ananya Joshi,Meta Ads,66999,"15/04/2026, 06:04 PM",33500,Auxilo,Paid,
Apr-26,ADS,CS Search Ads,GADS,CS-B05,30/04/2026,Shruti Verma,shrutiverma@outlook.com,9997902078,Arjun Nair,YouTube,65999,"18/04/2026, 10:52 PM",14100,Self Finance,Paid,
Apr-26,ADS,DA Search Ads,GADS,DA-B14,26/04/2026,Vishal Shetty,vishal.shetty515@outlook.com,6256574209,Meera Pillai,Referral,69999,"09/04/2026, 09:37 PM",26200,Propelld,Pending,
Apr-26,YT Referral,DS Search Ads,GADS,DS-B10,11/04/2026,Geeta Ghosh,geeta_ghosh@outlook.com,7369786689,Meera Pillai,Meta Ads,66999,"25/04/2026, 09:23 PM",19500,Self Finance,Paid,
Apr-26,ADS,BA Meta Ads,INST,BA-B05,30/04/2026,Arjun Murthy,arjunmurthy@rediffmail.com,9703866022,Arjun Nair,Referral,55999,"21/04/2026, 06:24 PM",26500,Eduvanz,Pending,
Apr-26,ADS Referral,DA Search Ads,SEM,DA-B14,15/04/2026,Sakshi Nair,sakshi.nair208@yahoo.com,6571325693,Suresh Bhat,Google Ads,55999,"11/04/2026, 12:40 PM",24600,Self Finance,Paid,
Apr-26,YT,DS Meta Ads,FB,DS-B09,09/04/2026,Geeta Pillai,geeta_pillai@rediffmail.com,9371731414,Vikram Das,Meta Ads,67999,"04/04/2026, 01:10 PM",34000,Eduvanz,Partial,
Apr-26,YT,DS Meta Ads,META,DS-B10,19/04/2026,Aditya Kumar,aditya.kumar@outlook.com,8334227542,Kavya Reddy,Meta Ads,82999,"07/04/2026, 08:06 PM",25900,HDFC Credila,Paid,
Apr-26,YT,AI/ML Search Ads,GSN,AIML-B03,02/04/2026,Aarav Mehta,aarav.mehta972@rediffmail.com,9538062781,Sneha Iyer,Meta Ads,70999,"28/04/2026, 09:39 AM",28700,NBFC Direct,Paid,
Apr-26,YT,DS Search Ads,SEM,DS-B10,14/04/2026,Aditya Rao,adityarao432@rediffmail.com,8642038768,Rahul Menon,Meta Ads,67999,"21/04/2026, 10:00 PM",27000,Auxilo,Loan Disbursed,28/04/2026
Apr-26,YT,DM Meta Ads,FB,DM-B07,16/04/2026,Mohit Singh,mohitsingh@yahoo.com,8428498183,Sneha Iyer,Google Ads,37999,"13/04/2026, 05:33 PM",9100,Propelld,Loan Disbursed,17/04/2026
Apr-26,YT,BA Meta Ads,META,BA-B05,15/04/2026,Arjun Tiwari,arjuntiwari@yahoo.com,9266559807,Rahul Menon,Meta Ads,45999,"05/04/2026, 08:14 PM",21500,Self Finance,Pending,
Apr-26,YT,DM Meta Ads,FB,DM-B07,15/04/2026,Akash Rajan,akashrajan121@yahoo.com,7364195583,Deepak Verma,Google Ads,38999,"02/04/2026, 04:43 PM",17000,Eduvanz,Paid,
Apr-26,ADS,Gen AI Search Ads,GADS,GENAI-B04,19/04/2026,Mohit Sharma,mohitsharma709@rediffmail.com,7271230276,Vikram Das,WhatsApp,60999,"19/04/2026, 05:17 PM",13700,Eduvanz,Paid,
Apr-26,YT,BA Search Ads,GADS,BA-B05,29/04/2026,Sneha Nair,snehanair633@outlook.com,8349395775,Arjun Nair,Email,48999,"21/04/2026, 03:49 PM",17800,Eduvanz,Paid,
Apr-26,ADS Referral,DM Meta Ads,INST,DM-B07,14/04/2026,Varun Shah,varun.shah@gmail.com,7803953832,Kavya Reddy,WhatsApp,44999,"26/04/2026, 08:03 PM",19700,,Loan Disbursed,
Apr-26,ADS,BA Search Ads,GADS,BA-B06,14/04/2026,Tanvi Naidu,tanvinaidu176@rediffmail.com,6626397331,Sneha Iyer,Organic,54999,"02/04/2026, 09:00 PM",20100,Eduvanz,Refunded,
Apr-26,ADS,DS Meta Ads,FB,DS-B08,05/04/2026,Mohit Pillai,mohit_pillai226@outlook.com,9142740480,Vikram Das,Organic,60999,"30/04/2026, 12:14 PM",17300,HDFC Credila,Paid,
Apr-26,ADS Referral,DA Meta Ads,META,DA-B14,01/04/2026,Kritika Varma,kritikavarma464@yahoo.com,9953377008,Suresh Bhat,Google Ads,66999,"30/04/2026, 11:13 AM",22000,Self Finance,Loan Disbursed,
Apr-26,YT,DA Meta Ads,META,DA-B12,09/04/2026,Rohan Tiwari,rohan_tiwari@outlook.com,6866711443,Arjun Nair,Meta Ads,64999,"03/04/2026, 06:29 PM",25100,Propelld,Pending,
Apr-26,ADS,DS Meta Ads,META,DS-B08,21/04/2026,Deepak Gupta,deepakgupta990@rediffmail.com,9642071735,Priya Sharma,YouTube,70999,"04/04/2026, 07:47 PM",25500,Self Finance,Paid,
Apr-26,YT Referral,DA Meta Ads,INST,DA-B12,25/04/2026,Esha Kumar,esha_kumar195@gmail.com,7382348814,Arjun Nair,Google Ads,55999,"14/04/2026, 05:31 PM",27900,Auxilo,Loan Disbursed,16/04/2026
Apr-26,YT,DA Meta Ads,META,DA-B12,25/04/2026,Chetan Rao,chetan_rao749@gmail.com,9206344249,Kavya Reddy,Referral,50999,"27/04/2026, 06:15 PM",17500,Propelld,Paid,
Apr-26,YT Referral,DA Search Ads,GSN,DA-B12,22/04/2026,Rohit Reddy,rohit.reddy380@outlook.com,8106480782,Priya Sharma,Referral,59999,"27/04/2026, 08:34 PM",26700,Self Finance,Pending,
Apr-26,ADS,Gen AI Meta Ads,META,GENAI-B04,09/04/2026,Esha Singh,esha.singh@yahoo.com,9389202921,Kavya Reddy,Google Ads,66999,"23/04/2026, 01:05 PM",23200,Propelld,Loan Disbursed,14/04/2026
Apr-26,ADS,DM Meta Ads,INST,DM-B08,25/04/2026,Aditya Tiwari,aditya_tiwari600@rediffmail.com,8505273203,Suresh Bhat,YouTube,43999,"01/04/2026, 10:01 PM",18200,,Pending,
Apr-26,ADS,DA Search Ads,GSN,DA-B14,11/04/2026,Isha Pillai,ishapillai374@rediffmail.com,6962668399,Sneha Iyer,YouTube,56999,"28/04/2026, 10:41 PM",27100,Propelld,Paid,
Apr-26,ADS,DS Search Ads,GADS,DS-B08,08/04/2026,Gaurav Naidu,gaurav_naidu702@hotmail.com,6351685856,Ananya Joshi,Google Ads,79999,"12/04/2026, 03:09 PM",33500,NBFC Direct,Pending,
Apr-26,YT,AI/ML Search Ads,GSN,AIML-B02,15/04/2026,Harish Naidu,harish_naidu@outlook.com,8855075374,Kavya Reddy,Referral,87999,"13/04/2026, 05:36 PM",25700,,Paid,
Apr-26,YT Referral,Gen AI Search Ads,SEM,GENAI-B03,12/04/2026,Karan Rao,karan_rao469@outlook.com,7843720392,Deepak Verma,Google Ads,75999,"02/04/2026, 06:09 PM",34800,,Paid,
Apr-26,ADS,DM Meta Ads,INST,DM-B08,19/04/2026,Manish Joshi,manish.joshi@outlook.com,9762597146,Arjun Nair,Email,36999,"14/04/2026, 01:29 PM",13300,Self Finance,Loan Disbursed,
Apr-26,ADS Referral,BA Search Ads,GSN,BA-B05,17/04/2026,Swati Murthy,swati_murthy957@yahoo.com,8109359803,Kavya Reddy,Google Ads,59999,"01/04/2026, 02:14 PM",15700,Eduvanz,Paid,
Apr-26,ADS,DA Search Ads,GSN,DA-B12,16/04/2026,Lakshmi Iyer,lakshmiiyer30@outlook.com,9261154954,Rahul Menon,Meta Ads,67999,"28/04/2026, 08:14 PM",16600,NBFC Direct,Paid,
Apr-26,ADS Referral,AI/ML Search Ads,SEM,AIML-B03,04/04/2026,Priya Kapoor,priya_kapoor44@gmail.com,7115750574,Rahul Menon,Google Ads,67999,"08/04/2026, 09:13 PM",19600,,Pending,
Apr-26,ADS Referral,DA Search Ads,GSN,DA-B12,25/04/2026,Manish Pandey,manish.pandey@outlook.com,9714446121,Priya Sharma,Google Ads,69999,"03/04/2026, 08:18 PM",21400,Self Finance,Partial,
Apr-26,YT Referral,AI/ML Search Ads,GSN,AIML-B03,30/04/2026,Geeta Shah,geeta.shah@yahoo.com,7473308382,Rahul Menon,Google Ads,72999,"02/04/2026, 08:13 PM",25700,Eduvanz,Paid,
Apr-26,ADS,DS Meta Ads,META,DS-B09,29/04/2026,Pooja Menon,poojamenon@outlook.com,9883638876,Meera Pillai,YouTube,70999,"20/04/2026, 05:04 PM",29700,Propelld,Paid,
Apr-26,YT Referral,DA Search Ads,SEM,DA-B14,13/04/2026,Vijay Hegde,vijayhegde@yahoo.com,8641213366,Priya Sharma,WhatsApp,51999,"12/04/2026, 03:10 PM",15600,,Loan Disbursed,
Apr-26,ADS,DS Meta Ads,FB,DS-B08,01/04/2026,Lakshmi Das,lakshmidas@gmail.com,9093232813,Vikram Das,Google Ads,61999,"09/04/2026, 01:23 PM",30000,Propelld,Loan Disbursed,22/04/2026
Apr-26,ADS,CS Search Ads,GADS,CS-B04,27/04/2026,Kavya Kapoor,kavya.kapoor588@outlook.com,7043120620,Meera Pillai,YouTube,56999,"27/04/2026, 09:55 AM",13800,Self Finance,Paid,
Apr-26,ADS,DA Meta Ads,META,DA-B13,07/04/2026,Tanvi Patel,tanvi_patel@outlook.com,7582242882,Ananya Joshi,YouTube,63999,"19/04/2026, 01:14 PM",20100,Eduvanz,Partial,
Apr-26,ADS Referral,DA Search Ads,GSN,DA-B12,12/04/2026,Shruti Pillai,shrutipillai767@hotmail.com,6657925941,Kavya Reddy,Google Ads,60999,"07/04/2026, 09:27 AM",16600,,Paid,
Apr-26,YT,DA Meta Ads,INST,DA-B12,03/04/2026,Deepa Patel,deepa.patel@hotmail.com,7994137840,Deepak Verma,YouTube,53999,"09/04/2026, 05:02 PM",12300,Self Finance,Paid,
Apr-26,YT Referral,DS Meta Ads,FB,DS-B09,05/04/2026,Chetan Varma,chetanvarma@gmail.com,8309076264,Suresh Bhat,WhatsApp,72999,"29/04/2026, 02:57 PM",23600,Propelld,Paid,
Apr-26,ADS Referral,DA Search Ads,SEM,DA-B14,04/04/2026,Ananya Pillai,ananya.pillai654@rediffmail.com,6995554808,Kavya Reddy,Organic,62999,"23/04/2026, 03:41 PM",27700,Eduvanz,Partial,
Apr-26,YT,CS Search Ads,GADS,CS-B05,28/04/2026,Kritika Sharma,kritikasharma@outlook.com,7189880096,Priya Sharma,Google Ads,59999,"06/04/2026, 12:12 PM",15300,Self Finance,Partial,
Apr-26,ADS Referral,AI/ML Search Ads,SEM,AIML-B02,06/04/2026,Priya Bose,priya.bose@outlook.com,9030171810,Arjun Nair,Google Ads,67999,"20/04/2026, 09:07 PM",16800,Propelld,Paid,
Apr-26,YT,BA Search Ads,GSN,BA-B06,24/04/2026,Sandeep Murthy,sandeep_murthy836@outlook.com,9737276791,Priya Sharma,Referral,51999,"06/04/2026, 09:27 PM",18000,HDFC Credila,Paid,
Apr-26,YT Referral,BA Search Ads,GSN,BA-B06,09/04/2026,Karan Pandey,karan_pandey@rediffmail.com,6152372061,Arjun Nair,Referral,57999,"14/04/2026, 12:05 PM",25800,,Paid,
Apr-26,ADS Referral,BA Search Ads,GSN,BA-B05,05/04/2026,Arjun Patel,arjun.patel@hotmail.com,9070174121,Rahul Menon,Google Ads,57999,"29/04/2026, 01:22 PM",27200,Self Finance,Paid,
Apr-26,YT,DA Search Ads,GADS,DA-B12,18/04/2026,Chetan Ghosh,chetan.ghosh694@gmail.com,6411001118,Rahul Menon,Google Ads,65999,"16/04/2026, 10:29 AM",29200,,Paid,
Apr-26,ADS,DS Meta Ads,META,DS-B10,14/04/2026,Vinay Bose,vinay.bose724@hotmail.com,8112043349,Meera Pillai,Meta Ads,70999,"25/04/2026, 03:01 PM",28800,,Partial,
Apr-26,ADS Referral,DA Search Ads,GADS,DA-B12,10/04/2026,Shruti Verma,shruti.verma@yahoo.com,8288807387,Vikram Das,WhatsApp,59999,"10/04/2026, 01:31 PM",18700,HDFC Credila,Loan Disbursed,27/04/2026
Apr-26,ADS Referral,CS Search Ads,GADS,CS-B04,18/04/2026,Sneha Patel,sneha.patel@yahoo.com,8364323405,Sneha Iyer,Organic,56999,"26/04/2026, 03:46 PM",27000,Self Finance,Pending,
Apr-26,ADS,Gen AI Meta Ads,FB,GENAI-B04,28/04/2026,Tanvi Jain,tanvi_jain402@gmail.com,6932832259,Vikram Das,Organic,55999,"29/04/2026, 04:17 PM",24600,Self Finance,Pending,
Apr-26,ADS,BA Search Ads,GSN,BA-B05,08/04/2026,Suresh Das,sureshdas967@hotmail.com,9529051608,Kavya Reddy,Email,48999,"12/04/2026, 12:33 PM",10600,Self Finance,Paid,
Apr-26,ADS,CS Search Ads,GADS,CS-B04,14/04/2026,Vinay Shetty,vinay_shetty143@hotmail.com,9066176162,Arjun Nair,Google Ads,69999,"10/04/2026, 08:54 PM",25400,Propelld,Partial,
Apr-26,ADS,CS Search Ads,GSN,CS-B05,01/04/2026,Chetan Menon,chetanmenon@hotmail.com,6174699896,Deepak Verma,Google Ads,65999,"08/04/2026, 03:02 PM",31500,Self Finance,Paid,
Apr-26,ADS Referral,DS Search Ads,SEM,DS-B08,06/04/2026,Vinay Gupta,vinay_gupta165@yahoo.com,7639538465,Kavya Reddy,Meta Ads,75999,"25/04/2026, 05:03 PM",25600,,Paid,
Apr-26,YT,DA Meta Ads,INST,DA-B12,18/04/2026,Vijay Reddy,vijay.reddy@outlook.com,8050933711,Arjun Nair,Meta Ads,64999,"28/04/2026, 07:18 PM",22500,HDFC Credila,Partial,
Apr-26,ADS,CS Search Ads,GSN,CS-B05,03/04/2026,Esha Mehta,eshamehta@gmail.com,9344310253,Suresh Bhat,Email,57999,"14/04/2026, 11:28 AM",14000,Self Finance,Partial,
Apr-26,YT,DA Meta Ads,META,DA-B13,09/04/2026,Aarav Verma,aarav_verma611@yahoo.com,7650126071,Meera Pillai,Meta Ads,59999,"06/04/2026, 06:40 PM",19700,,Paid,
Apr-26,ADS Referral,BA Meta Ads,INST,BA-B06,15/04/2026,Sandeep Rao,sandeeprao@hotmail.com,7035311873,Kavya Reddy,Meta Ads,59999,"25/04/2026, 12:24 PM",29900,Self Finance,Loan Disbursed,
Apr-26,ADS,DM Meta Ads,FB,DM-B08,03/04/2026,Pallavi Singh,pallavi_singh280@outlook.com,6497019110,Rahul Menon,WhatsApp,40999,"27/04/2026, 01:01 PM",12300,Propelld,Paid,
Apr-26,YT,BA Search Ads,GSN,BA-B05,25/04/2026,Bhavna Varma,bhavna_varma@rediffmail.com,7373008315,Suresh Bhat,WhatsApp,52999,"16/04/2026, 06:18 PM",25000,,Pending,
Apr-26,ADS,AI/ML Search Ads,SEM,AIML-B02,03/04/2026,Akash Das,akashdas355@yahoo.com,7776889517,Meera Pillai,Email,75999,"04/04/2026, 12:56 PM",29100,Self Finance,Pending,
Apr-26,YT Referral,CS Search Ads,GSN,CS-B04,05/04/2026,Vishal Shah,vishalshah918@yahoo.com,8896626753,Rahul Menon,YouTube,55999,"05/04/2026, 05:45 PM",19400,Self Finance,Paid,
Apr-26,ADS,Gen AI Meta Ads,FB,GENAI-B04,30/04/2026,Aryan Mehta,aryanmehta973@rediffmail.com,6005188794,Vikram Das,Google Ads,76999,"17/04/2026, 09:46 AM",38100,Auxilo,Pending,
Apr-26,ADS Referral,DM Meta Ads,META,DM-B08,27/04/2026,Karan Agarwal,karanagarwal999@yahoo.com,8748897038,Sneha Iyer,Google Ads,49999,"28/04/2026, 04:30 PM",25000,Self Finance,Paid,
Apr-26,ADS Referral,DA Meta Ads,INST,DA-B13,29/04/2026,Esha Murthy,eshamurthy308@hotmail.com,9777703041,Ananya Joshi,Google Ads,63999,"26/04/2026, 09:50 PM",16600,Propelld,Paid,
Apr-26,ADS,BA Meta Ads,INST,BA-B06,14/04/2026,Lakshmi Murthy,lakshmimurthy287@gmail.com,9085381342,Kavya Reddy,Google Ads,56999,"18/04/2026, 09:49 PM",19500,Propelld,Paid,
Apr-26,ADS Referral,BA Meta Ads,META,BA-B05,16/04/2026,Kiran Hegde,kiran_hegde@hotmail.com,9240494358,Sneha Iyer,Google Ads,56999,"04/04/2026, 04:25 PM",25500,Self Finance,Loan Disbursed,
Apr-26,ADS Referral,AI/ML Search Ads,SEM,AIML-B02,01/04/2026,Isha Patel,ishapatel@gmail.com,6656449702,Meera Pillai,YouTube,84999,"13/04/2026, 01:22 PM",27900,HDFC Credila,Loan Disbursed,30/04/2026
Apr-26,YT Referral,DA Search Ads,GSN,DA-B12,08/04/2026,Kavya Varma,kavya.varma729@gmail.com,7506683600,Vikram Das,Google Ads,51999,"28/04/2026, 12:47 PM",16100,Propelld,Paid,
Apr-26,ADS Referral,DA Meta Ads,FB,DA-B14,10/04/2026,Esha Menon,esha_menon64@rediffmail.com,9588326286,Suresh Bhat,Meta Ads,67999,"16/04/2026, 05:12 PM",28300,Propelld,Pending,
Apr-26,YT,DS Meta Ads,META,DS-B10,06/04/2026,Amit Reddy,amit.reddy248@rediffmail.com,6837854318,Kavya Reddy,YouTube,82999,"24/04/2026, 10:43 PM",19300,Propelld,Partial,
Apr-26,ADS,DA Search Ads,GSN,DA-B13,08/04/2026,Sandeep Ghosh,sandeepghosh@outlook.com,7276322159,Vikram Das,Google Ads,69999,"20/04/2026, 08:00 PM",34500,Auxilo,Partial,
Apr-26,ADS,Gen AI Meta Ads,META,GENAI-B04,13/04/2026,Hemant Sharma,hemant.sharma@gmail.com,7403724008,Priya Sharma,Google Ads,72999,"03/04/2026, 03:04 PM",21500,,Paid,
Apr-26,ADS,BA Search Ads,GADS,BA-B06,03/04/2026,Nandini Varma,nandini.varma428@outlook.com,8797598172,Arjun Nair,YouTube,46999,"16/04/2026, 08:28 PM",12800,Auxilo,Paid,
Apr-26,ADS,DM Meta Ads,INST,DM-B08,25/04/2026,Priya Pillai,priya_pillai@hotmail.com,7285217093,Rahul Menon,Referral,44999,"26/04/2026, 11:24 AM",11500,Self Finance,Paid,
Apr-26,ADS,BA Search Ads,GADS,BA-B06,04/04/2026,Yash Rao,yashrao@outlook.com,9395179029,Suresh Bhat,Email,53999,"21/04/2026, 10:06 PM",13300,Auxilo,Paid,
Apr-26,YT Referral,DA Meta Ads,FB,DA-B14,30/04/2026,Kiran Desai,kiran.desai@yahoo.com,9991690317,Priya Sharma,Google Ads,61999,"21/04/2026, 05:43 PM",23300,Propelld,Paid,
Apr-26,YT Referral,DA Meta Ads,INST,DA-B13,19/04/2026,Rohan Jain,rohan_jain329@gmail.com,9727393485,Arjun Nair,Meta Ads,69999,"17/04/2026, 08:51 PM",34300,Self Finance,Paid,
Apr-26,YT,Gen AI Meta Ads,FB,GENAI-B04,05/04/2026,Vishal Ghosh,vishal.ghosh@gmail.com,7733104178,Ananya Joshi,Google Ads,65999,"26/04/2026, 10:52 AM",32200,Propelld,Loan Disbursed,20/04/2026
Apr-26,YT,DA Meta Ads,INST,DA-B14,14/04/2026,Meera Fernandes,meera.fernandes81@yahoo.com,7543759234,Meera Pillai,Referral,54999,"10/04/2026, 04:08 PM",27100,HDFC Credila,Partial,
Apr-26,ADS,DA Meta Ads,FB,DA-B13,10/04/2026,Suresh Desai,suresh_desai391@rediffmail.com,9506817409,Rahul Menon,Google Ads,53999,"05/04/2026, 05:09 PM",19400,Auxilo,Paid,
Apr-26,ADS,Gen AI Search Ads,GADS,GENAI-B03,24/04/2026,Sneha Jain,sneha.jain275@outlook.com,8964412912,Suresh Bhat,Google Ads,76999,"11/04/2026, 10:32 PM",31300,HDFC Credila,Paid,
Apr-26,ADS Referral,DA Meta Ads,META,DA-B13,28/04/2026,Suresh Pillai,suresh_pillai373@hotmail.com,8798295661,Ananya Joshi,YouTube,53999,"13/04/2026, 10:30 PM",12900,Propelld,Paid,
Apr-26,YT,Gen AI Meta Ads,META,GENAI-B04,30/04/2026,Sonia Desai,soniadesai405@rediffmail.com,9695808397,Deepak Verma,Meta Ads,58999,"15/04/2026, 06:22 PM",28200,Self Finance,Pending,
Apr-26,ADS,Gen AI Search Ads,SEM,GENAI-B03,08/04/2026,Mohit Desai,mohitdesai873@outlook.com,7079653463,Deepak Verma,Organic,67999,"16/04/2026, 06:16 PM",23900,Self Finance,Paid,
Apr-26,ADS,Gen AI Search Ads,GSN,GENAI-B03,25/04/2026,Manish Shah,manish.shah242@yahoo.com,8241622879,Vikram Das,YouTube,69999,"11/04/2026, 04:33 PM",27100,Self Finance,Paid,
Apr-26,YT,DS Meta Ads,FB,DS-B10,22/04/2026,Varun Varma,varun.varma593@gmail.com,9936403630,Rahul Menon,Referral,84999,"26/04/2026, 10:37 AM",35000,Self Finance,Paid,
Apr-26,YT,DA Search Ads,SEM,DA-B12,21/04/2026,Rohan Singh,rohan.singh560@rediffmail.com,6271537790,Suresh Bhat,Meta Ads,65999,"10/04/2026, 04:10 PM",15800,Self Finance,Paid,
Apr-26,YT,DS Meta Ads,FB,DS-B08,22/04/2026,Sahil Patel,sahilpatel571@rediffmail.com,7122392041,Priya Sharma,Meta Ads,79999,"26/04/2026, 02:59 PM",18400,,Paid,
Apr-26,ADS Referral,Gen AI Meta Ads,FB,GENAI-B03,22/04/2026,Deepak Shah,deepak.shah@outlook.com,8334616540,Arjun Nair,Google Ads,56999,"27/04/2026, 12:11 PM",26000,HDFC Credila,Paid,
Apr-26,YT,DM Meta Ads,INST,DM-B08,15/04/2026,Lakshmi Yadav,lakshmiyadav689@outlook.com,6337163954,Deepak Verma,Google Ads,49999,"22/04/2026, 01:31 PM",21800,Self Finance,Paid,
Apr-26,YT Referral,Gen AI Search Ads,GADS,GENAI-B04,05/04/2026,Divya Shah,divyashah789@rediffmail.com,7214968688,Suresh Bhat,WhatsApp,69999,"01/04/2026, 10:26 PM",31800,Self Finance,Refunded,
Apr-26,ADS,DA Meta Ads,META,DA-B13,08/04/2026,Deepak Rajan,deepakrajan921@yahoo.com,7126557553,Arjun Nair,Meta Ads,59999,"13/04/2026, 09:05 AM",26600,Propelld,Loan Disbursed,22/04/2026
Apr-26,ADS Referral,Gen AI Search Ads,SEM,GENAI-B04,17/04/2026,Aryan Mehta,aryanmehta@hotmail.com,9866179082,Priya Sharma,Meta Ads,77999,"03/04/2026, 12:40 PM",32800,Auxilo,Paid,
Apr-26,ADS,DA Search Ads,GSN,DA-B14,01/04/2026,Vijay Singh,vijay_singh@rediffmail.com,7024878456,Suresh Bhat,Organic,50999,"13/04/2026, 10:10 PM",13800,Propelld,Paid,
Apr-26,ADS Referral,BA Search Ads,GADS,BA-B05,20/04/2026,Ravi Kumar,ravi_kumar115@outlook.com,6453762139,Deepak Verma,Google Ads,48999,"09/04/2026, 03:55 PM",22900,Self Finance,Pending,
Apr-26,YT,DS Search Ads,GSN,DS-B08,07/04/2026,Geeta Fernandes,geeta_fernandes@gmail.com,7590700936,Sneha Iyer,Google Ads,83999,"13/04/2026, 09:49 PM",24300,Self Finance,Refunded,
Apr-26,YT Referral,DS Meta Ads,FB,DS-B08,10/04/2026,Lakshmi Verma,lakshmi.verma@hotmail.com,8980013565,Sneha Iyer,Meta Ads,82999,"07/04/2026, 04:11 PM",18700,Self Finance,Paid,
Apr-26,ADS,Gen AI Search Ads,GSN,GENAI-B03,13/04/2026,Aditya Varma,aditya_varma@hotmail.com,8905916870,Rahul Menon,Organic,65999,"11/04/2026, 06:39 PM",30700,Self Finance,Paid,
Apr-26,ADS,DM Meta Ads,META,DM-B07,12/04/2026,Shruti Iyer,shruti.iyer@hotmail.com,8300626666,Meera Pillai,Meta Ads,45999,"08/04/2026, 12:34 PM",11700,Self Finance,Pending,
Apr-26,YT,DS Search Ads,SEM,DS-B09,12/04/2026,Meera Joshi,meera_joshi742@outlook.com,7099097522,Sneha Iyer,Google Ads,72999,"16/04/2026, 11:22 AM",26400,Self Finance,Partial,
Apr-26,YT Referral,Gen AI Meta Ads,FB,GENAI-B04,30/04/2026,Suresh Singh,sureshsingh812@rediffmail.com,8896894942,Arjun Nair,Meta Ads,60999,"26/04/2026, 10:35 AM",19400,Auxilo,Paid,
Apr-26,ADS,DS Search Ads,GADS,DS-B10,28/04/2026,Jaya Reddy,jayareddy544@rediffmail.com,9453597438,Sneha Iyer,Google Ads,72999,"30/04/2026, 03:45 PM",21800,Self Finance,Paid,
Apr-26,ADS,AI/ML Search Ads,SEM,AIML-B02,03/04/2026,Uday Tiwari,udaytiwari939@yahoo.com,8031933018,Ananya Joshi,Referral,70999,"14/04/2026, 06:11 PM",28100,Eduvanz,Loan Disbursed,30/04/2026
Apr-26,ADS,BA Meta Ads,META,BA-B06,16/04/2026,Vinay Kapoor,vinaykapoor@outlook.com,7475790545,Vikram Das,WhatsApp,56999,"02/04/2026, 07:40 PM",28200,HDFC Credila,Pending,
Apr-26,ADS Referral,Gen AI Search Ads,GSN,GENAI-B03,05/04/2026,Suresh Iyer,sureshiyer444@outlook.com,6035685369,Rahul Menon,Google Ads,69999,"16/04/2026, 06:52 PM",16900,Eduvanz,Paid,
Apr-26,ADS Referral,DM Meta Ads,META,DM-B07,22/04/2026,Swati Iyer,swati.iyer522@rediffmail.com,8313384366,Meera Pillai,Organic,45999,"09/04/2026, 10:45 PM",17400,Self Finance,Paid,
Apr-26,ADS,CS Search Ads,GSN,CS-B04,06/04/2026,Harish Tiwari,harishtiwari@rediffmail.com,7906187465,Kavya Reddy,YouTube,63999,"03/04/2026, 10:50 PM",29000,Propelld,Partial,
Apr-26,ADS Referral,DS Search Ads,GSN,DS-B09,07/04/2026,Amit Pillai,amitpillai@gmail.com,6777173671,Arjun Nair,Meta Ads,84999,"04/04/2026, 03:58 PM",37800,Self Finance,Loan Disbursed,
Apr-26,YT Referral,BA Search Ads,GADS,BA-B05,27/04/2026,Bhavna Kumar,bhavnakumar@hotmail.com,6644007340,Priya Sharma,Google Ads,49999,"08/04/2026, 08:12 PM",20000,HDFC Credila,Paid,
Apr-26,ADS,DA Search Ads,GSN,DA-B14,13/04/2026,Sonia Patel,sonia.patel301@rediffmail.com,6376805118,Vikram Das,YouTube,55999,"17/04/2026, 06:58 PM",18300,,Paid,
Apr-26,ADS,DA Meta Ads,META,DA-B13,17/04/2026,Sakshi Shetty,sakshi_shetty423@outlook.com,6656338088,Kavya Reddy,Meta Ads,66999,"15/04/2026, 05:24 PM",24200,Propelld,Partial,
Apr-26,ADS,CS Search Ads,GADS,CS-B04,07/04/2026,Uday Varma,udayvarma663@gmail.com,6060748458,Vikram Das,Meta Ads,57999,"03/04/2026, 02:11 PM",24800,Auxilo,Loan Disbursed,07/04/2026
Apr-26,ADS,AI/ML Search Ads,SEM,AIML-B02,21/04/2026,Vijay Jain,vijay_jain882@rediffmail.com,8307639366,Rahul Menon,YouTube,75999,"16/04/2026, 01:09 PM",18300,NBFC Direct,Partial,
Apr-26,ADS,DM Meta Ads,META,DM-B07,04/04/2026,Hemant Reddy,hemantreddy@yahoo.com,6990627197,Meera Pillai,Organic,39999,"30/04/2026, 07:56 PM",18600,Self Finance,Paid,
Apr-26,ADS,BA Search Ads,GADS,BA-B05,30/04/2026,Divya Varma,divyavarma879@hotmail.com,9716475293,Kavya Reddy,YouTube,48999,"19/04/2026, 02:38 PM",15600,Self Finance,Paid,
Apr-26,ADS Referral,DA Meta Ads,INST,DA-B12,06/04/2026,Pallavi Verma,pallavi_verma@gmail.com,9069598398,Meera Pillai,Google Ads,56999,"20/04/2026, 08:29 PM",13200,Propelld,Paid,
Apr-26,ADS,DA Search Ads,GSN,DA-B14,12/04/2026,Aryan Varma,aryanvarma@gmail.com,9246935771,Kavya Reddy,YouTube,65999,"11/04/2026, 08:44 PM",17900,Propelld,Paid,
Apr-26,ADS,CS Search Ads,GADS,CS-B04,04/04/2026,Ravi Agarwal,raviagarwal@hotmail.com,8102512002,Sneha Iyer,Organic,60999,"20/04/2026, 09:06 AM",16300,Auxilo,Paid,
May-26,ADS Referral,Gen AI Search Ads,GSN,GENAI-B04,03/05/2026,Jaya Rao,jayarao356@outlook.com,7653567357,Deepak Verma,Organic,77999,"29/05/2026, 10:21 PM",17200,NBFC Direct,Paid,
May-26,ADS,BA Search Ads,GADS,BA-B06,01/05/2026,Suresh Gupta,suresh_gupta@outlook.com,6512344287,Rahul Menon,WhatsApp,53999,"04/05/2026, 09:31 AM",24100,Propelld,Pending,
May-26,ADS,Gen AI Search Ads,SEM,GENAI-B04,19/05/2026,Lakshmi Hegde,lakshmi.hegde414@rediffmail.com,8259584629,Ananya Joshi,YouTube,75999,"27/05/2026, 03:55 PM",16400,Self Finance,Paid,
May-26,ADS,DA Search Ads,SEM,DA-B13,25/05/2026,Deepak Ghosh,deepakghosh684@outlook.com,8959892725,Deepak Verma,Google Ads,57999,"18/05/2026, 06:54 PM",11700,NBFC Direct,Loan Disbursed,12/05/2026
May-26,YT,AI/ML Search Ads,GSN,AIML-B02,07/05/2026,Divya Nair,divya_nair526@yahoo.com,7948045080,Ananya Joshi,YouTube,88999,"14/05/2026, 04:02 PM",20500,Self Finance,Pending,
May-26,ADS,DM Meta Ads,META,DM-B08,03/05/2026,Lakshmi Mehta,lakshmi.mehta@rediffmail.com,6906872631,Rahul Menon,YouTube,37999,"19/05/2026, 04:46 PM",8100,Propelld,Paid,
May-26,ADS,BA Meta Ads,META,BA-B05,27/05/2026,Swati Verma,swati.verma@rediffmail.com,6164459040,Rahul Menon,YouTube,58999,"13/05/2026, 02:14 PM",13800,Propelld,Pending,
May-26,YT,AI/ML Search Ads,SEM,AIML-B02,01/05/2026,Suresh Desai,suresh.desai536@gmail.com,6974760750,Ananya Joshi,Meta Ads,67999,"24/05/2026, 09:57 PM",20500,Auxilo,Paid,
May-26,YT,BA Search Ads,GSN,BA-B06,17/05/2026,Kavya Joshi,kavya_joshi@rediffmail.com,6801249596,Rahul Menon,WhatsApp,50999,"21/05/2026, 11:16 AM",15100,,Refunded,
May-26,ADS,DM Meta Ads,INST,DM-B07,01/05/2026,Suresh Fernandes,suresh_fernandes893@outlook.com,9355379074,Suresh Bhat,Google Ads,42999,"18/05/2026, 04:47 PM",17700,Self Finance,Refunded,
May-26,ADS,DA Search Ads,SEM,DA-B12,19/05/2026,Rohan Pandey,rohan.pandey307@rediffmail.com,9702741634,Suresh Bhat,Meta Ads,67999,"29/05/2026, 09:55 PM",25300,Propelld,Paid,
May-26,ADS Referral,CS Search Ads,GSN,CS-B04,11/05/2026,Rohit Pandey,rohit.pandey@hotmail.com,8167012967,Arjun Nair,Organic,61999,"05/05/2026, 02:56 PM",27300,Self Finance,Partial,
May-26,ADS,CS Search Ads,GSN,CS-B04,04/05/2026,Vishal Agarwal,vishal.agarwal243@yahoo.com,8489950910,Sneha Iyer,YouTube,56999,"08/05/2026, 09:18 AM",24800,Self Finance,Partial,
May-26,ADS,DM Meta Ads,INST,DM-B07,05/05/2026,Esha Pandey,esha_pandey442@outlook.com,6961069842,Ananya Joshi,Organic,45999,"19/05/2026, 10:02 PM",12400,Auxilo,Partial,
May-26,ADS,DS Meta Ads,META,DS-B10,28/05/2026,Pooja Iyer,pooja.iyer@yahoo.com,7879653419,Vikram Das,YouTube,72999,"25/05/2026, 10:57 AM",21100,Self Finance,Partial,
May-26,ADS,DA Meta Ads,META,DA-B12,31/05/2026,Pradeep Hegde,pradeephegde@outlook.com,8880610962,Ananya Joshi,YouTube,62999,"05/05/2026, 07:35 PM",20200,HDFC Credila,Refunded,
May-26,ADS,BA Meta Ads,INST,BA-B06,01/05/2026,Hemant Pandey,hemant_pandey@gmail.com,9696607233,Sneha Iyer,Google Ads,55999,"01/05/2026, 12:15 PM",20000,Self Finance,Partial,
May-26,ADS,CS Search Ads,GSN,CS-B04,06/05/2026,Jaya Hegde,jaya.hegde@outlook.com,9580443793,Suresh Bhat,Organic,53999,"24/05/2026, 08:12 PM",14800,HDFC Credila,Paid,
May-26,YT Referral,DS Search Ads,GSN,DS-B08,19/05/2026,Rahul Rajan,rahulrajan460@hotmail.com,9027601663,Ananya Joshi,YouTube,79999,"08/05/2026, 06:08 PM",17200,Eduvanz,Paid,
May-26,ADS,DA Search Ads,GADS,DA-B13,03/05/2026,Bhavna Bose,bhavna.bose937@outlook.com,6002206099,Meera Pillai,Meta Ads,69999,"13/05/2026, 06:27 PM",23500,Propelld,Paid,
May-26,ADS Referral,Gen AI Meta Ads,FB,GENAI-B04,26/05/2026,Deepak Varma,deepak_varma898@hotmail.com,9245467928,Rahul Menon,Google Ads,66999,"10/05/2026, 11:36 AM",24300,NBFC Direct,Paid,
May-26,ADS Referral,DS Search Ads,GADS,DS-B08,10/05/2026,Sandeep Verma,sandeep.verma@yahoo.com,8231015868,Sneha Iyer,Google Ads,83999,"17/05/2026, 03:16 PM",29200,,Paid,
May-26,YT,DM Meta Ads,META,DM-B07,21/05/2026,Nikhil Tiwari,nikhiltiwari207@yahoo.com,6669892379,Ananya Joshi,Google Ads,40999,"23/05/2026, 06:27 PM",19300,Auxilo,Paid,
May-26,ADS,DM Meta Ads,FB,DM-B07,02/05/2026,Manish Bose,manish.bose322@yahoo.com,6155807865,Sneha Iyer,Meta Ads,40999,"29/05/2026, 03:29 PM",14700,Eduvanz,Pending,
May-26,YT Referral,DA Search Ads,GSN,DA-B12,24/05/2026,Suresh Iyer,suresh_iyer127@outlook.com,8615122778,Rahul Menon,Referral,64999,"14/05/2026, 05:35 PM",15800,,Partial,
May-26,ADS,Gen AI Meta Ads,FB,GENAI-B03,07/05/2026,Amit Murthy,amit.murthy359@outlook.com,9857323520,Arjun Nair,Google Ads,72999,"17/05/2026, 05:38 PM",18500,Self Finance,Paid,
May-26,ADS,BA Search Ads,GSN,BA-B05,11/05/2026,Kiran Shah,kiranshah143@hotmail.com,8751067828,Rahul Menon,Google Ads,51999,"25/05/2026, 08:26 PM",21300,Eduvanz,Pending,
May-26,ADS,Gen AI Meta Ads,FB,GENAI-B04,07/05/2026,Mohit Das,mohit.das@gmail.com,7031834211,Sneha Iyer,YouTube,70999,"15/05/2026, 02:56 PM",15500,Propelld,Paid,
May-26,ADS,CS Search Ads,GADS,CS-B04,24/05/2026,Pallavi Patel,pallavi_patel209@rediffmail.com,6224914486,Suresh Bhat,Google Ads,56999,"14/05/2026, 09:30 PM",11700,Eduvanz,Paid,
May-26,ADS,DS Meta Ads,FB,DS-B09,07/05/2026,Sakshi Pillai,sakshi_pillai345@yahoo.com,9677466474,Rahul Menon,Email,80999,"03/05/2026, 06:07 PM",28400,Self Finance,Pending,
May-26,ADS,Gen AI Meta Ads,FB,GENAI-B03,11/05/2026,Aditya Verma,adityaverma786@hotmail.com,9526352200,Arjun Nair,Meta Ads,63999,"27/05/2026, 08:53 PM",27500,Eduvanz,Partial,
May-26,ADS,DA Search Ads,GADS,DA-B13,29/05/2026,Anjali Hegde,anjali_hegde@rediffmail.com,7651267098,Kavya Reddy,YouTube,65999,"21/05/2026, 03:03 PM",28100,Self Finance,Loan Disbursed,
May-26,ADS Referral,BA Meta Ads,INST,BA-B05,30/05/2026,Vijay Pillai,vijay_pillai@hotmail.com,8771801446,Vikram Das,YouTube,45999,"21/05/2026, 08:54 PM",17800,Auxilo,Paid,
May-26,YT,DA Meta Ads,INST,DA-B14,16/05/2026,Pradeep Nair,pradeep_nair665@outlook.com,9214918170,Arjun Nair,Meta Ads,63999,"16/05/2026, 09:25 PM",22700,Auxilo,Pending,
May-26,YT Referral,Gen AI Search Ads,GSN,GENAI-B03,07/05/2026,Rahul Chopra,rahul.chopra737@hotmail.com,8125998552,Kavya Reddy,Meta Ads,67999,"10/05/2026, 09:32 PM",22700,,Pending,
May-26,YT,DA Search Ads,SEM,DA-B12,17/05/2026,Akash Tiwari,akash.tiwari376@gmail.com,9032744139,Ananya Joshi,Meta Ads,52999,"23/05/2026, 10:14 PM",22100,Self Finance,Loan Disbursed,
May-26,ADS,DA Meta Ads,META,DA-B12,11/05/2026,Chetan Pillai,chetan.pillai@outlook.com,8202603364,Meera Pillai,Meta Ads,54999,"01/05/2026, 09:45 PM",25100,Propelld,Paid,
May-26,ADS,DS Search Ads,GSN,DS-B09,06/05/2026,Anjali Murthy,anjali_murthy627@outlook.com,8069002425,Vikram Das,Meta Ads,61999,"15/05/2026, 10:36 PM",21400,Self Finance,Paid,
May-26,ADS,DA Meta Ads,FB,DA-B12,02/05/2026,Tanvi Kapoor,tanvikapoor532@yahoo.com,6766430897,Rahul Menon,Google Ads,60999,"05/05/2026, 11:05 AM",16400,,Paid,
May-26,ADS Referral,DM Meta Ads,FB,DM-B08,02/05/2026,Bhavna Verma,bhavnaverma@gmail.com,9863961039,Suresh Bhat,Google Ads,46999,"24/05/2026, 09:10 AM",10500,Auxilo,Loan Disbursed,14/05/2026
May-26,ADS,DA Search Ads,GADS,DA-B12,07/05/2026,Isha Menon,ishamenon@hotmail.com,7303384381,Kavya Reddy,Organic,63999,"16/05/2026, 12:59 PM",27300,Auxilo,Pending,
May-26,ADS,DA Search Ads,GSN,DA-B14,11/05/2026,Vijay Mehta,vijay.mehta@hotmail.com,7170201700,Rahul Menon,Meta Ads,63999,"09/05/2026, 03:53 PM",31900,NBFC Direct,Pending,
May-26,ADS,CS Search Ads,GADS,CS-B04,08/05/2026,Sandeep Ghosh,sandeepghosh815@yahoo.com,8840480657,Sneha Iyer,Organic,65999,"25/05/2026, 02:59 PM",16100,HDFC Credila,Partial,
May-26,ADS,DA Meta Ads,INST,DA-B13,14/05/2026,Hemant Tiwari,hemanttiwari245@outlook.com,7676312675,Rahul Menon,Referral,55999,"22/05/2026, 09:51 PM",22900,Auxilo,Paid,
May-26,YT,DA Meta Ads,FB,DA-B12,22/05/2026,Chetan Murthy,chetan.murthy@rediffmail.com,9471908646,Vikram Das,Meta Ads,56999,"05/05/2026, 04:22 PM",19300,Self Finance,Paid,
May-26,ADS Referral,DA Search Ads,SEM,DA-B13,01/05/2026,Ananya Agarwal,ananya_agarwal137@hotmail.com,6269537916,Priya Sharma,YouTube,67999,"23/05/2026, 04:53 PM",14000,,Paid,
May-26,YT Referral,DA Search Ads,GADS,DA-B13,11/05/2026,Anjali Chopra,anjalichopra750@gmail.com,7183362623,Vikram Das,Meta Ads,56999,"19/05/2026, 07:38 PM",15900,Eduvanz,Partial,
May-26,ADS Referral,DS Meta Ads,META,DS-B10,08/05/2026,Harish Verma,harish_verma@rediffmail.com,8172306672,Suresh Bhat,YouTube,81999,"02/05/2026, 09:52 PM",37600,HDFC Credila,Paid,
May-26,ADS,BA Meta Ads,META,BA-B06,31/05/2026,Ravi Patel,ravi_patel25@yahoo.com,9052038457,Ananya Joshi,Google Ads,56999,"24/05/2026, 03:54 PM",14100,Eduvanz,Loan Disbursed,30/05/2026
May-26,ADS Referral,BA Search Ads,GADS,BA-B06,06/05/2026,Isha Sharma,ishasharma@rediffmail.com,9290571454,Meera Pillai,Google Ads,46999,"25/05/2026, 04:29 PM",21700,Propelld,Partial,
May-26,YT,DA Meta Ads,META,DA-B14,05/05/2026,Ananya Yadav,ananya.yadav420@gmail.com,8291614512,Kavya Reddy,YouTube,50999,"06/05/2026, 05:54 PM",11900,Self Finance,Paid,
May-26,YT,Gen AI Search Ads,GSN,GENAI-B03,29/05/2026,Varun Murthy,varun_murthy643@outlook.com,9120434904,Deepak Verma,YouTube,62999,"10/05/2026, 10:52 PM",31200,Self Finance,Paid,
May-26,ADS,CS Search Ads,GSN,CS-B05,09/05/2026,Aditya Shetty,aditya_shetty730@gmail.com,7682725430,Vikram Das,Google Ads,64999,"31/05/2026, 04:50 PM",14900,Self Finance,Partial,
May-26,YT,CS Search Ads,GADS,CS-B05,01/05/2026,Priya Iyer,priya_iyer202@outlook.com,6231998473,Vikram Das,YouTube,53999,"21/05/2026, 03:12 PM",13000,Self Finance,Partial,
May-26,ADS,DS Meta Ads,META,DS-B09,05/05/2026,Rohan Menon,rohan.menon364@hotmail.com,6102230208,Priya Sharma,Google Ads,76999,"13/05/2026, 09:28 PM",37700,Self Finance,Paid,
May-26,YT Referral,DS Meta Ads,FB,DS-B08,31/05/2026,Pooja Iyer,pooja_iyer@yahoo.com,6372846277,Meera Pillai,YouTube,65999,"17/05/2026, 12:03 PM",16000,HDFC Credila,Partial,
May-26,ADS Referral,DA Meta Ads,FB,DA-B12,13/05/2026,Esha Kapoor,eshakapoor@outlook.com,6808341399,Meera Pillai,Referral,56999,"14/05/2026, 01:22 PM",23000,HDFC Credila,Pending,
May-26,YT,DS Search Ads,SEM,DS-B10,27/05/2026,Sonia Pandey,soniapandey963@rediffmail.com,8833725647,Ananya Joshi,YouTube,69999,"26/05/2026, 06:11 PM",23800,,Partial,
May-26,ADS Referral,AI/ML Search Ads,SEM,AIML-B03,26/05/2026,Nandini Murthy,nandini.murthy33@outlook.com,7154564815,Deepak Verma,Referral,77999,"04/05/2026, 11:24 AM",30400,Propelld,Paid,
May-26,ADS,DA Meta Ads,INST,DA-B14,29/05/2026,Harish Menon,harish_menon852@yahoo.com,6789804454,Deepak Verma,Meta Ads,66999,"29/05/2026, 11:27 AM",18700,Self Finance,Paid,
May-26,ADS,DS Meta Ads,META,DS-B08,31/05/2026,Pooja Patel,pooja_patel@gmail.com,6945694794,Meera Pillai,Meta Ads,70999,"22/05/2026, 09:09 AM",23600,Self Finance,Paid,
May-26,ADS,Gen AI Search Ads,SEM,GENAI-B03,12/05/2026,Swati Sharma,swati.sharma641@rediffmail.com,6862382781,Deepak Verma,Meta Ads,70999,"28/05/2026, 02:49 PM",15200,Self Finance,Paid,
May-26,YT,DS Search Ads,SEM,DS-B08,18/05/2026,Sandeep Desai,sandeep_desai@yahoo.com,9628940260,Arjun Nair,Organic,60999,"03/05/2026, 07:19 PM",20600,HDFC Credila,Paid,
May-26,ADS Referral,Gen AI Meta Ads,META,GENAI-B04,29/05/2026,Vijay Pandey,vijaypandey823@yahoo.com,8003283396,Meera Pillai,YouTube,74999,"02/05/2026, 11:38 AM",19900,Propelld,Paid,
May-26,ADS,DA Meta Ads,META,DA-B14,22/05/2026,Jaya Singh,jaya.singh436@rediffmail.com,6061695500,Priya Sharma,Google Ads,65999,"01/05/2026, 06:33 PM",28300,,Paid,
May-26,ADS,DS Meta Ads,META,DS-B09,06/05/2026,Suresh Reddy,suresh.reddy@gmail.com,9251339021,Suresh Bhat,Google Ads,83999,"01/05/2026, 06:57 PM",28500,Self Finance,Pending,
May-26,YT Referral,Gen AI Meta Ads,META,GENAI-B04,13/05/2026,Harish Desai,harish_desai329@rediffmail.com,9632212471,Ananya Joshi,Referral,73999,"06/05/2026, 08:04 PM",18500,Propelld,Loan Disbursed,10/05/2026
May-26,ADS,CS Search Ads,GSN,CS-B05,18/05/2026,Lakshmi Shetty,lakshmishetty665@yahoo.com,9859961685,Deepak Verma,Organic,59999,"24/05/2026, 10:23 AM",13700,Self Finance,Loan Disbursed,
May-26,ADS,CS Search Ads,GADS,CS-B04,25/05/2026,Arjun Joshi,arjun.joshi648@yahoo.com,6355388845,Suresh Bhat,Meta Ads,61999,"27/05/2026, 11:16 AM",28300,Auxilo,Loan Disbursed,19/05/2026
May-26,YT,DS Search Ads,SEM,DS-B09,26/05/2026,Swati Shah,swatishah930@hotmail.com,9653775426,Deepak Verma,Meta Ads,75999,"21/05/2026, 11:22 AM",32900,Propelld,Paid,
May-26,ADS Referral,AI/ML Search Ads,GSN,AIML-B02,30/05/2026,Nikhil Pandey,nikhil_pandey179@yahoo.com,9573346726,Deepak Verma,Referral,76999,"27/05/2026, 02:39 PM",34100,Propelld,Paid,
May-26,YT,DM Meta Ads,FB,DM-B08,15/05/2026,Deepak Rao,deepakrao@rediffmail.com,7319226316,Deepak Verma,Meta Ads,39999,"04/05/2026, 10:12 AM",12300,,Partial,
May-26,YT Referral,BA Search Ads,GSN,BA-B05,05/05/2026,Meera Shetty,meera_shetty971@rediffmail.com,8075705214,Vikram Das,YouTube,45999,"18/05/2026, 01:06 PM",16900,Self Finance,Paid,
May-26,ADS,DS Search Ads,GSN,DS-B09,24/05/2026,Gaurav Bose,gauravbose489@gmail.com,7038120339,Ananya Joshi,Google Ads,73999,"05/05/2026, 03:29 PM",15300,Self Finance,Paid,
May-26,ADS Referral,Gen AI Meta Ads,FB,GENAI-B04,24/05/2026,Kavya Kapoor,kavya_kapoor@hotmail.com,8174720117,Vikram Das,Organic,68999,"16/05/2026, 10:55 PM",21700,Self Finance,Paid,
May-26,ADS,DS Meta Ads,META,DS-B09,03/05/2026,Ananya Rajan,ananya.rajan703@hotmail.com,9902350274,Sneha Iyer,WhatsApp,65999,"22/05/2026, 05:31 PM",22200,,Loan Disbursed,
May-26,YT,DA Meta Ads,INST,DA-B14,17/05/2026,Pallavi Mehta,pallavi.mehta@yahoo.com,7388523372,Meera Pillai,YouTube,67999,"19/05/2026, 10:19 PM",22600,Auxilo,Pending,
May-26,ADS Referral,DA Meta Ads,FB,DA-B14,30/05/2026,Nikhil Hegde,nikhilhegde887@gmail.com,7864381695,Meera Pillai,YouTube,57999,"23/05/2026, 05:15 PM",14100,Self Finance,Paid,
May-26,ADS Referral,AI/ML Search Ads,SEM,AIML-B03,29/05/2026,Dhruv Patel,dhruv.patel856@yahoo.com,6081038961,Kavya Reddy,Meta Ads,82999,"27/05/2026, 02:57 PM",37800,Eduvanz,Refunded,
May-26,ADS,DM Meta Ads,FB,DM-B07,02/05/2026,Ananya Verma,ananya_verma300@yahoo.com,8808251457,Kavya Reddy,Referral,48999,"30/05/2026, 01:20 PM",11000,Self Finance,Paid,
May-26,YT,CS Search Ads,GADS,CS-B05,15/05/2026,Ananya Agarwal,ananya.agarwal@outlook.com,8842923853,Meera Pillai,Meta Ads,54999,"23/05/2026, 10:39 PM",12600,NBFC Direct,Paid,
May-26,YT,DM Meta Ads,INST,DM-B08,24/05/2026,Gaurav Verma,gauravverma224@gmail.com,6908084416,Meera Pillai,YouTube,35999,"20/05/2026, 09:25 AM",13700,Self Finance,Paid,
May-26,ADS,Gen AI Meta Ads,META,GENAI-B03,19/05/2026,Hemant Joshi,hemantjoshi@hotmail.com,9757408505,Arjun Nair,Organic,65999,"24/05/2026, 05:38 PM",25900,Self Finance,Paid,
May-26,ADS Referral,BA Meta Ads,INST,BA-B05,27/05/2026,Kritika Shah,kritika.shah@gmail.com,9107128594,Deepak Verma,YouTube,45999,"24/05/2026, 02:48 PM",12600,Auxilo,Paid,
May-26,ADS,DA Search Ads,GADS,DA-B14,05/05/2026,Meera Shah,meerashah@gmail.com,9080591035,Meera Pillai,YouTube,52999,"09/05/2026, 01:46 PM",24700,Propelld,Paid,
May-26,ADS Referral,DM Meta Ads,FB,DM-B07,18/05/2026,Uday Menon,udaymenon407@gmail.com,6612360249,Ananya Joshi,Meta Ads,43999,"16/05/2026, 08:37 PM",11800,,Paid,
May-26,YT,CS Search Ads,GADS,CS-B05,01/05/2026,Anjali Mehta,anjali_mehta@yahoo.com,9438910586,Kavya Reddy,Google Ads,57999,"30/05/2026, 01:49 PM",25100,Self Finance,Paid,
May-26,ADS Referral,DA Search Ads,GADS,DA-B13,24/05/2026,Sonia Jain,soniajain555@gmail.com,7288662859,Kavya Reddy,YouTube,64999,"27/05/2026, 02:13 PM",23100,Self Finance,Pending,
May-26,ADS,BA Meta Ads,INST,BA-B05,16/05/2026,Deepa Rajan,deepa.rajan@rediffmail.com,9032445687,Meera Pillai,Organic,53999,"16/05/2026, 10:09 AM",21500,Self Finance,Pending,
May-26,ADS,Gen AI Search Ads,SEM,GENAI-B03,30/05/2026,Sakshi Fernandes,sakshi_fernandes@yahoo.com,9701545393,Arjun Nair,YouTube,55999,"12/05/2026, 07:45 PM",24700,Self Finance,Paid,
May-26,ADS,DS Search Ads,GADS,DS-B10,26/05/2026,Manish Kumar,manishkumar@hotmail.com,8257571109,Ananya Joshi,Google Ads,69999,"31/05/2026, 02:13 PM",21500,,Pending,
May-26,ADS,DS Meta Ads,FB,DS-B10,16/05/2026,Bhavna Singh,bhavnasingh@yahoo.com,7188206309,Rahul Menon,Google Ads,65999,"31/05/2026, 09:19 PM",20000,,Loan Disbursed,
May-26,ADS,DA Search Ads,GADS,DA-B14,21/05/2026,Isha Bose,isha.bose995@gmail.com,9515044349,Ananya Joshi,Meta Ads,68999,"21/05/2026, 09:48 PM",24500,Self Finance,Partial,
May-26,ADS,Gen AI Search Ads,SEM,GENAI-B03,19/05/2026,Jaya Menon,jaya.menon788@yahoo.com,7110496394,Suresh Bhat,Organic,76999,"07/05/2026, 10:18 AM",17200,Eduvanz,Paid,
May-26,ADS Referral,DA Meta Ads,FB,DA-B12,22/05/2026,Dhruv Singh,dhruv_singh10@hotmail.com,7119560002,Deepak Verma,WhatsApp,58999,"19/05/2026, 10:11 PM",16300,,Pending,
May-26,ADS,DS Meta Ads,FB,DS-B09,07/05/2026,Chetan Singh,chetansingh702@gmail.com,8151489395,Priya Sharma,Google Ads,70999,"02/05/2026, 06:23 PM",22600,Auxilo,Partial,
May-26,ADS,AI/ML Search Ads,SEM,AIML-B02,01/05/2026,Divya Yadav,divya.yadav@outlook.com,6124091752,Suresh Bhat,YouTube,89999,"06/05/2026, 11:07 AM",24300,Eduvanz,Loan Disbursed,15/05/2026
May-26,ADS,Gen AI Meta Ads,META,GENAI-B03,14/05/2026,Meera Naidu,meeranaidu664@rediffmail.com,7631844505,Suresh Bhat,Google Ads,79999,"24/05/2026, 01:18 PM",22800,,Loan Disbursed,
May-26,ADS Referral,DM Meta Ads,FB,DM-B07,11/05/2026,Shruti Shetty,shruti.shetty@gmail.com,8534716326,Rahul Menon,YouTube,37999,"24/05/2026, 09:27 PM",17300,Eduvanz,Partial,
May-26,ADS,DM Meta Ads,META,DM-B07,13/05/2026,Sandeep Patel,sandeeppatel@yahoo.com,7259287536,Sneha Iyer,WhatsApp,37999,"29/05/2026, 09:56 PM",16300,Auxilo,Paid,
May-26,ADS,Gen AI Search Ads,GSN,GENAI-B03,11/05/2026,Geeta Iyer,geetaiyer@gmail.com,8773638045,Meera Pillai,Meta Ads,64999,"18/05/2026, 06:14 PM",22700,Auxilo,Pending,
May-26,YT Referral,BA Search Ads,GSN,BA-B05,12/05/2026,Rohan Bose,rohan_bose352@hotmail.com,7980411064,Rahul Menon,Google Ads,50999,"19/05/2026, 10:34 AM",23000,Self Finance,Paid,
May-26,YT,DS Meta Ads,META,DS-B09,27/05/2026,Gaurav Iyer,gaurav.iyer@yahoo.com,6117720383,Vikram Das,Referral,61999,"02/05/2026, 11:26 AM",21900,,Partial,
May-26,ADS,CS Search Ads,GSN,CS-B05,17/05/2026,Pradeep Pandey,pradeeppandey@rediffmail.com,9799022790,Sneha Iyer,YouTube,68999,"26/05/2026, 12:24 PM",32200,Self Finance,Paid,
May-26,ADS,DS Search Ads,SEM,DS-B09,03/05/2026,Jaya Pandey,jaya.pandey609@gmail.com,9556933890,Kavya Reddy,Email,76999,"08/05/2026, 02:25 PM",16200,Self Finance,Paid,
May-26,ADS,CS Search Ads,GSN,CS-B04,10/05/2026,Mohit Ghosh,mohit_ghosh@gmail.com,6440467465,Sneha Iyer,YouTube,51999,"23/05/2026, 06:22 PM",15200,NBFC Direct,Paid,
May-26,ADS,CS Search Ads,GSN,CS-B05,22/05/2026,Sakshi Iyer,sakshiiyer@gmail.com,6217441627,Sneha Iyer,Google Ads,65999,"15/05/2026, 08:32 PM",21300,Self Finance,Paid,
May-26,YT,CS Search Ads,GSN,CS-B04,21/05/2026,Deepa Bose,deepa_bose@rediffmail.com,7541943975,Meera Pillai,YouTube,51999,"19/05/2026, 11:10 AM",11000,Propelld,Paid,
May-26,ADS,Gen AI Search Ads,GSN,GENAI-B03,03/05/2026,Rohan Varma,rohanvarma@yahoo.com,9453569278,Ananya Joshi,Meta Ads,57999,"22/05/2026, 04:57 PM",22000,Self Finance,Paid,
May-26,YT Referral,DA Search Ads,GSN,DA-B12,23/05/2026,Arjun Agarwal,arjun_agarwal@hotmail.com,7069786397,Suresh Bhat,Google Ads,68999,"11/05/2026, 02:20 PM",21100,NBFC Direct,Paid,
May-26,ADS Referral,DS Search Ads,GADS,DS-B10,10/05/2026,Ishaan Agarwal,ishaan_agarwal@yahoo.com,8185235550,Vikram Das,Meta Ads,67999,"03/05/2026, 06:06 PM",31500,,Paid,
May-26,YT,BA Search Ads,GSN,BA-B05,20/05/2026,Harish Varma,harishvarma@gmail.com,9663393953,Deepak Verma,WhatsApp,50999,"13/05/2026, 12:21 PM",20000,Self Finance,Pending,
May-26,YT,DA Meta Ads,INST,DA-B14,25/05/2026,Lakshmi Chopra,lakshmichopra763@hotmail.com,7619617983,Vikram Das,Referral,53999,"28/05/2026, 08:33 PM",18700,Self Finance,Paid,
May-26,YT,Gen AI Meta Ads,FB,GENAI-B04,17/05/2026,Kritika Yadav,kritika.yadav@gmail.com,6117983229,Arjun Nair,WhatsApp,69999,"09/05/2026, 05:19 PM",14200,Self Finance,Pending,
May-26,YT,DA Meta Ads,META,DA-B13,07/05/2026,Aryan Das,aryandas439@hotmail.com,9954081503,Sneha Iyer,YouTube,67999,"27/05/2026, 06:52 PM",22700,Self Finance,Refunded,
May-26,ADS,Gen AI Search Ads,GSN,GENAI-B03,14/05/2026,Nandini Joshi,nandinijoshi95@rediffmail.com,7949649451,Priya Sharma,YouTube,67999,"10/05/2026, 10:16 PM",27700,Eduvanz,Loan Disbursed,12/05/2026
May-26,ADS,DM Meta Ads,META,DM-B07,06/05/2026,Vinay Singh,vinaysingh343@outlook.com,8967087694,Suresh Bhat,Referral,45999,"16/05/2026, 03:38 PM",17000,Self Finance,Paid,
May-26,ADS,CS Search Ads,GADS,CS-B05,04/05/2026,Uday Joshi,uday_joshi@rediffmail.com,6104159248,Kavya Reddy,YouTube,54999,"01/05/2026, 10:01 PM",19500,HDFC Credila,Loan Disbursed,16/05/2026
May-26,ADS,Gen AI Meta Ads,FB,GENAI-B03,18/05/2026,Bhavna Fernandes,bhavna.fernandes254@rediffmail.com,7610586512,Suresh Bhat,Meta Ads,55999,"18/05/2026, 02:37 PM",26200,,Paid,
May-26,YT,DA Search Ads,GADS,DA-B13,05/05/2026,Ananya Reddy,ananya_reddy437@gmail.com,6595707279,Sneha Iyer,YouTube,50999,"08/05/2026, 03:41 PM",18400,Self Finance,Paid,
May-26,ADS,DA Search Ads,GADS,DA-B13,01/05/2026,Priya Kumar,priyakumar@hotmail.com,6559587843,Suresh Bhat,Meta Ads,67999,"22/05/2026, 04:20 PM",13800,,Paid,
May-26,ADS Referral,BA Search Ads,GADS,BA-B05,17/05/2026,Rohan Nair,rohannair@outlook.com,6477732147,Ananya Joshi,Meta Ads,46999,"06/05/2026, 09:36 PM",22500,Self Finance,Partial,
May-26,ADS Referral,DA Search Ads,GADS,DA-B13,23/05/2026,Ishaan Kumar,ishaan.kumar@rediffmail.com,8374787915,Sneha Iyer,Meta Ads,65999,"05/05/2026, 10:41 AM",16000,,Pending,
May-26,YT,DA Meta Ads,INST,DA-B12,21/05/2026,Bhavna Jain,bhavnajain@yahoo.com,6613421874,Deepak Verma,Meta Ads,59999,"24/05/2026, 09:47 PM",15800,HDFC Credila,Pending,
May-26,ADS,DA Meta Ads,META,DA-B13,22/05/2026,Chetan Bose,chetan_bose125@yahoo.com,8878477970,Suresh Bhat,Organic,68999,"07/05/2026, 04:59 PM",14100,Propelld,Paid,
May-26,YT,Gen AI Meta Ads,META,GENAI-B04,08/05/2026,Dhruv Patel,dhruv.patel979@yahoo.com,7031094863,Priya Sharma,Organic,68999,"11/05/2026, 11:36 AM",22600,Self Finance,Partial,
May-26,ADS,CS Search Ads,GSN,CS-B05,10/05/2026,Kritika Rajan,kritikarajan528@gmail.com,6801614543,Rahul Menon,Meta Ads,65999,"14/05/2026, 09:39 PM",23800,,Pending,
May-26,ADS,DA Search Ads,GSN,DA-B14,16/05/2026,Rohit Iyer,rohit.iyer626@gmail.com,6906396786,Vikram Das,Meta Ads,64999,"29/05/2026, 03:05 PM",28300,Auxilo,Paid,
May-26,YT,DM Meta Ads,INST,DM-B07,02/05/2026,Ishaan Patel,ishaanpatel@hotmail.com,8712034897,Rahul Menon,Meta Ads,43999,"09/05/2026, 10:44 PM",17900,Self Finance,Partial,
May-26,ADS Referral,Gen AI Search Ads,GADS,GENAI-B04,10/05/2026,Swati Nair,swati_nair692@gmail.com,9351229981,Sneha Iyer,Meta Ads,74999,"01/05/2026, 05:05 PM",25800,Self Finance,Loan Disbursed,
May-26,YT Referral,DA Search Ads,GADS,DA-B14,12/05/2026,Isha Menon,isha_menon985@gmail.com,6803630086,Deepak Verma,YouTube,58999,"28/05/2026, 03:06 PM",20300,Eduvanz,Paid,
May-26,ADS,DA Meta Ads,FB,DA-B14,21/05/2026,Rahul Rajan,rahulrajan@outlook.com,7156149415,Priya Sharma,YouTube,52999,"12/05/2026, 01:29 PM",24500,NBFC Direct,Paid,
May-26,ADS,CS Search Ads,GADS,CS-B05,28/05/2026,Sandeep Ghosh,sandeep.ghosh108@rediffmail.com,9298000153,Suresh Bhat,Meta Ads,55999,"23/05/2026, 10:32 AM",25000,Self Finance,Paid,
May-26,ADS,DS Search Ads,GADS,DS-B10,05/05/2026,Gaurav Ghosh,gaurav.ghosh453@hotmail.com,6286363500,Meera Pillai,Google Ads,64999,"06/05/2026, 02:25 PM",31600,Self Finance,Paid,
May-26,YT,DM Meta Ads,FB,DM-B08,25/05/2026,Sandeep Chopra,sandeep.chopra@yahoo.com,8318978776,Vikram Das,Meta Ads,40999,"08/05/2026, 04:06 PM",8600,,Pending,
May-26,ADS,BA Search Ads,GADS,BA-B05,22/05/2026,Rohit Reddy,rohitreddy915@outlook.com,7177933583,Meera Pillai,Google Ads,56999,"15/05/2026, 01:29 PM",12000,Eduvanz,Partial,
May-26,YT Referral,DM Meta Ads,INST,DM-B07,17/05/2026,Rohit Kapoor,rohit.kapoor@outlook.com,9532875072,Sneha Iyer,YouTube,39999,"15/05/2026, 09:22 PM",12700,NBFC Direct,Paid,
May-26,ADS,DS Search Ads,SEM,DS-B10,02/05/2026,Aarav Chopra,aarav.chopra631@yahoo.com,9786801155,Deepak Verma,Meta Ads,82999,"16/05/2026, 06:56 PM",40100,Self Finance,Loan Disbursed,
May-26,ADS,Gen AI Search Ads,GADS,GENAI-B04,16/05/2026,Nikhil Iyer,nikhiliyer@hotmail.com,6561032232,Priya Sharma,Referral,70999,"21/05/2026, 11:32 AM",15900,Propelld,Paid,
May-26,YT,DS Meta Ads,FB,DS-B08,29/05/2026,Suresh Yadav,suresh.yadav653@hotmail.com,6257990441,Vikram Das,Google Ads,68999,"19/05/2026, 07:11 PM",30600,,Loan Disbursed,
May-26,ADS,AI/ML Search Ads,SEM,AIML-B02,27/05/2026,Aarav Patel,aarav_patel@rediffmail.com,8704126167,Priya Sharma,YouTube,67999,"14/05/2026, 11:03 AM",27700,Propelld,Partial,
May-26,ADS,DA Meta Ads,META,DA-B13,16/05/2026,Amit Tiwari,amittiwari@yahoo.com,9996795337,Kavya Reddy,Meta Ads,57999,"08/05/2026, 03:39 PM",17000,,Loan Disbursed,
May-26,ADS Referral,CS Search Ads,GADS,CS-B04,12/05/2026,Pallavi Joshi,pallavijoshi@yahoo.com,9935321580,Vikram Das,YouTube,62999,"06/05/2026, 02:41 PM",22700,Self Finance,Paid,
May-26,YT,DS Meta Ads,FB,DS-B08,08/05/2026,Tanvi Nair,tanvinair997@hotmail.com,8644475707,Arjun Nair,Meta Ads,66999,"04/05/2026, 09:48 AM",22400,HDFC Credila,Paid,
May-26,YT Referral,DM Meta Ads,META,DM-B07,14/05/2026,Aditya Nair,aditya.nair312@outlook.com,7833726487,Ananya Joshi,Meta Ads,48999,"28/05/2026, 05:31 PM",20900,,Paid,
May-26,ADS,DA Meta Ads,META,DA-B13,09/05/2026,Kavya Kumar,kavya_kumar@outlook.com,6619489962,Meera Pillai,Google Ads,62999,"05/05/2026, 04:34 PM",24600,Self Finance,Loan Disbursed,
May-26,ADS,DA Search Ads,GADS,DA-B12,19/05/2026,Rohan Joshi,rohan.joshi@hotmail.com,9228294720,Arjun Nair,Google Ads,51999,"08/05/2026, 01:32 PM",20200,Self Finance,Paid,
May-26,ADS,DM Meta Ads,INST,DM-B07,23/05/2026,Shruti Naidu,shruti_naidu@gmail.com,9071857862,Suresh Bhat,Google Ads,49999,"12/05/2026, 02:05 PM",14500,NBFC Direct,Partial,
May-26,ADS,DS Meta Ads,FB,DS-B08,29/05/2026,Tanvi Fernandes,tanvifernandes@outlook.com,8082168728,Meera Pillai,Meta Ads,76999,"31/05/2026, 12:05 PM",20800,Propelld,Paid,
May-26,YT,DA Meta Ads,META,DA-B14,24/05/2026,Aryan Joshi,aryan_joshi@rediffmail.com,6429740211,Ananya Joshi,Referral,63999,"11/05/2026, 01:46 PM",19400,Auxilo,Paid,
May-26,YT,Gen AI Search Ads,GSN,GENAI-B04,05/05/2026,Vijay Yadav,vijay_yadav534@rediffmail.com,9581975827,Kavya Reddy,Referral,61999,"04/05/2026, 10:15 AM",13200,Self Finance,Paid,
May-26,ADS,BA Search Ads,GADS,BA-B05,22/05/2026,Kavya Tiwari,kavya.tiwari@rediffmail.com,9736568343,Vikram Das,WhatsApp,50999,"18/05/2026, 05:57 PM",23200,Propelld,Paid,
May-26,ADS Referral,DS Meta Ads,META,DS-B10,21/05/2026,Chetan Reddy,chetanreddy@yahoo.com,6346821531,Sneha Iyer,YouTube,68999,"12/05/2026, 03:36 PM",20400,Eduvanz,Paid,
May-26,YT,CS Search Ads,GSN,CS-B05,30/05/2026,Vishal Iyer,vishaliyer@gmail.com,9807385981,Priya Sharma,YouTube,50999,"10/05/2026, 10:44 PM",15900,Self Finance,Paid,
May-26,YT Referral,DS Meta Ads,META,DS-B08,15/05/2026,Pooja Jain,poojajain@gmail.com,9091161272,Sneha Iyer,Organic,66999,"19/05/2026, 07:10 PM",23900,Eduvanz,Loan Disbursed,22/05/2026
May-26,ADS,BA Search Ads,GADS,BA-B05,09/05/2026,Anjali Reddy,anjali_reddy@rediffmail.com,9288216381,Vikram Das,Meta Ads,54999,"18/05/2026, 11:06 AM",19700,HDFC Credila,Paid,
May-26,YT Referral,BA Search Ads,GADS,BA-B06,01/05/2026,Rohit Shetty,rohit_shetty@hotmail.com,9832007552,Kavya Reddy,YouTube,54999,"02/05/2026, 05:53 PM",12800,Self Finance,Refunded,
May-26,YT,DA Search Ads,SEM,DA-B14,29/05/2026,Rohit Shetty,rohit_shetty@hotmail.com,9377212659,Meera Pillai,Organic,54999,"25/05/2026, 01:17 PM",13300,HDFC Credila,Partial,
May-26,YT,DA Search Ads,GSN,DA-B12,07/05/2026,Swati Agarwal,swati_agarwal@hotmail.com,9734472401,Sneha Iyer,Meta Ads,69999,"01/05/2026, 09:50 PM",16000,Self Finance,Paid,
May-26,ADS Referral,DS Meta Ads,META,DS-B08,05/05/2026,Jaya Menon,jayamenon629@yahoo.com,7252037339,Sneha Iyer,Meta Ads,71999,"29/05/2026, 10:38 AM",24100,,Paid,
May-26,ADS,Gen AI Search Ads,SEM,GENAI-B04,22/05/2026,Vishal Gupta,vishal_gupta582@rediffmail.com,9109642453,Arjun Nair,Meta Ads,64999,"12/05/2026, 09:52 AM",27200,Self Finance,Loan Disbursed,
May-26,ADS Referral,DA Meta Ads,FB,DA-B12,09/05/2026,Rahul Das,rahul_das@hotmail.com,6111374739,Kavya Reddy,Google Ads,51999,"28/05/2026, 01:27 PM",13100,Auxilo,Loan Disbursed,04/05/2026
May-26,ADS,DA Search Ads,SEM,DA-B14,28/05/2026,Rohit Gupta,rohit_gupta@hotmail.com,7221800584,Sneha Iyer,Meta Ads,50999,"06/05/2026, 10:25 PM",20400,Propelld,Loan Disbursed,28/05/2026
May-26,ADS,DA Search Ads,GADS,DA-B14,29/05/2026,Tanvi Rajan,tanvirajan945@yahoo.com,8243954504,Ananya Joshi,YouTube,53999,"01/05/2026, 09:56 PM",21700,Eduvanz,Partial,
May-26,ADS,CS Search Ads,GADS,CS-B05,30/05/2026,Kiran Menon,kiran_menon@rediffmail.com,9224563015,Meera Pillai,Meta Ads,66999,"12/05/2026, 09:20 AM",30700,NBFC Direct,Paid,
May-26,ADS,Gen AI Search Ads,GADS,GENAI-B04,11/05/2026,Uday Ghosh,uday_ghosh551@yahoo.com,6400221260,Deepak Verma,Google Ads,73999,"19/05/2026, 02:21 PM",20900,Self Finance,Pending,
May-26,ADS Referral,DS Meta Ads,META,DS-B09,19/05/2026,Geeta Pandey,geetapandey@rediffmail.com,8390273356,Ananya Joshi,WhatsApp,72999,"24/05/2026, 10:20 PM",26100,HDFC Credila,Paid,
May-26,YT Referral,DA Meta Ads,META,DA-B13,18/05/2026,Meera Shetty,meera.shetty712@yahoo.com,6105472460,Priya Sharma,YouTube,54999,"18/05/2026, 10:54 AM",19800,Auxilo,Paid,
May-26,ADS Referral,DS Search Ads,GSN,DS-B09,10/05/2026,Yash Menon,yashmenon811@yahoo.com,6572686482,Arjun Nair,Meta Ads,69999,"19/05/2026, 06:28 PM",27600,,Paid,
May-26,ADS Referral,BA Search Ads,GSN,BA-B05,25/05/2026,Suresh Tiwari,suresh.tiwari60@outlook.com,9313017303,Vikram Das,Google Ads,52999,"19/05/2026, 06:11 PM",21800,Propelld,Paid,
May-26,YT,Gen AI Meta Ads,META,GENAI-B04,25/05/2026,Kiran Murthy,kiranmurthy289@outlook.com,7348166943,Suresh Bhat,Meta Ads,56999,"31/05/2026, 07:31 PM",21300,HDFC Credila,Partial,
May-26,ADS,DA Search Ads,GSN,DA-B13,24/05/2026,Kritika Gupta,kritika.gupta@rediffmail.com,7958368366,Priya Sharma,Meta Ads,60999,"16/05/2026, 04:03 PM",26400,Self Finance,Partial,
May-26,YT,Gen AI Meta Ads,FB,GENAI-B03,05/05/2026,Gaurav Patel,gauravpatel@yahoo.com,9416995985,Meera Pillai,Meta Ads,72999,"01/05/2026, 01:49 PM",17900,,Paid,
May-26,ADS,Gen AI Meta Ads,FB,GENAI-B03,31/05/2026,Kavya Murthy,kavya_murthy@rediffmail.com,9696078575,Ananya Joshi,Google Ads,78999,"18/05/2026, 12:56 PM",37400,Self Finance,Paid,
May-26,YT,DA Meta Ads,META,DA-B12,23/05/2026,Vishal Rao,vishal_rao405@yahoo.com,9417382456,Ananya Joshi,Meta Ads,63999,"07/05/2026, 10:02 AM",31500,Self Finance,Loan Disbursed,
May-26,ADS,DS Search Ads,GSN,DS-B10,11/05/2026,Anjali Bose,anjali.bose454@yahoo.com,6661550675,Ananya Joshi,Google Ads,68999,"04/05/2026, 11:51 AM",33400,Eduvanz,Paid,
May-26,ADS,BA Search Ads,GADS,BA-B05,06/05/2026,Shruti Shah,shruti_shah966@rediffmail.com,7270377998,Ananya Joshi,YouTube,51999,"21/05/2026, 02:17 PM",12300,,Loan Disbursed,
May-26,YT,Gen AI Search Ads,SEM,GENAI-B03,17/05/2026,Bhavna Ghosh,bhavna.ghosh13@yahoo.com,6824638815,Deepak Verma,Google Ads,68999,"26/05/2026, 03:14 PM",20100,Self Finance,Paid,
May-26,YT,DA Search Ads,GADS,DA-B13,12/05/2026,Anjali Yadav,anjali.yadav@rediffmail.com,6546492282,Arjun Nair,Meta Ads,56999,"27/05/2026, 07:28 PM",20800,Propelld,Partial,
May-26,ADS,Gen AI Meta Ads,FB,GENAI-B04,16/05/2026,Suresh Jain,sureshjain@gmail.com,6559210756,Ananya Joshi,Meta Ads,75999,"17/05/2026, 06:35 PM",19300,Self Finance,Partial,
May-26,ADS,DS Search Ads,GADS,DS-B09,04/05/2026,Kavya Kumar,kavya.kumar89@hotmail.com,7927200218,Sneha Iyer,Meta Ads,82999,"04/05/2026, 03:43 PM",23100,HDFC Credila,Paid,
May-26,ADS,AI/ML Search Ads,SEM,AIML-B03,11/05/2026,Akash Desai,akash.desai648@rediffmail.com,6789539436,Sneha Iyer,Organic,72999,"16/05/2026, 12:10 PM",31100,Self Finance,Loan Disbursed,
May-26,ADS,DA Meta Ads,INST,DA-B13,31/05/2026,Esha Sharma,eshasharma@gmail.com,7830670836,Deepak Verma,Google Ads,67999,"04/05/2026, 03:00 PM",28300,Self Finance,Paid,
May-26,ADS,CS Search Ads,GSN,CS-B04,09/05/2026,Deepak Menon,deepakmenon@rediffmail.com,9070287056,Sneha Iyer,YouTube,67999,"29/05/2026, 01:34 PM",27000,Self Finance,Loan Disbursed,
May-26,YT,BA Search Ads,GADS,BA-B06,29/05/2026,Sandeep Sharma,sandeep.sharma@outlook.com,8970150059,Kavya Reddy,Meta Ads,51999,"09/05/2026, 04:07 PM",15500,Auxilo,Paid,
May-26,ADS Referral,DS Meta Ads,FB,DS-B10,20/05/2026,Sandeep Singh,sandeep_singh221@rediffmail.com,7969027804,Priya Sharma,YouTube,70999,"30/05/2026, 02:01 PM",27000,HDFC Credila,Partial,
May-26,ADS Referral,Gen AI Search Ads,GSN,GENAI-B03,20/05/2026,Hemant Fernandes,hemant.fernandes866@gmail.com,9345057500,Deepak Verma,YouTube,56999,"11/05/2026, 01:11 PM",13900,Eduvanz,Paid,
May-26,YT,BA Meta Ads,INST,BA-B05,06/05/2026,Sandeep Mehta,sandeepmehta529@gmail.com,6990831177,Suresh Bhat,Google Ads,48999,"16/05/2026, 09:02 AM",23400,Propelld,Loan Disbursed,05/05/2026
May-26,ADS,DA Meta Ads,FB,DA-B13,17/05/2026,Kavya Bose,kavyabose598@outlook.com,8013479602,Arjun Nair,Meta Ads,65999,"12/05/2026, 10:04 PM",21900,Self Finance,Partial,
May-26,ADS,DS Meta Ads,META,DS-B08,12/05/2026,Anjali Singh,anjali_singh@hotmail.com,9634215588,Ananya Joshi,Google Ads,84999,"05/05/2026, 09:21 AM",28100,Self Finance,Paid,
May-26,ADS Referral,Gen AI Search Ads,GSN,GENAI-B04,19/05/2026,Kiran Kapoor,kiran_kapoor95@hotmail.com,6923812916,Meera Pillai,YouTube,71999,"16/05/2026, 08:57 PM",23300,,Paid,
May-26,YT,Gen AI Meta Ads,META,GENAI-B04,11/05/2026,Priya Jain,priyajain384@yahoo.com,8030203465,Kavya Reddy,WhatsApp,59999,"28/05/2026, 12:11 PM",24400,Self Finance,Partial,
May-26,ADS,DA Meta Ads,INST,DA-B12,01/05/2026,Rohan Shetty,rohan_shetty@gmail.com,7005825503,Kavya Reddy,Meta Ads,52999,"17/05/2026, 12:05 PM",23100,Self Finance,Partial,
May-26,ADS,DA Search Ads,GADS,DA-B13,18/05/2026,Isha Bose,ishabose@rediffmail.com,9298783194,Suresh Bhat,Google Ads,55999,"16/05/2026, 12:39 PM",12600,Propelld,Paid,
May-26,ADS,DA Search Ads,SEM,DA-B13,13/05/2026,Meera Naidu,meeranaidu@gmail.com,6249984221,Deepak Verma,YouTube,55999,"07/05/2026, 11:06 AM",20200,Self Finance,Partial,
May-26,ADS,AI/ML Search Ads,GSN,AIML-B03,24/05/2026,Bhavna Rao,bhavnarao128@yahoo.com,7188560292,Meera Pillai,Referral,76999,"12/05/2026, 05:18 PM",33800,NBFC Direct,Partial,
May-26,ADS,DA Search Ads,GADS,DA-B13,12/05/2026,Tanvi Fernandes,tanvifernandes@rediffmail.com,7182820704,Meera Pillai,YouTube,61999,"03/05/2026, 03:16 PM",13100,Self Finance,Paid,
May-26,YT Referral,DM Meta Ads,INST,DM-B07,11/05/2026,Pooja Yadav,pooja.yadav647@hotmail.com,8845304539,Deepak Verma,Google Ads,49999,"27/05/2026, 11:07 AM",16600,Eduvanz,Paid,
May-26,YT Referral,Gen AI Meta Ads,META,GENAI-B04,28/05/2026,Nikhil Shetty,nikhilshetty632@hotmail.com,7713348415,Meera Pillai,YouTube,75999,"14/05/2026, 11:40 AM",21600,Eduvanz,Paid,
May-26,ADS,DS Meta Ads,META,DS-B10,22/05/2026,Hemant Iyer,hemant_iyer282@gmail.com,8221228490,Deepak Verma,Organic,81999,"22/05/2026, 01:53 PM",21000,HDFC Credila,Pending,
May-26,ADS,BA Search Ads,GSN,BA-B05,02/05/2026,Yash Varma,yash_varma@rediffmail.com,8763812876,Ananya Joshi,Meta Ads,56999,"04/05/2026, 06:05 PM",17900,Self Finance,Partial,
May-26,ADS,Gen AI Meta Ads,FB,GENAI-B04,23/05/2026,Sonia Menon,sonia_menon@hotmail.com,8417870565,Kavya Reddy,YouTube,65999,"17/05/2026, 05:18 PM",28200,Eduvanz,Paid,
May-26,YT,BA Meta Ads,META,BA-B05,10/05/2026,Aarav Naidu,aarav.naidu@outlook.com,6737828709,Kavya Reddy,Google Ads,59999,"18/05/2026, 12:37 PM",19700,Auxilo,Paid,
May-26,YT,CS Search Ads,GADS,CS-B05,15/05/2026,Geeta Singh,geetasingh847@gmail.com,6205887290,Ananya Joshi,Meta Ads,65999,"24/05/2026, 10:14 AM",15800,Eduvanz,Paid,
May-26,ADS,BA Search Ads,GADS,BA-B06,04/05/2026,Sonia Agarwal,sonia.agarwal@outlook.com,8821347128,Deepak Verma,Email,53999,"22/05/2026, 05:35 PM",24000,Eduvanz,Paid,
May-26,YT,DS Meta Ads,META,DS-B10,03/05/2026,Deepa Verma,deepaverma@hotmail.com,7477042453,Sneha Iyer,Meta Ads,71999,"01/05/2026, 08:54 PM",29100,Eduvanz,Partial,
May-26,ADS,DA Meta Ads,INST,DA-B13,08/05/2026,Ravi Shetty,ravi.shetty@gmail.com,7093096100,Priya Sharma,YouTube,63999,"31/05/2026, 07:25 PM",17900,,Paid,
May-26,YT Referral,BA Search Ads,GADS,BA-B05,27/05/2026,Hemant Menon,hemant.menon976@outlook.com,6335158007,Kavya Reddy,Referral,48999,"23/05/2026, 05:03 PM",10300,,Refunded,
May-26,YT Referral,DS Meta Ads,FB,DS-B10,24/05/2026,Anjali Patel,anjali_patel612@yahoo.com,8057480799,Ananya Joshi,YouTube,64999,"20/05/2026, 05:44 PM",29000,HDFC Credila,Partial,
May-26,YT,DM Meta Ads,META,DM-B07,28/05/2026,Suresh Rajan,suresh_rajan211@hotmail.com,6482431654,Suresh Bhat,YouTube,37999,"19/05/2026, 06:34 PM",18000,Self Finance,Partial,
May-26,YT,BA Meta Ads,INST,BA-B05,14/05/2026,Akash Kumar,akashkumar@yahoo.com,8356186282,Priya Sharma,Google Ads,46999,"07/05/2026, 11:04 AM",15100,Self Finance,Pending,
May-26,ADS,AI/ML Search Ads,SEM,AIML-B02,01/05/2026,Karan Nair,karan_nair999@rediffmail.com,7139331855,Priya Sharma,Meta Ads,67999,"19/05/2026, 09:31 AM",30500,Eduvanz,Paid,
May-26,ADS,DA Meta Ads,META,DA-B12,23/05/2026,Vishal Murthy,vishal.murthy47@hotmail.com,6741644057,Priya Sharma,Meta Ads,58999,"29/05/2026, 07:04 PM",12600,Auxilo,Loan Disbursed,03/05/2026
May-26,YT,BA Meta Ads,META,BA-B05,24/05/2026,Jaya Ghosh,jaya_ghosh145@hotmail.com,8480549449,Deepak Verma,Google Ads,49999,"11/05/2026, 10:42 PM",13900,Auxilo,Paid,
May-26,ADS,DA Meta Ads,INST,DA-B13,07/05/2026,Manish Hegde,manishhegde@rediffmail.com,8557551845,Priya Sharma,YouTube,59999,"02/05/2026, 11:16 AM",14900,Self Finance,Pending,
May-26,ADS,DM Meta Ads,FB,DM-B07,07/05/2026,Ananya Pandey,ananya.pandey469@gmail.com,6585656023,Deepak Verma,Organic,46999,"16/05/2026, 09:33 PM",17100,Self Finance,Loan Disbursed,
May-26,ADS,DA Search Ads,SEM,DA-B13,06/05/2026,Deepak Ghosh,deepakghosh@gmail.com,8651799604,Vikram Das,YouTube,69999,"09/05/2026, 12:45 PM",26200,,Paid,
May-26,ADS,BA Search Ads,GADS,BA-B05,06/05/2026,Priya Sharma,priya_sharma612@gmail.com,7853358380,Rahul Menon,YouTube,59999,"14/05/2026, 06:27 PM",24900,Self Finance,Paid,
May-26,ADS,Gen AI Meta Ads,FB,GENAI-B04,30/05/2026,Rahul Sharma,rahulsharma142@outlook.com,9354488199,Suresh Bhat,Google Ads,64999,"08/05/2026, 10:29 PM",20400,Self Finance,Paid,
May-26,YT,DA Meta Ads,META,DA-B12,01/05/2026,Dhruv Naidu,dhruvnaidu753@rediffmail.com,8447637840,Ananya Joshi,Meta Ads,59999,"20/05/2026, 09:53 AM",15900,Propelld,Paid,
May-26,YT,DA Meta Ads,META,DA-B14,20/05/2026,Aarav Pandey,aarav_pandey@hotmail.com,6202136733,Suresh Bhat,YouTube,56999,"21/05/2026, 03:08 PM",20300,Self Finance,Loan Disbursed,
May-26,YT,Gen AI Search Ads,GSN,GENAI-B03,10/05/2026,Pooja Rajan,pooja.rajan846@outlook.com,7910307885,Sneha Iyer,Meta Ads,72999,"08/05/2026, 03:00 PM",26200,Propelld,Refunded,
May-26,ADS,DA Search Ads,GADS,DA-B12,02/05/2026,Pradeep Nair,pradeep_nair457@hotmail.com,7164296073,Ananya Joshi,Google Ads,68999,"18/05/2026, 07:48 PM",18000,Auxilo,Partial,
May-26,ADS,DM Meta Ads,FB,DM-B08,24/05/2026,Ishaan Sharma,ishaan_sharma387@hotmail.com,6104628871,Arjun Nair,Organic,47999,"09/05/2026, 04:56 PM",21800,HDFC Credila,Partial,
May-26,ADS Referral,DA Meta Ads,INST,DA-B13,28/05/2026,Chetan Ghosh,chetan_ghosh@hotmail.com,8497737100,Meera Pillai,Referral,57999,"02/05/2026, 12:34 PM",17400,Self Finance,Paid,
May-26,ADS,BA Meta Ads,INST,BA-B06,18/05/2026,Yash Hegde,yash.hegde@rediffmail.com,7761539799,Ananya Joshi,Meta Ads,59999,"14/05/2026, 10:31 AM",17200,Propelld,Loan Disbursed,11/05/2026
May-26,ADS,CS Search Ads,GADS,CS-B04,01/05/2026,Pallavi Shetty,pallavi.shetty488@yahoo.com,7345744343,Meera Pillai,Meta Ads,52999,"24/05/2026, 10:04 AM",17700,Eduvanz,Paid,
May-26,YT,DS Search Ads,SEM,DS-B10,03/05/2026,Shruti Kumar,shruti.kumar916@hotmail.com,8958198267,Priya Sharma,Google Ads,78999,"18/05/2026, 05:38 PM",20200,Self Finance,Paid,
May-26,ADS Referral,Gen AI Search Ads,GADS,GENAI-B03,01/05/2026,Deepak Fernandes,deepakfernandes809@hotmail.com,9666011841,Suresh Bhat,Meta Ads,57999,"27/05/2026, 09:59 AM",20900,Propelld,Pending,
May-26,ADS Referral,DM Meta Ads,INST,DM-B08,04/05/2026,Uday Pillai,udaypillai909@outlook.com,8469910915,Vikram Das,Referral,36999,"02/05/2026, 02:38 PM",10800,Eduvanz,Partial,
May-26,ADS,DA Meta Ads,FB,DA-B14,30/05/2026,Nikhil Patel,nikhil_patel659@hotmail.com,9203380902,Suresh Bhat,Google Ads,52999,"16/05/2026, 07:24 PM",22600,Self Finance,Loan Disbursed,
May-26,ADS,BA Meta Ads,META,BA-B06,07/05/2026,Aarav Rao,aarav.rao@yahoo.com,8710522379,Deepak Verma,YouTube,51999,"11/05/2026, 03:04 PM",22000,,Paid,
May-26,ADS,Gen AI Search Ads,GADS,GENAI-B04,01/05/2026,Kritika Varma,kritika.varma@hotmail.com,8251899657,Meera Pillai,Google Ads,55999,"30/05/2026, 08:02 PM",14600,,Paid,
May-26,YT,DA Search Ads,SEM,DA-B12,21/05/2026,Gaurav Mehta,gaurav.mehta@outlook.com,6271148531,Kavya Reddy,Organic,56999,"12/05/2026, 06:53 PM",13500,Self Finance,Paid,
May-26,ADS,Gen AI Meta Ads,FB,GENAI-B04,23/05/2026,Jaya Joshi,jayajoshi377@rediffmail.com,8233572920,Deepak Verma,Referral,61999,"16/05/2026, 01:03 PM",28200,Self Finance,Partial,
May-26,ADS,AI/ML Search Ads,GSN,AIML-B02,15/05/2026,Sneha Hegde,sneha.hegde@rediffmail.com,9717352939,Sneha Iyer,Organic,82999,"07/05/2026, 06:57 PM",34800,Self Finance,Loan Disbursed,
May-26,ADS,DA Search Ads,SEM,DA-B14,14/05/2026,Priya Agarwal,priya.agarwal441@outlook.com,9775225214,Suresh Bhat,Google Ads,55999,"07/05/2026, 09:30 AM",24200,NBFC Direct,Paid,
May-26,ADS,Gen AI Meta Ads,FB,GENAI-B04,31/05/2026,Uday Desai,udaydesai74@outlook.com,8281391900,Sneha Iyer,Meta Ads,77999,"24/05/2026, 01:32 PM",16500,Auxilo,Paid,
May-26,ADS,DA Search Ads,GSN,DA-B13,31/05/2026,Ishaan Reddy,ishaan.reddy@gmail.com,9710584721,Meera Pillai,YouTube,67999,"27/05/2026, 01:54 PM",23300,Self Finance,Paid,
May-26,YT,DM Meta Ads,META,DM-B08,23/05/2026,Pallavi Mehta,pallavimehta@rediffmail.com,9901299748,Ananya Joshi,Google Ads,41999,"25/05/2026, 05:18 PM",19100,Self Finance,Paid,
May-26,ADS Referral,DA Search Ads,GADS,DA-B13,29/05/2026,Ananya Shah,ananya_shah169@hotmail.com,8579479137,Suresh Bhat,Google Ads,57999,"14/05/2026, 07:23 PM",23900,Self Finance,Pending,
May-26,ADS Referral,Gen AI Search Ads,GSN,GENAI-B04,22/05/2026,Vijay Verma,vijay.verma@yahoo.com,9791181827,Priya Sharma,Google Ads,79999,"17/05/2026, 02:35 PM",18500,Self Finance,Paid,
May-26,ADS Referral,DA Meta Ads,INST,DA-B12,18/05/2026,Shruti Chopra,shruti.chopra400@rediffmail.com,7581206395,Suresh Bhat,Meta Ads,68999,"28/05/2026, 05:11 PM",23600,Self Finance,Loan Disbursed,
May-26,ADS,CS Search Ads,GSN,CS-B04,25/05/2026,Tanvi Nair,tanvi.nair@gmail.com,8408083989,Deepak Verma,Meta Ads,54999,"31/05/2026, 09:57 AM",16800,Self Finance,Paid,
May-26,ADS,DA Meta Ads,META,DA-B12,13/05/2026,Pooja Shah,pooja_shah737@yahoo.com,8621017115,Arjun Nair,Email,67999,"27/05/2026, 06:33 PM",16500,Propelld,Pending,
May-26,ADS,AI/ML Search Ads,SEM,AIML-B02,15/05/2026,Arjun Fernandes,arjun.fernandes@hotmail.com,9682255984,Deepak Verma,Referral,78999,"22/05/2026, 02:02 PM",27600,,Paid,
May-26,YT Referral,DA Meta Ads,INST,DA-B14,02/05/2026,Deepak Murthy,deepak_murthy729@outlook.com,8876675295,Rahul Menon,YouTube,51999,"12/05/2026, 09:05 PM",21900,Self Finance,Pending,
May-26,ADS Referral,DA Meta Ads,INST,DA-B14,20/05/2026,Dhruv Tiwari,dhruv_tiwari974@rediffmail.com,7910970488,Arjun Nair,Meta Ads,55999,"11/05/2026, 09:14 AM",20100,Self Finance,Paid,
May-26,YT,Gen AI Search Ads,GADS,GENAI-B04,25/05/2026,Dhruv Naidu,dhruvnaidu@gmail.com,8160974798,Rahul Menon,Organic,73999,"13/05/2026, 08:49 PM",24900,Auxilo,Paid,
May-26,YT,DA Search Ads,GSN,DA-B14,19/05/2026,Aditya Bose,adityabose794@hotmail.com,7381066551,Priya Sharma,YouTube,50999,"09/05/2026, 02:23 PM",10500,Self Finance,Paid,
May-26,ADS,DA Search Ads,SEM,DA-B14,02/05/2026,Anjali Patel,anjalipatel@hotmail.com,6268943204,Arjun Nair,Google Ads,66999,"19/05/2026, 01:26 PM",24500,Auxilo,Paid,
May-26,ADS,Gen AI Search Ads,GSN,GENAI-B04,16/05/2026,Akash Agarwal,akash_agarwal@gmail.com,9738577476,Meera Pillai,YouTube,63999,"20/05/2026, 07:16 PM",13500,,Loan Disbursed,
May-26,YT,DS Meta Ads,FB,DS-B08,15/05/2026,Suresh Iyer,suresh.iyer@yahoo.com,8116571111,Kavya Reddy,Organic,61999,"25/05/2026, 04:56 PM",22500,Propelld,Paid,
May-26,ADS,Gen AI Meta Ads,META,GENAI-B04,26/05/2026,Vishal Patel,vishal_patel281@rediffmail.com,9133744228,Ananya Joshi,Google Ads,68999,"31/05/2026, 07:19 PM",27900,Self Finance,Paid,
May-26,YT,DS Meta Ads,FB,DS-B09,25/05/2026,Rohan Fernandes,rohan.fernandes648@gmail.com,8600842097,Priya Sharma,Google Ads,73999,"31/05/2026, 02:20 PM",27900,HDFC Credila,Paid,
May-26,ADS,DA Search Ads,GADS,DA-B12,22/05/2026,Kavya Naidu,kavyanaidu@gmail.com,9549378750,Vikram Das,Referral,66999,"14/05/2026, 03:22 PM",26000,Self Finance,Partial,
May-26,YT,BA Search Ads,GSN,BA-B06,18/05/2026,Kritika Singh,kritika_singh@gmail.com,6359106831,Sneha Iyer,Meta Ads,53999,"22/05/2026, 10:30 AM",22900,HDFC Credila,Paid,
May-26,ADS,AI/ML Search Ads,GSN,AIML-B02,28/05/2026,Lakshmi Kumar,lakshmikumar855@rediffmail.com,6765374343,Ananya Joshi,YouTube,75999,"08/05/2026, 03:02 PM",29900,Self Finance,Refunded,
May-26,ADS,Gen AI Meta Ads,META,GENAI-B03,23/05/2026,Ishaan Patel,ishaan_patel9@hotmail.com,8789013090,Vikram Das,Email,55999,"27/05/2026, 12:44 PM",15500,Self Finance,Paid,
May-26,YT,BA Meta Ads,META,BA-B05,14/05/2026,Aditya Rajan,adityarajan200@yahoo.com,6512734505,Deepak Verma,YouTube,49999,"22/05/2026, 09:45 AM",23900,Auxilo,Partial,
May-26,YT Referral,BA Meta Ads,INST,BA-B05,21/05/2026,Deepa Rajan,deeparajan834@yahoo.com,7297493526,Meera Pillai,Google Ads,45999,"29/05/2026, 06:33 PM",17500,Self Finance,Loan Disbursed,
May-26,ADS Referral,DS Search Ads,GSN,DS-B09,06/05/2026,Harish Varma,harishvarma@yahoo.com,8732716463,Rahul Menon,Google Ads,79999,"19/05/2026, 01:56 PM",17600,NBFC Direct,Paid,
May-26,YT,BA Meta Ads,INST,BA-B06,05/05/2026,Dhruv Jain,dhruv.jain918@outlook.com,7240649170,Arjun Nair,WhatsApp,52999,"24/05/2026, 03:20 PM",22600,Auxilo,Loan Disbursed,22/05/2026
May-26,YT,DA Search Ads,GADS,DA-B12,13/05/2026,Varun Naidu,varun.naidu426@rediffmail.com,8166928911,Meera Pillai,Email,66999,"08/05/2026, 02:25 PM",25100,Auxilo,Pending,
May-26,ADS Referral,DM Meta Ads,META,DM-B08,07/05/2026,Aarav Kumar,aarav_kumar@hotmail.com,8681080411,Suresh Bhat,Google Ads,36999,"20/05/2026, 11:17 AM",16800,,Pending,
May-26,ADS,DS Meta Ads,META,DS-B09,21/05/2026,Priya Kumar,priya_kumar614@gmail.com,9696582233,Deepak Verma,Meta Ads,64999,"11/05/2026, 08:12 PM",29900,Self Finance,Paid,
May-26,ADS,Gen AI Meta Ads,FB,GENAI-B03,26/05/2026,Vinay Shah,vinay_shah739@outlook.com,9283594959,Sneha Iyer,Meta Ads,62999,"08/05/2026, 10:30 PM",14400,Self Finance,Paid,
May-26,ADS,DA Search Ads,SEM,DA-B12,06/05/2026,Manish Menon,manishmenon@rediffmail.com,8943293437,Meera Pillai,Referral,55999,"15/05/2026, 02:25 PM",23300,Self Finance,Paid,
May-26,ADS,Gen AI Meta Ads,FB,GENAI-B04,23/05/2026,Vishal Gupta,vishal_gupta@outlook.com,8128235104,Deepak Verma,Meta Ads,68999,"28/05/2026, 09:51 AM",15900,Eduvanz,Paid,
May-26,ADS,DA Meta Ads,META,DA-B14,21/05/2026,Ishaan Joshi,ishaan.joshi@yahoo.com,9196870498,Deepak Verma,Meta Ads,55999,"25/05/2026, 03:35 PM",16000,Self Finance,Partial,
May-26,ADS,DA Search Ads,SEM,DA-B12,10/05/2026,Deepa Shah,deepa.shah280@gmail.com,7169837724,Ananya Joshi,Google Ads,55999,"31/05/2026, 11:37 AM",22600,Propelld,Paid,
May-26,ADS Referral,Gen AI Search Ads,GADS,GENAI-B04,11/05/2026,Arjun Patel,arjun_patel@rediffmail.com,8494837610,Rahul Menon,YouTube,55999,"10/05/2026, 10:08 PM",27200,Auxilo,Paid,
May-26,YT Referral,DA Meta Ads,FB,DA-B12,02/05/2026,Rohit Verma,rohit.verma@gmail.com,7368076123,Suresh Bhat,WhatsApp,60999,"31/05/2026, 10:09 PM",21700,Propelld,Paid,
May-26,YT Referral,DA Meta Ads,INST,DA-B12,29/05/2026,Pallavi Chopra,pallavi_chopra179@gmail.com,8938957693,Suresh Bhat,Google Ads,62999,"09/05/2026, 01:21 PM",29700,Self Finance,Loan Disbursed,
May-26,ADS Referral,DA Search Ads,GADS,DA-B12,31/05/2026,Varun Singh,varunsingh@outlook.com,6001092841,Deepak Verma,Google Ads,60999,"06/05/2026, 08:22 PM",18700,Self Finance,Paid,
May-26,ADS,DA Meta Ads,FB,DA-B12,20/05/2026,Ishaan Chopra,ishaanchopra820@hotmail.com,8049852057,Suresh Bhat,YouTube,66999,"13/05/2026, 05:25 PM",30000,Self Finance,Pending,
May-26,YT Referral,DA Search Ads,GSN,DA-B13,24/05/2026,Pradeep Singh,pradeepsingh472@outlook.com,7114592633,Vikram Das,Meta Ads,66999,"12/05/2026, 09:27 PM",23600,Propelld,Paid,
May-26,YT Referral,DS Search Ads,GADS,DS-B08,06/05/2026,Hemant Pillai,hemantpillai793@outlook.com,7693350416,Rahul Menon,Referral,64999,"18/05/2026, 05:22 PM",30700,NBFC Direct,Paid,
May-26,ADS Referral,BA Search Ads,GADS,BA-B06,04/05/2026,Esha Menon,esha.menon@rediffmail.com,6781356275,Suresh Bhat,Organic,49999,"17/05/2026, 12:43 PM",18600,Self Finance,Paid,
May-26,YT,CS Search Ads,GSN,CS-B04,31/05/2026,Sahil Singh,sahilsingh750@yahoo.com,7297279399,Priya Sharma,Meta Ads,68999,"25/05/2026, 02:25 PM",20900,,Paid,
May-26,YT,DM Meta Ads,INST,DM-B08,30/05/2026,Aryan Gupta,aryangupta@outlook.com,6881241091,Priya Sharma,Meta Ads,49999,"03/05/2026, 10:03 PM",10900,HDFC Credila,Pending,
May-26,ADS,DS Meta Ads,FB,DS-B09,01/05/2026,Shruti Singh,shruti_singh@hotmail.com,6922269257,Vikram Das,YouTube,78999,"02/05/2026, 03:59 PM",30700,Propelld,Paid,
May-26,YT,DS Meta Ads,FB,DS-B10,10/05/2026,Sahil Fernandes,sahil.fernandes125@yahoo.com,6607615387,Vikram Das,Google Ads,71999,"28/05/2026, 09:27 AM",16200,Self Finance,Loan Disbursed,
May-26,YT,DA Meta Ads,INST,DA-B14,21/05/2026,Aryan Agarwal,aryan_agarwal@gmail.com,7789573835,Deepak Verma,Meta Ads,51999,"04/05/2026, 04:15 PM",18000,Self Finance,Pending,
May-26,YT Referral,Gen AI Meta Ads,FB,GENAI-B04,10/05/2026,Vijay Varma,vijayvarma@yahoo.com,7441062191,Rahul Menon,Email,68999,"20/05/2026, 04:57 PM",22500,HDFC Credila,Paid,
May-26,YT,Gen AI Meta Ads,FB,GENAI-B03,06/05/2026,Rahul Pillai,rahul_pillai440@outlook.com,6708426618,Vikram Das,WhatsApp,62999,"25/05/2026, 08:30 PM",14600,Self Finance,Paid,
May-26,YT,DS Search Ads,GSN,DS-B08,31/05/2026,Sneha Iyer,sneha.iyer611@gmail.com,6780934802,Kavya Reddy,Referral,63999,"23/05/2026, 06:03 PM",24100,Self Finance,Paid,
May-26,YT,CS Search Ads,GSN,CS-B04,15/05/2026,Rohan Jain,rohan_jain959@gmail.com,8279760450,Rahul Menon,WhatsApp,57999,"05/05/2026, 05:00 PM",25700,Self Finance,Pending,
May-26,ADS Referral,DA Meta Ads,INST,DA-B12,29/05/2026,Kavya Fernandes,kavya_fernandes@hotmail.com,6477734087,Suresh Bhat,Email,50999,"22/05/2026, 09:11 PM",24300,Auxilo,Paid,
May-26,YT,DA Search Ads,GADS,DA-B12,23/05/2026,Lakshmi Nair,lakshminair@gmail.com,9091350950,Priya Sharma,Organic,68999,"06/05/2026, 10:58 PM",32300,,Partial,
May-26,ADS,DA Meta Ads,META,DA-B12,08/05/2026,Rohit Patel,rohitpatel812@rediffmail.com,6400502630,Rahul Menon,Google Ads,69999,"22/05/2026, 12:41 PM",18500,Self Finance,Loan Disbursed,
May-26,ADS,Gen AI Search Ads,GSN,GENAI-B03,16/05/2026,Bhavna Chopra,bhavnachopra@outlook.com,6654901477,Sneha Iyer,WhatsApp,77999,"07/05/2026, 06:26 PM",29600,Self Finance,Partial,
May-26,ADS Referral,DS Search Ads,GADS,DS-B10,30/05/2026,Isha Kapoor,isha.kapoor676@rediffmail.com,8111017486,Rahul Menon,Meta Ads,78999,"15/05/2026, 01:23 PM",35300,Propelld,Paid,
May-26,YT,CS Search Ads,GADS,CS-B04,22/05/2026,Yash Jain,yash.jain838@hotmail.com,9018180783,Meera Pillai,Meta Ads,51999,"29/05/2026, 02:15 PM",14300,HDFC Credila,Partial,
May-26,ADS Referral,DA Search Ads,GADS,DA-B12,19/05/2026,Amit Singh,amit.singh@gmail.com,8800402198,Deepak Verma,Referral,68999,"29/05/2026, 10:13 PM",21700,Self Finance,Partial,
May-26,ADS,DA Search Ads,GADS,DA-B13,18/05/2026,Chetan Singh,chetan.singh@outlook.com,8724923344,Priya Sharma,Google Ads,67999,"22/05/2026, 10:32 PM",13800,Self Finance,Paid,
May-26,ADS,Gen AI Search Ads,GSN,GENAI-B04,31/05/2026,Suresh Kapoor,sureshkapoor117@outlook.com,7384470818,Kavya Reddy,Organic,67999,"30/05/2026, 12:15 PM",27400,Self Finance,Loan Disbursed,
May-26,YT Referral,AI/ML Search Ads,GSN,AIML-B02,31/05/2026,Aarav Patel,aarav.patel@yahoo.com,6157096992,Suresh Bhat,Referral,66999,"23/05/2026, 08:58 PM",31800,Eduvanz,Loan Disbursed,11/05/2026
May-26,ADS Referral,AI/ML Search Ads,GSN,AIML-B02,15/05/2026,Anjali Mehta,anjalimehta@rediffmail.com,6338664134,Ananya Joshi,YouTube,69999,"14/05/2026, 05:54 PM",20000,Eduvanz,Partial,
May-26,ADS,Gen AI Search Ads,GADS,GENAI-B04,18/05/2026,Bhavna Agarwal,bhavnaagarwal@gmail.com,6114534983,Ananya Joshi,Organic,76999,"03/05/2026, 01:21 PM",28500,Self Finance,Partial,
May-26,ADS,Gen AI Search Ads,GSN,GENAI-B03,26/05/2026,Sandeep Agarwal,sandeep_agarwal@rediffmail.com,6358584067,Kavya Reddy,Google Ads,66999,"23/05/2026, 06:39 PM",25800,Self Finance,Partial,
May-26,YT Referral,DA Meta Ads,INST,DA-B12,25/05/2026,Vishal Kumar,vishalkumar396@gmail.com,9878133730,Priya Sharma,Meta Ads,56999,"25/05/2026, 11:09 AM",21000,,Partial,
May-26,YT,DM Meta Ads,INST,DM-B07,10/05/2026,Pooja Tiwari,pooja.tiwari490@outlook.com,7482643333,Kavya Reddy,Organic,49999,"02/05/2026, 11:18 AM",13600,,Paid,
May-26,ADS Referral,BA Search Ads,GADS,BA-B05,28/05/2026,Rahul Naidu,rahulnaidu781@yahoo.com,9306108207,Kavya Reddy,Organic,53999,"05/05/2026, 05:41 PM",18600,Eduvanz,Paid,
May-26,YT,Gen AI Search Ads,SEM,GENAI-B03,28/05/2026,Sandeep Shah,sandeepshah@yahoo.com,9200501166,Priya Sharma,Meta Ads,65999,"05/05/2026, 02:05 PM",28600,,Paid,
May-26,ADS,DM Meta Ads,FB,DM-B08,20/05/2026,Kavya Sharma,kavyasharma@hotmail.com,8722392415,Ananya Joshi,Meta Ads,42999,"13/05/2026, 10:09 AM",13300,Eduvanz,Pending,
May-26,ADS,DM Meta Ads,META,DM-B08,19/05/2026,Varun Hegde,varunhegde693@yahoo.com,8580411934,Suresh Bhat,Meta Ads,45999,"11/05/2026, 03:43 PM",9900,,Loan Disbursed,
May-26,ADS,DA Search Ads,GSN,DA-B12,26/05/2026,Sahil Nair,sahil_nair963@outlook.com,9827555427,Ananya Joshi,YouTube,59999,"13/05/2026, 12:22 PM",14500,Self Finance,Partial,
May-26,YT Referral,DA Meta Ads,FB,DA-B12,28/05/2026,Pallavi Agarwal,pallavi_agarwal88@gmail.com,8286026983,Arjun Nair,Email,68999,"26/05/2026, 01:09 PM",28800,Self Finance,Paid,
May-26,ADS,CS Search Ads,GSN,CS-B05,23/05/2026,Amit Gupta,amit_gupta@outlook.com,7800412898,Sneha Iyer,Google Ads,66999,"19/05/2026, 05:14 PM",21100,HDFC Credila,Paid,
May-26,ADS,DA Search Ads,GADS,DA-B12,31/05/2026,Chetan Menon,chetan_menon@yahoo.com,9352854344,Meera Pillai,Meta Ads,55999,"03/05/2026, 05:01 PM",24400,Self Finance,Paid,
May-26,ADS,Gen AI Meta Ads,FB,GENAI-B03,05/05/2026,Rohan Sharma,rohan.sharma298@hotmail.com,6437279627,Vikram Das,Meta Ads,67999,"15/05/2026, 09:25 PM",33300,Self Finance,Paid,
May-26,YT Referral,DA Search Ads,SEM,DA-B13,15/05/2026,Anjali Rao,anjalirao485@gmail.com,6725387285,Ananya Joshi,Meta Ads,50999,"11/05/2026, 04:03 PM",22700,,Paid,
May-26,ADS,DS Search Ads,GSN,DS-B10,15/05/2026,Sahil Menon,sahil_menon@outlook.com,9211111192,Kavya Reddy,Meta Ads,61999,"01/05/2026, 03:41 PM",21900,Auxilo,Refunded,
May-26,YT,BA Search Ads,GADS,BA-B05,22/05/2026,Vishal Rao,vishalrao482@gmail.com,8829484537,Kavya Reddy,YouTube,56999,"13/05/2026, 08:26 PM",15800,,Loan Disbursed,
May-26,ADS,AI/ML Search Ads,SEM,AIML-B03,18/05/2026,Meera Shah,meera_shah81@hotmail.com,6583891288,Rahul Menon,Meta Ads,66999,"01/05/2026, 08:21 PM",21400,,Paid,
May-26,YT,DA Meta Ads,META,DA-B12,26/05/2026,Nandini Reddy,nandinireddy793@rediffmail.com,9994084591,Arjun Nair,Meta Ads,67999,"02/05/2026, 01:09 PM",28000,Auxilo,Pending,
May-26,YT,DA Search Ads,GADS,DA-B14,22/05/2026,Hemant Iyer,hemant_iyer254@rediffmail.com,9163768214,Rahul Menon,Meta Ads,63999,"07/05/2026, 08:49 PM",25200,Self Finance,Paid,
May-26,YT,DM Meta Ads,INST,DM-B08,29/05/2026,Kritika Singh,kritika_singh@outlook.com,8438366394,Rahul Menon,Meta Ads,44999,"02/05/2026, 02:03 PM",18600,Propelld,Paid,
May-26,ADS,Gen AI Search Ads,GADS,GENAI-B04,17/05/2026,Kavya Sharma,kavyasharma@rediffmail.com,6502398244,Deepak Verma,Meta Ads,73999,"01/05/2026, 11:35 AM",15200,Self Finance,Paid,
May-26,ADS Referral,DA Meta Ads,META,DA-B14,03/05/2026,Dhruv Reddy,dhruv.reddy775@gmail.com,6180118334,Sneha Iyer,Organic,59999,"31/05/2026, 02:04 PM",12800,Self Finance,Refunded,
May-26,ADS,DS Meta Ads,META,DS-B08,14/05/2026,Rohan Iyer,rohaniyer908@outlook.com,8955730029,Arjun Nair,Meta Ads,65999,"09/05/2026, 10:26 AM",28700,Propelld,Pending,
May-26,ADS,DS Search Ads,GSN,DS-B08,08/05/2026,Lakshmi Menon,lakshmi.menon11@gmail.com,7688741147,Ananya Joshi,Google Ads,61999,"23/05/2026, 10:45 AM",22600,Propelld,Loan Disbursed,29/05/2026
May-26,YT,AI/ML Search Ads,GSN,AIML-B03,24/05/2026,Kiran Joshi,kiran.joshi6@hotmail.com,9413255442,Meera Pillai,Google Ads,81999,"31/05/2026, 05:52 PM",17200,Self Finance,Pending,
May-26,YT,DA Search Ads,GADS,DA-B14,02/05/2026,Manish Varma,manishvarma@outlook.com,8558874082,Kavya Reddy,Google Ads,51999,"31/05/2026, 10:19 PM",25100,HDFC Credila,Paid,
May-26,YT,BA Meta Ads,META,BA-B05,12/05/2026,Vijay Mehta,vijay.mehta940@outlook.com,6517521139,Rahul Menon,YouTube,52999,"16/05/2026, 08:54 PM",19300,Auxilo,Partial,
May-26,ADS,DA Meta Ads,META,DA-B13,12/05/2026,Gaurav Reddy,gaurav.reddy7@gmail.com,7021740963,Rahul Menon,Meta Ads,60999,"27/05/2026, 08:22 PM",28700,HDFC Credila,Pending,
May-26,YT,Gen AI Search Ads,GSN,GENAI-B04,07/05/2026,Akash Joshi,akash_joshi174@outlook.com,6914100141,Deepak Verma,Referral,55999,"27/05/2026, 11:47 AM",11400,Self Finance,Paid,
May-26,ADS,DA Meta Ads,INST,DA-B13,16/05/2026,Pallavi Gupta,pallavi.gupta@rediffmail.com,7602430084,Deepak Verma,Google Ads,62999,"09/05/2026, 05:38 PM",18300,Eduvanz,Loan Disbursed,01/05/2026
May-26,YT,DM Meta Ads,FB,DM-B07,01/05/2026,Swati Pillai,swati_pillai@rediffmail.com,8690622746,Sneha Iyer,Meta Ads,41999,"28/05/2026, 04:13 PM",12500,Self Finance,Paid,
May-26,ADS,DM Meta Ads,INST,DM-B07,06/05/2026,Vijay Reddy,vijay_reddy@yahoo.com,6137354763,Ananya Joshi,Meta Ads,44999,"22/05/2026, 06:33 PM",21700,Propelld,Paid,
May-26,ADS,DA Meta Ads,INST,DA-B13,10/05/2026,Jaya Desai,jaya_desai@yahoo.com,8993278159,Kavya Reddy,Google Ads,54999,"17/05/2026, 09:20 PM",15800,Eduvanz,Paid,
May-26,YT,BA Meta Ads,META,BA-B06,30/05/2026,Deepak Tiwari,deepak_tiwari@gmail.com,8875011445,Ananya Joshi,Google Ads,45999,"03/05/2026, 10:59 AM",20300,HDFC Credila,Paid,
May-26,ADS,CS Search Ads,GADS,CS-B04,26/05/2026,Vishal Shetty,vishal.shetty663@outlook.com,6540802936,Rahul Menon,YouTube,58999,"17/05/2026, 03:10 PM",23100,,Loan Disbursed,
May-26,ADS Referral,Gen AI Search Ads,GSN,GENAI-B04,22/05/2026,Mohit Reddy,mohit_reddy527@outlook.com,6423384649,Suresh Bhat,Meta Ads,59999,"08/05/2026, 03:51 PM",14700,Self Finance,Paid,
May-26,ADS,DA Meta Ads,INST,DA-B13,25/05/2026,Sahil Jain,sahil.jain@hotmail.com,8354360593,Meera Pillai,Google Ads,55999,"29/05/2026, 11:21 AM",20500,Self Finance,Paid,
May-26,ADS,DA Meta Ads,FB,DA-B12,15/05/2026,Tanvi Bose,tanvi_bose779@hotmail.com,9206537075,Ananya Joshi,Email,58999,"16/05/2026, 09:07 AM",24700,Eduvanz,Paid,
May-26,YT,BA Meta Ads,INST,BA-B06,29/05/2026,Karan Iyer,karan_iyer156@rediffmail.com,7850914298,Arjun Nair,Google Ads,45999,"07/05/2026, 09:44 PM",16400,Propelld,Paid,
May-26,ADS,BA Search Ads,GADS,BA-B05,12/05/2026,Nikhil Varma,nikhil.varma@outlook.com,8082778552,Priya Sharma,YouTube,49999,"09/05/2026, 05:10 PM",16200,Self Finance,Loan Disbursed,
May-26,ADS,BA Search Ads,GADS,BA-B05,28/05/2026,Kritika Verma,kritika.verma81@gmail.com,6900025115,Sneha Iyer,Meta Ads,56999,"20/05/2026, 04:42 PM",25200,Self Finance,Paid,
May-26,ADS Referral,BA Meta Ads,META,BA-B06,27/05/2026,Shruti Varma,shrutivarma888@gmail.com,9018002162,Priya Sharma,Organic,56999,"31/05/2026, 08:19 PM",16800,Propelld,Partial,
May-26,YT,DS Meta Ads,META,DS-B08,27/05/2026,Uday Rao,udayrao@yahoo.com,9257860003,Arjun Nair,Google Ads,76999,"05/05/2026, 06:22 PM",34400,Propelld,Partial,
May-26,ADS,DA Search Ads,SEM,DA-B14,23/05/2026,Meera Bose,meera.bose960@gmail.com,9593656127,Vikram Das,Meta Ads,65999,"12/05/2026, 09:09 PM",31900,Self Finance,Paid,
May-26,ADS,DA Search Ads,GADS,DA-B14,31/05/2026,Sonia Yadav,soniayadav596@rediffmail.com,9780262074,Vikram Das,Meta Ads,69999,"26/05/2026, 03:33 PM",20100,,Paid,
May-26,ADS,DS Search Ads,GSN,DS-B10,25/05/2026,Pallavi Murthy,pallavimurthy@hotmail.com,8124424349,Meera Pillai,Meta Ads,64999,"31/05/2026, 10:47 PM",16200,Eduvanz,Loan Disbursed,09/05/2026
May-26,YT,CS Search Ads,GADS,CS-B04,03/05/2026,Varun Menon,varun.menon748@rediffmail.com,6908480578,Arjun Nair,Google Ads,67999,"05/05/2026, 10:47 AM",14700,Propelld,Paid,
May-26,YT,DS Meta Ads,FB,DS-B10,04/05/2026,Pradeep Pillai,pradeeppillai383@hotmail.com,7135673353,Meera Pillai,Organic,69999,"02/05/2026, 09:43 AM",22800,Self Finance,Paid,
May-26,ADS,Gen AI Meta Ads,META,GENAI-B04,02/05/2026,Suresh Patel,suresh.patel@gmail.com,7326984167,Suresh Bhat,Meta Ads,55999,"12/05/2026, 12:29 PM",27500,NBFC Direct,Pending,
May-26,ADS Referral,Gen AI Search Ads,GSN,GENAI-B03,08/05/2026,Esha Shah,esha_shah858@rediffmail.com,8256246617,Vikram Das,Google Ads,67999,"09/05/2026, 05:21 PM",31000,Self Finance,Partial,
May-26,YT,DM Meta Ads,INST,DM-B07,27/05/2026,Aditya Shah,adityashah485@outlook.com,8104960657,Kavya Reddy,Meta Ads,44999,"06/05/2026, 05:42 PM",21700,Self Finance,Pending,
May-26,YT,DS Search Ads,GADS,DS-B10,18/05/2026,Sahil Murthy,sahil_murthy378@outlook.com,9103787561,Ananya Joshi,YouTube,70999,"14/05/2026, 01:23 PM",16600,HDFC Credila,Partial,
May-26,ADS Referral,Gen AI Meta Ads,FB,GENAI-B04,28/05/2026,Kritika Hegde,kritikahegde834@hotmail.com,8947593502,Suresh Bhat,Meta Ads,61999,"19/05/2026, 09:35 PM",14000,Self Finance,Paid,
May-26,ADS,AI/ML Search Ads,GSN,AIML-B03,13/05/2026,Arjun Shetty,arjun.shetty@outlook.com,9574202022,Priya Sharma,Meta Ads,87999,"23/05/2026, 06:13 PM",19100,Self Finance,Paid,
May-26,YT,BA Search Ads,GSN,BA-B06,26/05/2026,Pooja Mehta,pooja_mehta146@rediffmail.com,7562999347,Deepak Verma,Meta Ads,46999,"14/05/2026, 09:20 AM",12600,Self Finance,Paid,
May-26,ADS,DS Search Ads,GADS,DS-B08,05/05/2026,Deepa Fernandes,deepa.fernandes@gmail.com,9206605965,Suresh Bhat,YouTube,66999,"26/05/2026, 10:18 PM",26400,,Partial,
May-26,YT,Gen AI Search Ads,GSN,GENAI-B04,17/05/2026,Uday Gupta,uday_gupta369@yahoo.com,9974623579,Suresh Bhat,Google Ads,79999,"26/05/2026, 11:39 AM",36300,Propelld,Paid,
May-26,YT,Gen AI Search Ads,GADS,GENAI-B03,03/05/2026,Sandeep Joshi,sandeep.joshi@outlook.com,6665968248,Vikram Das,Meta Ads,76999,"10/05/2026, 09:18 PM",33800,Self Finance,Refunded,
May-26,ADS,DA Search Ads,SEM,DA-B12,12/05/2026,Esha Kapoor,eshakapoor552@yahoo.com,7804957832,Suresh Bhat,Email,61999,"07/05/2026, 06:54 PM",16500,Self Finance,Pending,
May-26,ADS,CS Search Ads,GSN,CS-B05,20/05/2026,Ishaan Shetty,ishaan.shetty275@hotmail.com,9260522610,Ananya Joshi,Meta Ads,63999,"26/05/2026, 01:53 PM",16200,,Paid,
May-26,YT,DA Search Ads,GADS,DA-B13,16/05/2026,Vinay Patel,vinaypatel@outlook.com,7505640972,Rahul Menon,Referral,62999,"19/05/2026, 10:57 AM",22500,Auxilo,Paid,
May-26,ADS Referral,Gen AI Search Ads,GSN,GENAI-B04,29/05/2026,Kritika Jain,kritika_jain311@rediffmail.com,7721574325,Arjun Nair,Google Ads,60999,"30/05/2026, 11:24 AM",14900,Propelld,Pending,
May-26,YT,Gen AI Search Ads,GADS,GENAI-B03,15/05/2026,Aryan Kumar,aryan_kumar934@yahoo.com,9958918313,Vikram Das,WhatsApp,66999,"25/05/2026, 06:18 PM",26300,Eduvanz,Paid,
May-26,YT,DA Search Ads,GADS,DA-B13,25/05/2026,Rohit Desai,rohitdesai@rediffmail.com,7018573294,Priya Sharma,WhatsApp,56999,"20/05/2026, 09:40 PM",24800,Self Finance,Paid,
May-26,YT Referral,DS Meta Ads,FB,DS-B10,23/05/2026,Vinay Murthy,vinay_murthy643@yahoo.com,9485988179,Kavya Reddy,Meta Ads,67999,"22/05/2026, 04:27 PM",31800,Propelld,Paid,
May-26,ADS,DA Search Ads,SEM,DA-B14,25/05/2026,Aarav Nair,aarav_nair@rediffmail.com,6000619049,Priya Sharma,Meta Ads,66999,"05/05/2026, 08:12 PM",32300,Eduvanz,Paid,
May-26,YT Referral,DM Meta Ads,FB,DM-B07,19/05/2026,Divya Rao,divyarao113@hotmail.com,7199827512,Priya Sharma,Referral,39999,"16/05/2026, 01:34 PM",19600,Self Finance,Loan Disbursed,
May-26,YT,Gen AI Meta Ads,META,GENAI-B03,26/05/2026,Kavya Yadav,kavya_yadav165@gmail.com,8182851823,Priya Sharma,Meta Ads,59999,"29/05/2026, 05:33 PM",26800,Self Finance,Loan Disbursed,
May-26,ADS,DA Meta Ads,META,DA-B14,27/05/2026,Hemant Menon,hemantmenon122@gmail.com,6284710685,Priya Sharma,Meta Ads,59999,"24/05/2026, 05:12 PM",28800,,Pending,
May-26,YT,Gen AI Search Ads,GSN,GENAI-B03,10/05/2026,Pallavi Varma,pallavi_varma228@yahoo.com,7790632694,Kavya Reddy,YouTube,78999,"30/05/2026, 09:24 AM",23700,Self Finance,Pending,
May-26,ADS Referral,DA Search Ads,GSN,DA-B12,12/05/2026,Amit Fernandes,amitfernandes893@outlook.com,7516387002,Kavya Reddy,Organic,64999,"03/05/2026, 03:26 PM",17700,Eduvanz,Partial,
May-26,ADS,DS Meta Ads,META,DS-B10,12/05/2026,Gaurav Agarwal,gaurav_agarwal@rediffmail.com,6331004856,Kavya Reddy,Organic,75999,"09/05/2026, 09:42 AM",37300,Self Finance,Loan Disbursed,
May-26,ADS,AI/ML Search Ads,SEM,AIML-B02,16/05/2026,Suresh Patel,suresh.patel@rediffmail.com,6662273586,Suresh Bhat,Google Ads,70999,"10/05/2026, 01:02 PM",20300,HDFC Credila,Paid,
May-26,YT,DA Meta Ads,FB,DA-B12,21/05/2026,Dhruv Patel,dhruv_patel787@yahoo.com,6524794822,Rahul Menon,Google Ads,52999,"28/05/2026, 11:16 AM",10800,Self Finance,Paid,
May-26,ADS,Gen AI Search Ads,SEM,GENAI-B04,13/05/2026,Aryan Reddy,aryanreddy@hotmail.com,8206626868,Ananya Joshi,Meta Ads,72999,"24/05/2026, 11:11 AM",32200,Self Finance,Paid,
May-26,ADS Referral,DA Meta Ads,FB,DA-B12,03/05/2026,Chetan Kumar,chetan_kumar261@gmail.com,6667333808,Sneha Iyer,YouTube,61999,"20/05/2026, 05:53 PM",13100,HDFC Credila,Paid,
May-26,YT,DA Meta Ads,META,DA-B12,16/05/2026,Chetan Singh,chetan.singh@rediffmail.com,8528759517,Meera Pillai,Meta Ads,56999,"03/05/2026, 10:32 AM",27700,Self Finance,Paid,
May-26,ADS,DA Search Ads,GADS,DA-B14,02/05/2026,Hemant Naidu,hemant.naidu@outlook.com,9488855400,Rahul Menon,Meta Ads,53999,"02/05/2026, 09:31 AM",16000,Propelld,Paid,
May-26,YT Referral,BA Search Ads,GADS,BA-B05,13/05/2026,Yash Pandey,yash_pandey@hotmail.com,7105644578,Priya Sharma,Organic,57999,"11/05/2026, 04:31 PM",28500,Eduvanz,Paid,
May-26,ADS,Gen AI Meta Ads,META,GENAI-B04,28/05/2026,Geeta Chopra,geetachopra596@hotmail.com,6886556788,Deepak Verma,Google Ads,55999,"16/05/2026, 06:01 PM",15000,Eduvanz,Refunded,
May-26,ADS,DS Search Ads,GSN,DS-B10,30/05/2026,Pooja Nair,poojanair246@rediffmail.com,6682927367,Kavya Reddy,YouTube,78999,"04/05/2026, 03:57 PM",37200,Eduvanz,Loan Disbursed,30/05/2026
May-26,ADS,Gen AI Search Ads,GSN,GENAI-B04,16/05/2026,Dhruv Desai,dhruv_desai@gmail.com,9910152948,Vikram Das,Meta Ads,66999,"26/05/2026, 10:24 AM",16900,Auxilo,Pending,
May-26,ADS,DS Search Ads,GADS,DS-B10,04/05/2026,Yash Pillai,yash_pillai424@hotmail.com,7331887480,Arjun Nair,YouTube,68999,"21/05/2026, 05:00 PM",24800,HDFC Credila,Paid,
May-26,ADS,BA Search Ads,GSN,BA-B05,08/05/2026,Rohit Jain,rohitjain6@hotmail.com,7865966878,Vikram Das,Meta Ads,51999,"25/05/2026, 09:09 PM",15700,,Paid,
May-26,ADS,Gen AI Meta Ads,META,GENAI-B03,25/05/2026,Shruti Bose,shruti_bose@rediffmail.com,7985421975,Ananya Joshi,Referral,58999,"31/05/2026, 01:28 PM",13400,Propelld,Loan Disbursed,04/05/2026
May-26,ADS Referral,DA Meta Ads,META,DA-B12,27/05/2026,Isha Shah,isha.shah@hotmail.com,7035637347,Rahul Menon,Meta Ads,54999,"31/05/2026, 09:54 AM",17600,Eduvanz,Paid,
May-26,YT Referral,DS Meta Ads,META,DS-B08,16/05/2026,Anjali Tiwari,anjali.tiwari@hotmail.com,9225915582,Kavya Reddy,WhatsApp,60999,"24/05/2026, 01:32 PM",16100,Auxilo,Pending,
May-26,ADS,DM Meta Ads,META,DM-B08,06/05/2026,Harish Naidu,harish_naidu717@hotmail.com,6733355997,Meera Pillai,WhatsApp,39999,"15/05/2026, 08:14 PM",15900,Self Finance,Pending,
May-26,ADS,Gen AI Search Ads,GSN,GENAI-B04,03/05/2026,Pooja Tiwari,poojatiwari312@hotmail.com,6417267781,Sneha Iyer,Meta Ads,63999,"07/05/2026, 04:44 PM",27900,Propelld,Loan Disbursed,29/05/2026
May-26,ADS,Gen AI Meta Ads,FB,GENAI-B03,22/05/2026,Anjali Desai,anjali_desai208@rediffmail.com,8342180953,Priya Sharma,YouTube,67999,"12/05/2026, 06:37 PM",19700,Propelld,Partial,
May-26,ADS,Gen AI Search Ads,GADS,GENAI-B04,11/05/2026,Kavya Patel,kavya_patel265@yahoo.com,6130175838,Arjun Nair,Google Ads,66999,"20/05/2026, 09:27 AM",21000,Auxilo,Pending,
May-26,ADS Referral,DS Meta Ads,FB,DS-B10,29/05/2026,Vijay Yadav,vijay_yadav653@hotmail.com,9565225254,Sneha Iyer,Meta Ads,72999,"07/05/2026, 01:38 PM",14600,Auxilo,Paid,
May-26,YT,DA Meta Ads,META,DA-B14,30/05/2026,Anjali Pillai,anjali.pillai@yahoo.com,9249221756,Priya Sharma,Google Ads,61999,"29/05/2026, 06:48 PM",25400,Propelld,Paid,
May-26,ADS,DA Meta Ads,META,DA-B12,21/05/2026,Kavya Gupta,kavyagupta@hotmail.com,8038470741,Kavya Reddy,Meta Ads,55999,"06/05/2026, 09:58 AM",23500,HDFC Credila,Partial,
May-26,YT,DA Meta Ads,FB,DA-B12,22/05/2026,Manish Yadav,manish.yadav105@hotmail.com,9053137096,Suresh Bhat,YouTube,52999,"17/05/2026, 03:28 PM",20800,,Paid,
May-26,ADS,DA Meta Ads,META,DA-B12,14/05/2026,Dhruv Varma,dhruv.varma591@gmail.com,8477059835,Rahul Menon,YouTube,53999,"24/05/2026, 09:52 PM",19300,Self Finance,Paid,
May-26,ADS,Gen AI Meta Ads,FB,GENAI-B04,27/05/2026,Pooja Pandey,pooja.pandey813@rediffmail.com,9473684258,Suresh Bhat,Meta Ads,64999,"22/05/2026, 11:53 AM",26500,Propelld,Paid,
May-26,YT,DS Search Ads,GSN,DS-B09,05/05/2026,Esha Bose,eshabose354@outlook.com,9396112428,Suresh Bhat,Google Ads,66999,"03/05/2026, 03:27 PM",25300,Propelld,Loan Disbursed,28/05/2026
May-26,YT,DA Meta Ads,META,DA-B12,07/05/2026,Divya Shah,divya_shah173@outlook.com,8233496315,Ananya Joshi,Organic,53999,"12/05/2026, 07:37 PM",21600,,Paid,
May-26,YT,Gen AI Meta Ads,META,GENAI-B04,23/05/2026,Anjali Jain,anjali_jain@yahoo.com,9595916272,Meera Pillai,Google Ads,75999,"22/05/2026, 01:10 PM",15800,,Paid,
May-26,YT Referral,DA Search Ads,GSN,DA-B13,10/05/2026,Sneha Fernandes,snehafernandes@gmail.com,9494193656,Arjun Nair,Google Ads,56999,"13/05/2026, 06:18 PM",28100,HDFC Credila,Paid,
May-26,ADS,AI/ML Search Ads,GSN,AIML-B02,26/05/2026,Dhruv Ghosh,dhruvghosh488@yahoo.com,6183541975,Suresh Bhat,Google Ads,82999,"17/05/2026, 12:21 PM",34400,Self Finance,Paid,
May-26,ADS,DS Search Ads,GSN,DS-B08,28/05/2026,Gaurav Nair,gauravnair336@hotmail.com,8565539794,Meera Pillai,Organic,67999,"20/05/2026, 01:46 PM",22800,Self Finance,Pending,
May-26,ADS,Gen AI Search Ads,GADS,GENAI-B04,04/05/2026,Karan Pandey,karan_pandey@outlook.com,9609212438,Kavya Reddy,Meta Ads,59999,"05/05/2026, 09:53 PM",18600,Self Finance,Paid,
May-26,ADS,DA Search Ads,GADS,DA-B12,09/05/2026,Akash Chopra,akash.chopra@gmail.com,6561239522,Suresh Bhat,Google Ads,58999,"02/05/2026, 07:02 PM",23700,Self Finance,Paid,
May-26,ADS,BA Meta Ads,INST,BA-B05,26/05/2026,Rohit Agarwal,rohit_agarwal@rediffmail.com,9796064027,Sneha Iyer,Meta Ads,53999,"02/05/2026, 10:40 AM",21200,Self Finance,Paid,
May-26,YT,BA Search Ads,GADS,BA-B05,06/05/2026,Nandini Tiwari,nandinitiwari@hotmail.com,8106541892,Vikram Das,Organic,58999,"23/05/2026, 07:16 PM",18700,HDFC Credila,Pending,
May-26,ADS,BA Search Ads,GADS,BA-B05,15/05/2026,Vijay Pandey,vijay_pandey@rediffmail.com,7465606185,Suresh Bhat,Google Ads,46999,"05/05/2026, 11:29 AM",9900,Self Finance,Paid,
May-26,ADS Referral,AI/ML Search Ads,SEM,AIML-B03,03/05/2026,Sonia Rao,sonia_rao683@gmail.com,8178765965,Suresh Bhat,Google Ads,71999,"04/05/2026, 08:29 PM",30700,,Pending,
May-26,ADS,DM Meta Ads,INST,DM-B07,16/05/2026,Arjun Reddy,arjun_reddy924@gmail.com,9526179558,Priya Sharma,WhatsApp,46999,"27/05/2026, 10:30 PM",20600,HDFC Credila,Partial,
May-26,ADS,AI/ML Search Ads,GSN,AIML-B02,04/05/2026,Vijay Gupta,vijay_gupta@outlook.com,6695157778,Meera Pillai,Google Ads,83999,"15/05/2026, 08:30 PM",24700,Self Finance,Paid,
May-26,ADS Referral,DS Search Ads,GSN,DS-B10,19/05/2026,Varun Varma,varunvarma@yahoo.com,7986690130,Priya Sharma,Google Ads,60999,"20/05/2026, 08:59 PM",18200,Propelld,Paid,
May-26,YT,DA Search Ads,GADS,DA-B14,31/05/2026,Dhruv Shetty,dhruv_shetty@rediffmail.com,6844366671,Arjun Nair,Meta Ads,68999,"19/05/2026, 06:50 PM",30300,Propelld,Paid,
May-26,ADS Referral,DA Search Ads,SEM,DA-B14,07/05/2026,Sandeep Rao,sandeep.rao@hotmail.com,8557633892,Meera Pillai,Google Ads,50999,"18/05/2026, 09:44 AM",25000,Auxilo,Partial,
May-26,YT Referral,AI/ML Search Ads,GSN,AIML-B03,21/05/2026,Gaurav Tiwari,gaurav.tiwari350@outlook.com,8581448816,Kavya Reddy,Google Ads,83999,"30/05/2026, 06:05 PM",25000,Auxilo,Paid,
May-26,ADS,DS Meta Ads,FB,DS-B09,12/05/2026,Vinay Pandey,vinay_pandey284@yahoo.com,6396643991,Kavya Reddy,Organic,71999,"08/05/2026, 12:23 PM",15700,Self Finance,Paid,
May-26,YT,Gen AI Search Ads,SEM,GENAI-B04,31/05/2026,Manish Jain,manish.jain@hotmail.com,6348703407,Suresh Bhat,Meta Ads,67999,"26/05/2026, 09:36 AM",16100,Propelld,Paid,
May-26,ADS,DA Meta Ads,INST,DA-B12,05/05/2026,Isha Ghosh,isha_ghosh460@rediffmail.com,7538137156,Deepak Verma,Meta Ads,61999,"20/05/2026, 01:35 PM",20700,Self Finance,Partial,
May-26,ADS,DM Meta Ads,META,DM-B07,29/05/2026,Nandini Agarwal,nandiniagarwal754@rediffmail.com,9409471309,Ananya Joshi,Organic,47999,"11/05/2026, 12:11 PM",18300,Propelld,Paid,
May-26,ADS,DA Meta Ads,INST,DA-B13,23/05/2026,Swati Singh,swatisingh649@yahoo.com,6050936001,Meera Pillai,Meta Ads,67999,"09/05/2026, 06:52 PM",17500,Auxilo,Loan Disbursed,23/05/2026
May-26,YT,DS Meta Ads,META,DS-B09,10/05/2026,Sandeep Ghosh,sandeep.ghosh651@hotmail.com,8881642576,Rahul Menon,WhatsApp,81999,"30/05/2026, 10:23 PM",34200,Self Finance,Paid,
May-26,YT Referral,CS Search Ads,GADS,CS-B04,12/05/2026,Deepa Kumar,deepa.kumar429@yahoo.com,6649407512,Meera Pillai,WhatsApp,51999,"31/05/2026, 10:58 PM",17000,Propelld,Loan Disbursed,11/05/2026
May-26,ADS Referral,DA Search Ads,SEM,DA-B14,03/05/2026,Rahul Chopra,rahul_chopra313@hotmail.com,8274429134,Kavya Reddy,YouTube,62999,"11/05/2026, 12:27 PM",16900,,Partial,
May-26,ADS,DS Meta Ads,META,DS-B09,29/05/2026,Sakshi Yadav,sakshi_yadav@gmail.com,9159111835,Vikram Das,YouTube,82999,"23/05/2026, 02:32 PM",25600,,Partial,
May-26,ADS Referral,DS Meta Ads,META,DS-B09,02/05/2026,Pooja Pandey,pooja_pandey@hotmail.com,8114404972,Suresh Bhat,Organic,67999,"28/05/2026, 05:52 PM",30100,Self Finance,Paid,
May-26,YT Referral,Gen AI Search Ads,GSN,GENAI-B03,10/05/2026,Tanvi Bose,tanvibose871@hotmail.com,9962956349,Suresh Bhat,YouTube,79999,"29/05/2026, 09:41 AM",22900,HDFC Credila,Partial,
May-26,ADS,DA Search Ads,GSN,DA-B12,21/05/2026,Amit Gupta,amit.gupta292@hotmail.com,9634846003,Priya Sharma,Google Ads,50999,"14/05/2026, 11:57 AM",21500,,Loan Disbursed,
May-26,YT Referral,DA Meta Ads,INST,DA-B14,23/05/2026,Tanvi Kapoor,tanvi.kapoor282@gmail.com,9611870834,Meera Pillai,Meta Ads,66999,"18/05/2026, 10:28 AM",20600,Self Finance,Paid,
May-26,ADS,CS Search Ads,GSN,CS-B04,10/05/2026,Chetan Joshi,chetan.joshi@gmail.com,6496668223,Deepak Verma,YouTube,63999,"01/05/2026, 09:23 AM",19700,NBFC Direct,Paid,
May-26,ADS,Gen AI Search Ads,SEM,GENAI-B03,16/05/2026,Arjun Murthy,arjunmurthy949@yahoo.com,6224025393,Arjun Nair,Google Ads,58999,"31/05/2026, 06:10 PM",26500,Self Finance,Partial,
May-26,YT,Gen AI Meta Ads,META,GENAI-B04,08/05/2026,Rahul Bose,rahul.bose@yahoo.com,8792716702,Arjun Nair,Email,69999,"27/05/2026, 06:40 PM",18600,Self Finance,Loan Disbursed,
May-26,ADS,DA Search Ads,GADS,DA-B12,20/05/2026,Anjali Kumar,anjali.kumar379@hotmail.com,9308166289,Rahul Menon,Google Ads,54999,"29/05/2026, 05:06 PM",15200,Self Finance,Pending,
May-26,ADS,DA Meta Ads,FB,DA-B12,31/05/2026,Sneha Verma,sneha.verma188@outlook.com,8450637077,Kavya Reddy,Meta Ads,54999,"10/05/2026, 02:08 PM",25900,Self Finance,Loan Disbursed,
May-26,YT,Gen AI Meta Ads,META,GENAI-B03,19/05/2026,Nikhil Yadav,nikhil.yadav@outlook.com,6718919754,Sneha Iyer,Email,77999,"03/05/2026, 01:15 PM",22600,HDFC Credila,Pending,
May-26,ADS,AI/ML Search Ads,SEM,AIML-B02,29/05/2026,Karan Fernandes,karan_fernandes@gmail.com,7767035899,Arjun Nair,YouTube,89999,"09/05/2026, 02:06 PM",19700,Self Finance,Loan Disbursed,
May-26,ADS Referral,DS Meta Ads,FB,DS-B10,31/05/2026,Esha Chopra,eshachopra152@outlook.com,8726845975,Priya Sharma,Google Ads,73999,"16/05/2026, 07:49 PM",33600,Propelld,Loan Disbursed,30/05/2026
May-26,ADS,DM Meta Ads,INST,DM-B07,17/05/2026,Sahil Tiwari,sahiltiwari@yahoo.com,6302211229,Meera Pillai,Referral,37999,"15/05/2026, 10:55 AM",10000,,Loan Disbursed,
May-26,ADS,DA Search Ads,GSN,DA-B14,21/05/2026,Hemant Kumar,hemantkumar@hotmail.com,8115895166,Rahul Menon,Google Ads,50999,"11/05/2026, 09:07 PM",18000,,Loan Disbursed,
May-26,ADS,DA Meta Ads,META,DA-B12,19/05/2026,Pallavi Shetty,pallavishetty915@outlook.com,9663674672,Ananya Joshi,Email,54999,"07/05/2026, 02:10 PM",19800,Self Finance,Paid,
May-26,ADS,CS Search Ads,GSN,CS-B05,02/05/2026,Sneha Hegde,snehahegde@hotmail.com,7985483655,Sneha Iyer,YouTube,50999,"27/05/2026, 01:48 PM",22700,Eduvanz,Loan Disbursed,07/05/2026
May-26,YT,BA Search Ads,GSN,BA-B05,15/05/2026,Rohit Rajan,rohit_rajan@gmail.com,9663093190,Rahul Menon,Google Ads,51999,"03/05/2026, 09:50 AM",23100,,Paid,
May-26,YT,DS Search Ads,SEM,DS-B10,18/05/2026,Harish Das,harish_das@outlook.com,8728059138,Meera Pillai,YouTube,75999,"18/05/2026, 09:53 PM",29200,Auxilo,Paid,
May-26,YT,AI/ML Search Ads,SEM,AIML-B03,09/05/2026,Rahul Nair,rahul_nair@hotmail.com,6765302643,Vikram Das,Google Ads,85999,"01/05/2026, 11:19 AM",23000,HDFC Credila,Pending,
May-26,YT,BA Meta Ads,META,BA-B06,05/05/2026,Ananya Iyer,ananya.iyer@outlook.com,6620585784,Vikram Das,Meta Ads,48999,"03/05/2026, 02:28 PM",9900,,Paid,
May-26,YT,DS Meta Ads,FB,DS-B09,13/05/2026,Harish Rao,harish_rao@yahoo.com,9517299955,Vikram Das,Meta Ads,73999,"27/05/2026, 07:51 PM",18000,NBFC Direct,Pending,
May-26,ADS,DA Meta Ads,META,DA-B13,15/05/2026,Meera Reddy,meera_reddy673@yahoo.com,8299580356,Sneha Iyer,Meta Ads,54999,"11/05/2026, 06:48 PM",15100,Self Finance,Paid,
May-26,YT,DA Search Ads,SEM,DA-B13,13/05/2026,Gaurav Rao,gaurav.rao@yahoo.com,7945078380,Kavya Reddy,Organic,69999,"22/05/2026, 11:46 AM",21700,Eduvanz,Paid,
May-26,ADS Referral,CS Search Ads,GSN,CS-B04,12/05/2026,Dhruv Verma,dhruv.verma167@yahoo.com,8506345168,Rahul Menon,YouTube,61999,"07/05/2026, 12:26 PM",22500,Propelld,Paid,
May-26,ADS Referral,Gen AI Search Ads,GADS,GENAI-B03,26/05/2026,Vijay Shah,vijay_shah223@yahoo.com,9213428938,Ananya Joshi,Meta Ads,60999,"30/05/2026, 10:51 PM",29000,,Paid,
May-26,ADS Referral,CS Search Ads,GADS,CS-B05,12/05/2026,Vishal Varma,vishal_varma80@hotmail.com,7700057784,Priya Sharma,Meta Ads,67999,"10/05/2026, 09:50 AM",22400,Auxilo,Pending,
May-26,ADS,CS Search Ads,GSN,CS-B05,17/05/2026,Meera Sharma,meera.sharma420@hotmail.com,8197427819,Sneha Iyer,Google Ads,62999,"18/05/2026, 10:13 AM",28000,NBFC Direct,Paid,
May-26,YT Referral,Gen AI Search Ads,GSN,GENAI-B04,20/05/2026,Karan Singh,karan_singh988@outlook.com,9702952099,Deepak Verma,Meta Ads,73999,"12/05/2026, 01:33 PM",16800,Self Finance,Partial,
May-26,YT Referral,DS Meta Ads,FB,DS-B09,03/05/2026,Vijay Chopra,vijay_chopra@rediffmail.com,6146131673,Kavya Reddy,Google Ads,83999,"28/05/2026, 10:07 PM",24300,Self Finance,Paid,
May-26,YT Referral,DA Meta Ads,FB,DA-B13,13/05/2026,Jaya Pandey,jaya_pandey@gmail.com,8586894281,Sneha Iyer,Meta Ads,57999,"27/05/2026, 03:41 PM",22800,Eduvanz,Paid,
May-26,YT,DA Search Ads,GSN,DA-B13,13/05/2026,Chetan Tiwari,chetan_tiwari491@rediffmail.com,6778377038,Ananya Joshi,Meta Ads,57999,"09/05/2026, 08:29 PM",19200,,Paid,
May-26,ADS,BA Meta Ads,INST,BA-B06,31/05/2026,Kritika Reddy,kritika.reddy361@rediffmail.com,7276656937,Priya Sharma,Google Ads,48999,"31/05/2026, 08:19 PM",19200,,Paid,
May-26,YT,AI/ML Search Ads,GSN,AIML-B02,07/05/2026,Esha Agarwal,esha.agarwal713@rediffmail.com,6964753202,Suresh Bhat,Organic,84999,"03/05/2026, 11:29 AM",36000,Auxilo,Pending,
May-26,ADS,DA Search Ads,GSN,DA-B14,08/05/2026,Kavya Bose,kavyabose601@rediffmail.com,7054569273,Arjun Nair,Meta Ads,57999,"05/05/2026, 06:53 PM",12200,Propelld,Pending,
May-26,ADS Referral,DA Meta Ads,INST,DA-B12,29/05/2026,Harish Das,harish.das430@yahoo.com,7259608935,Deepak Verma,Meta Ads,58999,"05/05/2026, 11:26 AM",18600,Propelld,Partial,
May-26,ADS,DA Meta Ads,FB,DA-B12,27/05/2026,Amit Murthy,amit_murthy133@gmail.com,9934658133,Sneha Iyer,Google Ads,58999,"11/05/2026, 05:59 PM",19400,Self Finance,Paid,
May-26,YT,AI/ML Search Ads,GSN,AIML-B03,01/05/2026,Sahil Fernandes,sahilfernandes483@outlook.com,7971831012,Rahul Menon,WhatsApp,66999,"21/05/2026, 10:02 PM",14400,Propelld,Paid,
May-26,ADS,Gen AI Search Ads,SEM,GENAI-B03,16/05/2026,Sneha Reddy,sneha_reddy@hotmail.com,7523845900,Ananya Joshi,Organic,65999,"19/05/2026, 11:07 AM",28600,Eduvanz,Paid,
May-26,ADS,CS Search Ads,GADS,CS-B05,04/05/2026,Chetan Das,chetandas295@yahoo.com,7346825581,Suresh Bhat,Google Ads,69999,"17/05/2026, 01:43 PM",17500,Eduvanz,Paid,
May-26,ADS Referral,Gen AI Search Ads,GSN,GENAI-B03,04/05/2026,Sakshi Reddy,sakshi.reddy949@outlook.com,7390075734,Arjun Nair,WhatsApp,73999,"21/05/2026, 01:53 PM",29200,,Paid,
May-26,ADS,Gen AI Meta Ads,META,GENAI-B04,07/05/2026,Gaurav Shah,gauravshah@outlook.com,9755191130,Rahul Menon,Google Ads,60999,"24/05/2026, 02:01 PM",14500,Self Finance,Pending,
May-26,ADS Referral,Gen AI Search Ads,SEM,GENAI-B03,14/05/2026,Deepak Patel,deepak_patel430@hotmail.com,6484340079,Sneha Iyer,Organic,62999,"26/05/2026, 10:53 PM",15400,,Paid,
May-26,ADS,DS Search Ads,SEM,DS-B08,10/05/2026,Aarav Yadav,aarav_yadav113@yahoo.com,9086829692,Meera Pillai,YouTube,74999,"20/05/2026, 07:55 PM",25800,HDFC Credila,Loan Disbursed,29/05/2026
May-26,YT,DS Search Ads,GSN,DS-B09,28/05/2026,Hemant Joshi,hemantjoshi628@gmail.com,9301081858,Meera Pillai,Organic,64999,"21/05/2026, 08:14 PM",24600,HDFC Credila,Paid,
May-26,YT Referral,AI/ML Search Ads,GSN,AIML-B03,26/05/2026,Kavya Jain,kavya.jain830@rediffmail.com,6292165870,Kavya Reddy,Organic,71999,"27/05/2026, 12:04 PM",31400,Self Finance,Paid,
May-26,ADS,DM Meta Ads,INST,DM-B08,18/05/2026,Rohit Shetty,rohitshetty@outlook.com,9056744965,Deepak Verma,Meta Ads,41999,"21/05/2026, 11:02 AM",18300,Self Finance,Paid,
May-26,YT,Gen AI Search Ads,GSN,GENAI-B04,29/05/2026,Deepa Singh,deepasingh@yahoo.com,7267026002,Rahul Menon,Google Ads,57999,"22/05/2026, 12:16 PM",22900,Propelld,Partial,
May-26,ADS,Gen AI Search Ads,GSN,GENAI-B04,25/05/2026,Sonia Verma,sonia_verma@gmail.com,7949299784,Meera Pillai,Organic,57999,"12/05/2026, 03:54 PM",16300,Self Finance,Paid,
May-26,ADS Referral,DS Search Ads,SEM,DS-B08,20/05/2026,Ravi Agarwal,ravi_agarwal@rediffmail.com,8734038645,Vikram Das,Google Ads,63999,"26/05/2026, 03:38 PM",28200,Self Finance,Pending,
May-26,ADS Referral,BA Search Ads,GSN,BA-B06,10/05/2026,Uday Agarwal,uday.agarwal94@gmail.com,9910862373,Ananya Joshi,Organic,45999,"31/05/2026, 09:33 PM",10700,Self Finance,Paid,
May-26,ADS Referral,Gen AI Meta Ads,META,GENAI-B04,29/05/2026,Kiran Bose,kiran.bose42@outlook.com,6909143177,Suresh Bhat,Meta Ads,57999,"07/05/2026, 10:30 AM",24800,,Partial,
May-26,ADS Referral,DS Search Ads,GADS,DS-B09,04/05/2026,Mohit Rao,mohit_rao753@hotmail.com,7625944878,Kavya Reddy,Google Ads,82999,"10/05/2026, 07:41 PM",37500,Propelld,Loan Disbursed,30/05/2026
May-26,ADS,DM Meta Ads,FB,DM-B07,30/05/2026,Esha Shah,esha.shah725@rediffmail.com,9411367656,Arjun Nair,Meta Ads,42999,"21/05/2026, 09:37 AM",20000,Self Finance,Paid,
May-26,YT,DS Meta Ads,META,DS-B09,22/05/2026,Lakshmi Naidu,lakshminaidu262@rediffmail.com,8789535426,Rahul Menon,Google Ads,65999,"24/05/2026, 01:36 PM",29700,Self Finance,Loan Disbursed,
May-26,ADS Referral,AI/ML Search Ads,SEM,AIML-B02,03/05/2026,Lakshmi Das,lakshmi.das@hotmail.com,6505164140,Meera Pillai,Meta Ads,86999,"14/05/2026, 09:16 AM",35300,Self Finance,Paid,
May-26,ADS,DS Meta Ads,META,DS-B10,27/05/2026,Chetan Sharma,chetan.sharma763@hotmail.com,7490001426,Deepak Verma,Google Ads,63999,"07/05/2026, 05:23 PM",15700,HDFC Credila,Paid,
May-26,YT,DM Meta Ads,INST,DM-B07,15/05/2026,Vinay Jain,vinayjain@yahoo.com,8472540852,Vikram Das,YouTube,47999,"28/05/2026, 09:24 PM",22600,Propelld,Partial,
May-26,ADS,DS Meta Ads,FB,DS-B09,19/05/2026,Suresh Pandey,sureshpandey176@rediffmail.com,9978413572,Sneha Iyer,WhatsApp,79999,"25/05/2026, 01:08 PM",24800,Propelld,Pending,
May-26,ADS,DS Search Ads,SEM,DS-B10,02/05/2026,Amit Pandey,amit_pandey@hotmail.com,8195743113,Suresh Bhat,Referral,81999,"20/05/2026, 06:26 PM",28100,Self Finance,Pending,
May-26,ADS Referral,DA Meta Ads,META,DA-B12,08/05/2026,Nandini Singh,nandinisingh@gmail.com,7984372487,Meera Pillai,Meta Ads,59999,"09/05/2026, 09:02 PM",26900,Propelld,Loan Disbursed,31/05/2026
May-26,ADS,BA Search Ads,GADS,BA-B05,15/05/2026,Kiran Hegde,kiran.hegde@rediffmail.com,9524248833,Ananya Joshi,Email,59999,"27/05/2026, 05:24 PM",28900,,Pending,
May-26,YT,CS Search Ads,GADS,CS-B05,19/05/2026,Kritika Joshi,kritikajoshi@hotmail.com,6058986378,Ananya Joshi,Google Ads,63999,"29/05/2026, 07:12 PM",31800,Self Finance,Loan Disbursed,
May-26,YT,DA Search Ads,GSN,DA-B13,10/05/2026,Geeta Yadav,geeta_yadav85@rediffmail.com,9643850029,Vikram Das,Referral,55999,"04/05/2026, 10:28 AM",25600,Propelld,Paid,
May-26,ADS,Gen AI Search Ads,GSN,GENAI-B04,27/05/2026,Ananya Sharma,ananyasharma@yahoo.com,9334977690,Ananya Joshi,Email,57999,"19/05/2026, 07:11 PM",11600,Propelld,Paid,
May-26,ADS,DA Meta Ads,INST,DA-B13,20/05/2026,Yash Fernandes,yash.fernandes@outlook.com,9861805221,Rahul Menon,YouTube,56999,"29/05/2026, 07:10 PM",20800,Eduvanz,Partial,
May-26,ADS Referral,Gen AI Meta Ads,FB,GENAI-B04,03/05/2026,Amit Rao,amitrao783@gmail.com,7409629565,Deepak Verma,Meta Ads,58999,"15/05/2026, 06:08 PM",17000,,Paid,
May-26,YT,DA Meta Ads,FB,DA-B12,31/05/2026,Ravi Singh,ravisingh99@yahoo.com,6141773989,Sneha Iyer,Google Ads,54999,"13/05/2026, 10:13 AM",24500,Auxilo,Paid,
May-26,ADS,DM Meta Ads,INST,DM-B07,10/05/2026,Tanvi Hegde,tanvihegde663@gmail.com,6094751556,Suresh Bhat,Meta Ads,46999,"23/05/2026, 01:39 PM",21700,Self Finance,Paid,
May-26,YT,BA Meta Ads,INST,BA-B05,29/05/2026,Pallavi Kapoor,pallavi.kapoor816@yahoo.com,7155781757,Kavya Reddy,Meta Ads,46999,"09/05/2026, 10:23 AM",12900,Self Finance,Loan Disbursed,
May-26,ADS Referral,Gen AI Meta Ads,META,GENAI-B03,20/05/2026,Geeta Iyer,geetaiyer808@yahoo.com,7823706743,Arjun Nair,Google Ads,70999,"15/05/2026, 02:03 PM",33800,Eduvanz,Paid,
May-26,YT Referral,DA Search Ads,GADS,DA-B14,09/05/2026,Hemant Rajan,hemant_rajan504@gmail.com,7117234413,Sneha Iyer,Organic,50999,"31/05/2026, 08:26 PM",22100,Self Finance,Paid,
May-26,YT Referral,AI/ML Search Ads,GSN,AIML-B02,30/05/2026,Meera Reddy,meerareddy521@hotmail.com,8989235969,Priya Sharma,Meta Ads,65999,"22/05/2026, 12:46 PM",19100,Propelld,Loan Disbursed,03/05/2026
May-26,YT,DS Search Ads,GADS,DS-B10,07/05/2026,Anjali Sharma,anjalisharma688@rediffmail.com,6164021280,Kavya Reddy,YouTube,68999,"24/05/2026, 09:18 AM",23100,,Paid,
May-26,ADS,DS Search Ads,GSN,DS-B08,04/05/2026,Sakshi Fernandes,sakshi.fernandes232@outlook.com,8625586949,Vikram Das,Organic,60999,"30/05/2026, 07:16 PM",23000,Eduvanz,Pending,
May-26,ADS Referral,DS Search Ads,GADS,DS-B10,13/05/2026,Geeta Pillai,geeta_pillai@rediffmail.com,8550495091,Arjun Nair,Meta Ads,73999,"22/05/2026, 09:23 PM",35700,HDFC Credila,Paid,
May-26,ADS,Gen AI Meta Ads,META,GENAI-B03,17/05/2026,Kavya Rao,kavyarao594@hotmail.com,9777754247,Suresh Bhat,Meta Ads,63999,"28/05/2026, 12:51 PM",16000,Self Finance,Paid,
May-26,ADS,CS Search Ads,GSN,CS-B04,24/05/2026,Bhavna Desai,bhavna.desai643@outlook.com,6096093648,Sneha Iyer,Email,69999,"23/05/2026, 09:21 PM",16200,NBFC Direct,Paid,
May-26,ADS,Gen AI Meta Ads,FB,GENAI-B04,22/05/2026,Ishaan Yadav,ishaanyadav@yahoo.com,9984083650,Suresh Bhat,YouTube,55999,"10/05/2026, 11:37 AM",16300,Auxilo,Pending,
May-26,ADS,Gen AI Search Ads,GSN,GENAI-B03,19/05/2026,Tanvi Yadav,tanvi_yadav@gmail.com,7952863443,Priya Sharma,Google Ads,59999,"22/05/2026, 02:23 PM",29900,Self Finance,Paid,
May-26,ADS Referral,CS Search Ads,GADS,CS-B05,09/05/2026,Pallavi Fernandes,pallavi.fernandes@yahoo.com,8015776364,Rahul Menon,WhatsApp,58999,"23/05/2026, 11:14 AM",24500,Propelld,Paid,
May-26,YT,Gen AI Meta Ads,FB,GENAI-B04,14/05/2026,Aarav Iyer,aarav.iyer@yahoo.com,9786025375,Deepak Verma,Referral,75999,"29/05/2026, 12:12 PM",23400,Self Finance,Partial,
May-26,ADS,DA Meta Ads,INST,DA-B12,13/05/2026,Vinay Yadav,vinay.yadav90@rediffmail.com,8943577889,Kavya Reddy,Google Ads,65999,"28/05/2026, 02:26 PM",27700,,Paid,
May-26,ADS,DA Search Ads,GADS,DA-B14,27/05/2026,Gaurav Nair,gaurav_nair@rediffmail.com,7401566038,Vikram Das,YouTube,68999,"29/05/2026, 01:20 PM",21500,Self Finance,Refunded,
May-26,YT,DA Search Ads,GADS,DA-B12,03/05/2026,Kiran Das,kiran.das782@gmail.com,7326039426,Rahul Menon,Meta Ads,61999,"18/05/2026, 03:55 PM",29200,Self Finance,Paid,
May-26,ADS,BA Meta Ads,META,BA-B06,10/05/2026,Karan Shah,karan.shah373@gmail.com,6214122456,Kavya Reddy,Meta Ads,51999,"16/05/2026, 07:37 PM",10700,Self Finance,Refunded,
May-26,ADS,CS Search Ads,GSN,CS-B04,20/05/2026,Akash Kumar,akash.kumar268@hotmail.com,6212245024,Arjun Nair,Google Ads,66999,"05/05/2026, 07:11 PM",15300,Self Finance,Paid,
May-26,YT Referral,DA Meta Ads,INST,DA-B14,21/05/2026,Yash Bose,yash.bose76@yahoo.com,7737296207,Arjun Nair,Referral,65999,"28/05/2026, 06:20 PM",24800,Self Finance,Paid,
May-26,YT Referral,CS Search Ads,GADS,CS-B04,19/05/2026,Meera Pandey,meerapandey977@yahoo.com,9394392829,Rahul Menon,Meta Ads,69999,"21/05/2026, 12:04 PM",26800,Self Finance,Paid,
May-26,ADS Referral,DS Meta Ads,FB,DS-B10,18/05/2026,Sahil Murthy,sahil_murthy@yahoo.com,8211088708,Kavya Reddy,Email,75999,"26/05/2026, 10:12 PM",19100,Self Finance,Paid,
May-26,YT Referral,DS Search Ads,GADS,DS-B10,07/05/2026,Priya Bose,priya_bose888@rediffmail.com,6510417079,Ananya Joshi,Meta Ads,84999,"25/05/2026, 09:14 PM",25200,Self Finance,Paid,
May-26,ADS,CS Search Ads,GSN,CS-B05,06/05/2026,Kavya Naidu,kavyanaidu@outlook.com,9209351834,Suresh Bhat,Referral,59999,"15/05/2026, 02:24 PM",27500,Self Finance,Paid,
May-26,YT,CS Search Ads,GSN,CS-B04,09/05/2026,Aarav Das,aarav_das337@rediffmail.com,8336279902,Priya Sharma,Organic,57999,"04/05/2026, 08:40 PM",25000,HDFC Credila,Partial,
May-26,ADS Referral,DA Meta Ads,FB,DA-B14,28/05/2026,Vijay Rajan,vijay_rajan817@rediffmail.com,8103807826,Rahul Menon,Google Ads,67999,"13/05/2026, 06:53 PM",13800,Self Finance,Paid,
May-26,ADS Referral,Gen AI Meta Ads,META,GENAI-B03,10/05/2026,Kiran Shetty,kiranshetty57@yahoo.com,8169306194,Priya Sharma,YouTube,66999,"21/05/2026, 09:57 AM",23400,,Partial,
May-26,ADS Referral,CS Search Ads,GADS,CS-B05,21/05/2026,Shruti Singh,shruti.singh@hotmail.com,9311125290,Suresh Bhat,Email,63999,"18/05/2026, 08:26 PM",13400,Self Finance,Loan Disbursed,
May-26,YT,CS Search Ads,GADS,CS-B05,19/05/2026,Ravi Das,ravi.das@rediffmail.com,8081786110,Suresh Bhat,Organic,58999,"20/05/2026, 11:00 AM",17700,Propelld,Paid,
May-26,ADS,BA Search Ads,GSN,BA-B05,26/05/2026,Geeta Verma,geeta_verma@rediffmail.com,6835075298,Meera Pillai,Referral,57999,"20/05/2026, 04:55 PM",26100,Propelld,Paid,
May-26,ADS,CS Search Ads,GSN,CS-B05,23/05/2026,Uday Murthy,uday.murthy733@outlook.com,7407199256,Arjun Nair,Meta Ads,68999,"01/05/2026, 02:40 PM",20000,Eduvanz,Partial,
May-26,YT,DS Meta Ads,FB,DS-B08,22/05/2026,Anjali Mehta,anjali_mehta239@gmail.com,6407093771,Suresh Bhat,Referral,71999,"28/05/2026, 04:11 PM",15300,Self Finance,Paid,
May-26,YT,Gen AI Meta Ads,META,GENAI-B04,18/05/2026,Bhavna Das,bhavnadas@rediffmail.com,7839917625,Suresh Bhat,Meta Ads,57999,"15/05/2026, 06:24 PM",28500,Eduvanz,Pending,
May-26,YT Referral,DS Meta Ads,FB,DS-B10,02/05/2026,Rahul Nair,rahulnair@rediffmail.com,8365753776,Ananya Joshi,YouTube,69999,"20/05/2026, 11:50 AM",15800,HDFC Credila,Pending,
May-26,ADS,BA Meta Ads,INST,BA-B05,03/05/2026,Nikhil Murthy,nikhilmurthy@yahoo.com,6190637007,Priya Sharma,Meta Ads,47999,"20/05/2026, 04:03 PM",21300,Eduvanz,Partial,
May-26,ADS Referral,DM Meta Ads,META,DM-B08,09/05/2026,Geeta Pillai,geetapillai445@rediffmail.com,6557229838,Sneha Iyer,Organic,46999,"31/05/2026, 11:23 AM",16400,Propelld,Pending,
May-26,YT,AI/ML Search Ads,SEM,AIML-B03,07/05/2026,Anjali Agarwal,anjali_agarwal360@yahoo.com,6712824247,Deepak Verma,YouTube,81999,"27/05/2026, 02:16 PM",25200,NBFC Direct,Partial,
May-26,YT Referral,BA Meta Ads,INST,BA-B05,15/05/2026,Bhavna Kapoor,bhavnakapoor511@rediffmail.com,7895649555,Kavya Reddy,Organic,54999,"14/05/2026, 09:05 PM",19800,Self Finance,Paid,
May-26,YT Referral,Gen AI Search Ads,SEM,GENAI-B04,04/05/2026,Ravi Kapoor,ravi_kapoor@outlook.com,6105838568,Ananya Joshi,Google Ads,61999,"22/05/2026, 08:21 PM",27700,Self Finance,Paid,
May-26,ADS,Gen AI Search Ads,GADS,GENAI-B03,02/05/2026,Bhavna Sharma,bhavna_sharma454@yahoo.com,6650375461,Kavya Reddy,YouTube,63999,"31/05/2026, 09:09 AM",30500,Propelld,Paid,
May-26,ADS,DM Meta Ads,META,DM-B08,07/05/2026,Rohan Joshi,rohanjoshi407@gmail.com,6260989941,Rahul Menon,Google Ads,40999,"19/05/2026, 03:03 PM",19000,Propelld,Paid,
May-26,ADS Referral,Gen AI Search Ads,SEM,GENAI-B04,03/05/2026,Jaya Kumar,jaya_kumar@yahoo.com,6452755105,Ananya Joshi,Referral,67999,"22/05/2026, 08:28 PM",27500,Propelld,Loan Disbursed,26/05/2026
May-26,ADS Referral,Gen AI Search Ads,SEM,GENAI-B03,15/05/2026,Vinay Singh,vinay.singh880@rediffmail.com,9006138472,Ananya Joshi,Referral,74999,"12/05/2026, 02:22 PM",35300,Self Finance,Paid,
May-26,ADS,Gen AI Search Ads,GSN,GENAI-B04,01/05/2026,Rohan Ghosh,rohan.ghosh@yahoo.com,7993209938,Sneha Iyer,Google Ads,65999,"07/05/2026, 09:40 PM",21700,Eduvanz,Paid,
May-26,ADS,DS Meta Ads,FB,DS-B10,09/05/2026,Swati Menon,swati_menon@hotmail.com,9836750092,Deepak Verma,YouTube,78999,"31/05/2026, 10:04 AM",17900,,Loan Disbursed,
May-26,ADS,DS Search Ads,GADS,DS-B08,04/05/2026,Manish Varma,manishvarma404@rediffmail.com,8191495608,Kavya Reddy,Meta Ads,74999,"26/05/2026, 04:42 PM",19400,NBFC Direct,Pending,
May-26,ADS Referral,DA Search Ads,GSN,DA-B13,07/05/2026,Isha Pillai,ishapillai@hotmail.com,9046400133,Arjun Nair,Meta Ads,54999,"25/05/2026, 02:19 PM",13100,,Paid,
May-26,YT,Gen AI Meta Ads,META,GENAI-B03,30/05/2026,Aarav Fernandes,aarav.fernandes699@outlook.com,7132643494,Meera Pillai,Meta Ads,64999,"04/05/2026, 01:36 PM",26900,,Partial,
May-26,ADS,DS Search Ads,SEM,DS-B08,30/05/2026,Sakshi Sharma,sakshi.sharma988@gmail.com,9371171690,Kavya Reddy,Referral,83999,"23/05/2026, 02:26 PM",39000,Self Finance,Partial,
May-26,YT,DA Search Ads,GADS,DA-B12,26/05/2026,Priya Shetty,priya_shetty@outlook.com,6915731243,Suresh Bhat,YouTube,69999,"12/05/2026, 01:42 PM",32600,Propelld,Partial,
May-26,YT Referral,DS Search Ads,SEM,DS-B08,16/05/2026,Kavya Murthy,kavya_murthy226@hotmail.com,7232607244,Rahul Menon,Google Ads,68999,"14/05/2026, 07:58 PM",28400,,Loan Disbursed,
May-26,YT,DA Meta Ads,INST,DA-B14,08/05/2026,Divya Tiwari,divya.tiwari509@yahoo.com,8158908796,Vikram Das,Meta Ads,67999,"04/05/2026, 09:46 AM",28400,Self Finance,Paid,
May-26,YT,Gen AI Search Ads,GSN,GENAI-B03,28/05/2026,Vishal Tiwari,vishal_tiwari@yahoo.com,9966444853,Priya Sharma,Organic,67999,"25/05/2026, 04:12 PM",21700,Self Finance,Paid,
May-26,ADS,DS Meta Ads,FB,DS-B08,28/05/2026,Isha Rajan,isha.rajan@outlook.com,8459984294,Suresh Bhat,YouTube,78999,"05/05/2026, 06:33 PM",24100,Propelld,Pending,
May-26,ADS Referral,Gen AI Meta Ads,FB,GENAI-B03,13/05/2026,Ravi Bose,ravi.bose@rediffmail.com,6904779366,Priya Sharma,YouTube,61999,"04/05/2026, 12:54 PM",22000,Propelld,Paid,
May-26,YT,DM Meta Ads,INST,DM-B07,08/05/2026,Sandeep Mehta,sandeep.mehta629@outlook.com,8327401514,Sneha Iyer,Google Ads,39999,"02/05/2026, 09:50 AM",10600,HDFC Credila,Paid,
May-26,ADS,AI/ML Search Ads,GSN,AIML-B03,12/05/2026,Ishaan Reddy,ishaanreddy737@yahoo.com,7532336928,Suresh Bhat,Google Ads,69999,"10/05/2026, 01:46 PM",31700,HDFC Credila,Paid,
May-26,YT Referral,BA Meta Ads,META,BA-B05,11/05/2026,Meera Ghosh,meera.ghosh@outlook.com,6115968865,Arjun Nair,Meta Ads,56999,"27/05/2026, 08:13 PM",27300,,Paid,
May-26,YT,DA Meta Ads,FB,DA-B13,09/05/2026,Shruti Rao,shruti_rao465@gmail.com,6463368470,Vikram Das,Google Ads,50999,"08/05/2026, 09:09 AM",19500,Eduvanz,Paid,
May-26,ADS Referral,DA Meta Ads,FB,DA-B13,12/05/2026,Sahil Desai,sahil.desai375@hotmail.com,8066683055,Suresh Bhat,YouTube,62999,"19/05/2026, 02:46 PM",24500,Self Finance,Paid,
May-26,YT,DS Search Ads,GADS,DS-B10,09/05/2026,Vishal Reddy,vishal.reddy788@hotmail.com,9149366668,Rahul Menon,Referral,68999,"18/05/2026, 09:14 AM",34500,Eduvanz,Paid,
May-26,ADS,DM Meta Ads,INST,DM-B07,05/05/2026,Sakshi Fernandes,sakshifernandes@outlook.com,8560131411,Kavya Reddy,Email,44999,"29/05/2026, 12:00 PM",18600,,Pending,
May-26,YT,DA Search Ads,GADS,DA-B13,04/05/2026,Sneha Murthy,sneha.murthy667@yahoo.com,8058295090,Deepak Verma,WhatsApp,60999,"01/05/2026, 11:03 AM",14600,Propelld,Paid,
May-26,ADS,CS Search Ads,GADS,CS-B05,14/05/2026,Sakshi Rajan,sakshi.rajan586@rediffmail.com,6600956547,Rahul Menon,YouTube,68999,"05/05/2026, 08:59 PM",32500,Eduvanz,Paid,
May-26,YT,DS Search Ads,GADS,DS-B09,11/05/2026,Dhruv Jain,dhruvjain734@gmail.com,9629447470,Suresh Bhat,YouTube,70999,"06/05/2026, 07:30 PM",34900,HDFC Credila,Pending,
May-26,YT,DS Meta Ads,FB,DS-B08,28/05/2026,Pradeep Gupta,pradeepgupta557@yahoo.com,6350429142,Vikram Das,Meta Ads,79999,"15/05/2026, 02:08 PM",37900,Self Finance,Pending,
May-26,ADS,DA Search Ads,GADS,DA-B12,01/05/2026,Gaurav Tiwari,gaurav_tiwari812@rediffmail.com,7951008112,Meera Pillai,YouTube,67999,"26/05/2026, 04:41 PM",18100,Self Finance,Loan Disbursed,
May-26,YT,DS Search Ads,SEM,DS-B10,18/05/2026,Varun Kumar,varunkumar760@hotmail.com,6441315904,Meera Pillai,YouTube,77999,"01/05/2026, 09:10 PM",26500,Eduvanz,Paid,
May-26,ADS,DS Search Ads,GSN,DS-B08,03/05/2026,Geeta Mehta,geeta.mehta@yahoo.com,7820639110,Rahul Menon,Meta Ads,67999,"10/05/2026, 11:08 AM",21000,Self Finance,Paid,
May-26,ADS Referral,DS Meta Ads,FB,DS-B10,28/05/2026,Isha Mehta,isha_mehta836@gmail.com,7468346128,Ananya Joshi,Meta Ads,71999,"22/05/2026, 02:52 PM",23800,NBFC Direct,Paid,
May-26,YT,Gen AI Meta Ads,META,GENAI-B04,30/05/2026,Sahil Hegde,sahilhegde@hotmail.com,9918611476,Kavya Reddy,YouTube,67999,"11/05/2026, 05:48 PM",15700,Self Finance,Partial,
May-26,ADS Referral,DA Search Ads,GSN,DA-B12,01/05/2026,Aarav Menon,aarav_menon74@outlook.com,7483411222,Kavya Reddy,Organic,64999,"08/05/2026, 01:39 PM",23500,Self Finance,Loan Disbursed,
May-26,ADS,DM Meta Ads,FB,DM-B07,13/05/2026,Priya Rao,priya.rao@rediffmail.com,9967472028,Suresh Bhat,Meta Ads,45999,"19/05/2026, 07:30 PM",14000,Self Finance,Paid,
May-26,ADS,Gen AI Meta Ads,META,GENAI-B03,24/05/2026,Gaurav Tiwari,gaurav.tiwari@outlook.com,8341511219,Meera Pillai,YouTube,59999,"04/05/2026, 05:13 PM",22100,HDFC Credila,Pending,
May-26,ADS,DS Meta Ads,FB,DS-B08,04/05/2026,Aarav Patel,aaravpatel512@rediffmail.com,9185464497,Kavya Reddy,Organic,62999,"13/05/2026, 06:38 PM",18900,,Paid,
May-26,ADS,DS Meta Ads,FB,DS-B08,12/05/2026,Rohan Sharma,rohansharma196@yahoo.com,9059912861,Rahul Menon,Meta Ads,68999,"22/05/2026, 09:45 PM",15500,Self Finance,Paid,
May-26,YT,CS Search Ads,GSN,CS-B05,15/05/2026,Anjali Mehta,anjalimehta463@hotmail.com,7081463096,Vikram Das,YouTube,68999,"21/05/2026, 11:22 AM",20100,Eduvanz,Partial,
May-26,ADS Referral,DA Meta Ads,META,DA-B12,19/05/2026,Geeta Singh,geeta_singh@gmail.com,8630098562,Vikram Das,Google Ads,63999,"04/05/2026, 09:35 AM",19600,Propelld,Paid,
May-26,YT,AI/ML Search Ads,SEM,AIML-B03,18/05/2026,Meera Ghosh,meera.ghosh@yahoo.com,6491403545,Suresh Bhat,Google Ads,67999,"29/05/2026, 05:07 PM",28500,,Paid,
May-26,ADS Referral,DM Meta Ads,INST,DM-B07,05/05/2026,Suresh Varma,sureshvarma@gmail.com,9518318256,Vikram Das,Referral,39999,"07/05/2026, 02:45 PM",13000,Auxilo,Paid,
May-26,ADS Referral,Gen AI Meta Ads,META,GENAI-B04,10/05/2026,Pooja Murthy,poojamurthy832@gmail.com,9978042375,Deepak Verma,WhatsApp,70999,"24/05/2026, 05:27 PM",31500,,Loan Disbursed,
May-26,YT,DS Meta Ads,FB,DS-B10,22/05/2026,Tanvi Yadav,tanviyadav993@outlook.com,7866041197,Priya Sharma,Referral,70999,"03/05/2026, 09:05 AM",28000,Auxilo,Paid,
May-26,ADS,Gen AI Search Ads,GSN,GENAI-B04,20/05/2026,Shruti Fernandes,shrutifernandes@yahoo.com,9542415660,Rahul Menon,Organic,77999,"12/05/2026, 01:38 PM",37800,Self Finance,Paid,
May-26,YT Referral,DA Search Ads,SEM,DA-B14,27/05/2026,Pradeep Ghosh,pradeep.ghosh332@yahoo.com,9338283317,Meera Pillai,YouTube,62999,"06/05/2026, 09:19 AM",17200,NBFC Direct,Paid,
May-26,ADS,Gen AI Search Ads,SEM,GENAI-B03,08/05/2026,Aditya Sharma,adityasharma755@rediffmail.com,7484600635,Vikram Das,WhatsApp,59999,"22/05/2026, 06:59 PM",18600,Self Finance,Pending,
May-26,ADS,DM Meta Ads,FB,DM-B07,25/05/2026,Nandini Pillai,nandini_pillai66@hotmail.com,7002331323,Rahul Menon,Meta Ads,38999,"23/05/2026, 11:06 AM",18100,Self Finance,Partial,
May-26,ADS,BA Search Ads,GADS,BA-B06,25/05/2026,Vishal Murthy,vishal_murthy@hotmail.com,8957938615,Kavya Reddy,Google Ads,57999,"04/05/2026, 10:33 PM",27000,Propelld,Paid,
May-26,ADS,DA Meta Ads,INST,DA-B14,08/05/2026,Tanvi Gupta,tanvi.gupta@outlook.com,7264219769,Deepak Verma,YouTube,55999,"05/05/2026, 05:19 PM",25700,Self Finance,Pending,
May-26,YT,DA Meta Ads,FB,DA-B13,22/05/2026,Anjali Joshi,anjalijoshi675@hotmail.com,9997412751,Meera Pillai,Referral,63999,"11/05/2026, 10:16 PM",30000,Propelld,Paid,
May-26,YT,DA Search Ads,GADS,DA-B14,14/05/2026,Aarav Patel,aarav_patel@gmail.com,6971121522,Vikram Das,YouTube,65999,"09/05/2026, 10:38 PM",24500,Self Finance,Paid,
May-26,ADS,Gen AI Meta Ads,FB,GENAI-B04,04/05/2026,Kiran Menon,kiran_menon70@yahoo.com,9200736976,Suresh Bhat,Organic,71999,"09/05/2026, 09:12 PM",31400,Self Finance,Paid,
May-26,ADS,DM Meta Ads,INST,DM-B07,26/05/2026,Priya Jain,priya.jain318@outlook.com,8770415115,Kavya Reddy,WhatsApp,37999,"27/05/2026, 02:09 PM",16200,,Paid,
May-26,ADS,DA Search Ads,GADS,DA-B14,29/05/2026,Ishaan Iyer,ishaan_iyer@gmail.com,9807703505,Vikram Das,YouTube,50999,"07/05/2026, 10:14 AM",14300,,Paid,
May-26,ADS,DS Search Ads,SEM,DS-B10,17/05/2026,Hemant Shah,hemant_shah@outlook.com,9487616146,Kavya Reddy,YouTube,70999,"19/05/2026, 12:27 PM",32400,,Partial,
May-26,ADS Referral,AI/ML Search Ads,SEM,AIML-B02,06/05/2026,Divya Verma,divya_verma879@rediffmail.com,7904815222,Vikram Das,Referral,67999,"06/05/2026, 06:27 PM",29800,Self Finance,Paid,
May-26,ADS Referral,DA Search Ads,GSN,DA-B12,19/05/2026,Harish Hegde,harishhegde@rediffmail.com,7408356173,Ananya Joshi,Meta Ads,54999,"03/05/2026, 07:56 PM",21600,HDFC Credila,Paid,
May-26,ADS,Gen AI Meta Ads,META,GENAI-B03,01/05/2026,Nandini Kapoor,nandini.kapoor@gmail.com,9672060714,Meera Pillai,Meta Ads,66999,"02/05/2026, 03:33 PM",18200,Self Finance,Pending,
May-26,ADS Referral,DM Meta Ads,FB,DM-B08,09/05/2026,Vijay Patel,vijay_patel@yahoo.com,8365747024,Kavya Reddy,YouTube,36999,"08/05/2026, 03:23 PM",15200,HDFC Credila,Paid,
May-26,ADS,Gen AI Meta Ads,FB,GENAI-B03,01/05/2026,Uday Das,udaydas@outlook.com,7693991568,Ananya Joshi,Email,79999,"18/05/2026, 11:57 AM",16500,NBFC Direct,Partial,
May-26,ADS,DA Meta Ads,INST,DA-B14,10/05/2026,Shruti Varma,shruti_varma919@rediffmail.com,9400036172,Sneha Iyer,Meta Ads,50999,"26/05/2026, 01:25 PM",20500,HDFC Credila,Paid,
May-26,YT Referral,DS Search Ads,GSN,DS-B09,22/05/2026,Vijay Tiwari,vijaytiwari@gmail.com,9653119862,Vikram Das,Email,77999,"02/05/2026, 08:25 PM",29100,Auxilo,Paid,
May-26,ADS,CS Search Ads,GSN,CS-B04,20/05/2026,Rahul Das,rahul_das965@yahoo.com,9422998451,Arjun Nair,Meta Ads,64999,"18/05/2026, 05:54 PM",19100,Auxilo,Paid,
May-26,ADS,DS Search Ads,GADS,DS-B09,01/05/2026,Kritika Rajan,kritikarajan968@rediffmail.com,6973026187,Arjun Nair,Referral,63999,"20/05/2026, 10:13 PM",18100,Self Finance,Paid,
May-26,ADS,DS Meta Ads,META,DS-B09,23/05/2026,Nandini Mehta,nandini_mehta@hotmail.com,7357474446,Rahul Menon,Google Ads,79999,"05/05/2026, 09:23 PM",24900,Self Finance,Partial,
May-26,ADS,DA Search Ads,GSN,DA-B12,25/05/2026,Deepak Joshi,deepakjoshi933@hotmail.com,8521809797,Arjun Nair,Email,60999,"23/05/2026, 07:45 PM",16900,Self Finance,Paid,
May-26,ADS,DM Meta Ads,META,DM-B07,16/05/2026,Harish Menon,harish.menon@gmail.com,6829498878,Vikram Das,YouTube,36999,"24/05/2026, 09:49 PM",18400,Eduvanz,Pending,
May-26,ADS,DA Search Ads,GADS,DA-B14,29/05/2026,Sakshi Yadav,sakshiyadav927@gmail.com,7423944297,Kavya Reddy,Referral,63999,"06/05/2026, 06:58 PM",16100,HDFC Credila,Paid,
May-26,YT,BA Search Ads,GSN,BA-B05,14/05/2026,Kritika Shah,kritikashah@outlook.com,8021631845,Vikram Das,Meta Ads,56999,"02/05/2026, 08:35 PM",15100,Propelld,Pending,
May-26,YT Referral,CS Search Ads,GSN,CS-B04,08/05/2026,Meera Reddy,meera_reddy@hotmail.com,8447950860,Vikram Das,Meta Ads,69999,"16/05/2026, 08:17 PM",18600,Self Finance,Loan Disbursed,
May-26,ADS,DA Search Ads,GADS,DA-B12,23/05/2026,Chetan Kumar,chetan.kumar486@gmail.com,7347393089,Rahul Menon,Meta Ads,64999,"10/05/2026, 09:53 AM",17800,Auxilo,Partial,
May-26,ADS Referral,CS Search Ads,GSN,CS-B05,04/05/2026,Geeta Shah,geeta_shah959@yahoo.com,8287688071,Kavya Reddy,Google Ads,56999,"10/05/2026, 06:38 PM",25700,NBFC Direct,Loan Disbursed,06/05/2026
May-26,ADS,DM Meta Ads,INST,DM-B07,28/05/2026,Vijay Reddy,vijay_reddy105@hotmail.com,9307570815,Kavya Reddy,Referral,36999,"29/05/2026, 12:48 PM",12100,Self Finance,Paid,
May-26,YT,DA Search Ads,SEM,DA-B14,12/05/2026,Arjun Reddy,arjun.reddy@yahoo.com,6642305730,Deepak Verma,Meta Ads,51999,"22/05/2026, 02:50 PM",18700,Eduvanz,Paid,
May-26,YT,Gen AI Search Ads,SEM,GENAI-B04,31/05/2026,Pooja Pandey,pooja_pandey349@rediffmail.com,6999702520,Meera Pillai,Google Ads,68999,"29/05/2026, 04:19 PM",16500,NBFC Direct,Pending,
May-26,ADS Referral,DS Meta Ads,FB,DS-B08,08/05/2026,Nandini Kapoor,nandini.kapoor723@rediffmail.com,8736340344,Vikram Das,Referral,76999,"07/05/2026, 12:31 PM",16200,,Paid,
May-26,ADS,DA Search Ads,GADS,DA-B12,28/05/2026,Divya Fernandes,divya_fernandes807@hotmail.com,9887026673,Vikram Das,Meta Ads,68999,"08/05/2026, 04:59 PM",32000,Eduvanz,Refunded,
May-26,YT,DS Search Ads,SEM,DS-B09,15/05/2026,Chetan Rao,chetan_rao910@rediffmail.com,9253064090,Ananya Joshi,Google Ads,80999,"23/05/2026, 01:37 PM",26500,HDFC Credila,Paid,
May-26,ADS,BA Meta Ads,INST,BA-B06,23/05/2026,Chetan Desai,chetan.desai892@rediffmail.com,6992750566,Arjun Nair,Referral,57999,"09/05/2026, 12:26 PM",20700,Propelld,Paid,
May-26,ADS,DA Meta Ads,INST,DA-B12,19/05/2026,Kiran Sharma,kiran.sharma109@yahoo.com,8808991703,Priya Sharma,WhatsApp,50999,"19/05/2026, 09:16 PM",12200,Propelld,Refunded,
May-26,YT,DA Meta Ads,META,DA-B13,29/05/2026,Arjun Menon,arjunmenon@gmail.com,8296276379,Sneha Iyer,Meta Ads,65999,"12/05/2026, 10:34 PM",24600,Self Finance,Paid,
May-26,YT Referral,Gen AI Meta Ads,FB,GENAI-B03,15/05/2026,Nikhil Ghosh,nikhilghosh126@rediffmail.com,6764644067,Meera Pillai,WhatsApp,68999,"27/05/2026, 10:14 AM",33900,Auxilo,Partial,
May-26,ADS,DS Search Ads,GADS,DS-B08,19/05/2026,Lakshmi Reddy,lakshmireddy@yahoo.com,9767339541,Priya Sharma,Google Ads,62999,"12/05/2026, 09:13 PM",18400,Self Finance,Pending,
May-26,YT,AI/ML Search Ads,GSN,AIML-B02,26/05/2026,Tanvi Sharma,tanvisharma673@hotmail.com,6199962436,Arjun Nair,Google Ads,81999,"10/05/2026, 09:50 PM",30400,HDFC Credila,Pending,
May-26,ADS Referral,DS Search Ads,SEM,DS-B08,18/05/2026,Pooja Pillai,poojapillai209@yahoo.com,7889341484,Sneha Iyer,Google Ads,62999,"13/05/2026, 05:08 PM",22800,,Partial,
May-26,YT,DS Search Ads,GSN,DS-B10,19/05/2026,Meera Singh,meerasingh73@outlook.com,9766114935,Vikram Das,YouTube,70999,"17/05/2026, 04:42 PM",27500,Self Finance,Paid,
May-26,ADS,DS Search Ads,GADS,DS-B08,19/05/2026,Kavya Mehta,kavya_mehta416@yahoo.com,7893771002,Ananya Joshi,YouTube,65999,"09/05/2026, 10:39 AM",22300,Self Finance,Paid,
May-26,ADS,CS Search Ads,GADS,CS-B04,16/05/2026,Uday Nair,uday_nair226@yahoo.com,6910085271,Sneha Iyer,Organic,53999,"08/05/2026, 07:50 PM",13100,Propelld,Pending,
May-26,ADS Referral,Gen AI Search Ads,SEM,GENAI-B04,18/05/2026,Swati Rajan,swati_rajan587@hotmail.com,9425235201,Sneha Iyer,Google Ads,65999,"23/05/2026, 09:21 AM",16000,Propelld,Paid,
May-26,ADS Referral,Gen AI Meta Ads,META,GENAI-B04,23/05/2026,Chetan Das,chetan.das@rediffmail.com,8136097546,Sneha Iyer,WhatsApp,65999,"18/05/2026, 09:33 PM",15000,Self Finance,Paid,
May-26,YT,DA Meta Ads,INST,DA-B13,20/05/2026,Sandeep Shetty,sandeep_shetty253@hotmail.com,7369498405,Deepak Verma,Google Ads,64999,"06/05/2026, 02:10 PM",17300,Self Finance,Loan Disbursed,
May-26,YT,DS Search Ads,GADS,DS-B09,09/05/2026,Dhruv Ghosh,dhruvghosh@yahoo.com,7962049384,Arjun Nair,YouTube,74999,"09/05/2026, 11:19 AM",31000,Propelld,Paid,
May-26,YT Referral,Gen AI Search Ads,SEM,GENAI-B04,16/05/2026,Vijay Murthy,vijay.murthy721@rediffmail.com,7688155451,Suresh Bhat,Google Ads,70999,"21/05/2026, 03:58 PM",30900,,Partial,
May-26,YT Referral,DM Meta Ads,META,DM-B08,09/05/2026,Aarav Iyer,aarav_iyer461@rediffmail.com,9390666328,Arjun Nair,YouTube,46999,"17/05/2026, 08:29 PM",9900,Auxilo,Paid,
May-26,ADS,AI/ML Search Ads,SEM,AIML-B02,24/05/2026,Vishal Singh,vishalsingh@gmail.com,7135920819,Rahul Menon,Google Ads,65999,"25/05/2026, 12:48 PM",27700,Propelld,Paid,
May-26,YT,DS Meta Ads,META,DS-B10,14/05/2026,Pallavi Verma,pallaviverma@outlook.com,9909343886,Arjun Nair,Google Ads,74999,"20/05/2026, 10:29 PM",26000,,Paid,
May-26,YT Referral,DA Search Ads,SEM,DA-B14,31/05/2026,Lakshmi Ghosh,lakshmi_ghosh713@yahoo.com,9548625134,Kavya Reddy,Google Ads,67999,"10/05/2026, 06:41 PM",24600,Self Finance,Partial,
May-26,ADS,Gen AI Meta Ads,META,GENAI-B03,23/05/2026,Sneha Menon,snehamenon827@yahoo.com,6996989187,Meera Pillai,Google Ads,58999,"03/05/2026, 03:22 PM",19200,,Paid,
May-26,YT,Gen AI Search Ads,GSN,GENAI-B04,06/05/2026,Kavya Patel,kavyapatel487@rediffmail.com,6094977868,Ananya Joshi,Referral,69999,"25/05/2026, 10:31 AM",30500,Propelld,Paid,
May-26,ADS Referral,DS Search Ads,GSN,DS-B08,01/05/2026,Esha Jain,esha_jain309@yahoo.com,7754087203,Sneha Iyer,YouTube,80999,"19/05/2026, 04:20 PM",32900,Self Finance,Partial,
May-26,ADS Referral,DA Search Ads,SEM,DA-B12,20/05/2026,Rohan Shetty,rohan_shetty@outlook.com,7517949082,Ananya Joshi,Referral,52999,"13/05/2026, 09:48 AM",20200,HDFC Credila,Paid,
May-26,ADS,DS Search Ads,GSN,DS-B10,07/05/2026,Nikhil Verma,nikhil.verma973@hotmail.com,7632797689,Priya Sharma,Google Ads,72999,"10/05/2026, 05:48 PM",31400,Self Finance,Paid,
May-26,YT,DM Meta Ads,INST,DM-B07,15/05/2026,Pallavi Yadav,pallavi_yadav544@yahoo.com,7027300304,Suresh Bhat,WhatsApp,43999,"25/05/2026, 11:31 AM",16000,Self Finance,Paid,
May-26,YT Referral,Gen AI Search Ads,GSN,GENAI-B03,14/05/2026,Mohit Bose,mohitbose@outlook.com,7683740455,Deepak Verma,Meta Ads,75999,"02/05/2026, 09:07 PM",21800,Eduvanz,Paid,
May-26,YT,BA Search Ads,GSN,BA-B06,13/05/2026,Rohan Tiwari,rohantiwari484@hotmail.com,9441036187,Suresh Bhat,Email,46999,"01/05/2026, 04:17 PM",19400,HDFC Credila,Partial,
May-26,YT Referral,DA Search Ads,GADS,DA-B14,30/05/2026,Aarav Agarwal,aarav_agarwal@rediffmail.com,9559149083,Suresh Bhat,WhatsApp,54999,"20/05/2026, 07:18 PM",14200,Eduvanz,Partial,
May-26,ADS,DA Search Ads,SEM,DA-B12,13/05/2026,Rahul Jain,rahul.jain752@hotmail.com,7929852028,Kavya Reddy,Meta Ads,59999,"05/05/2026, 08:03 PM",14400,Auxilo,Paid,
May-26,ADS,DA Meta Ads,FB,DA-B12,28/05/2026,Aryan Das,aryan.das217@gmail.com,8230057643,Vikram Das,Meta Ads,62999,"15/05/2026, 05:40 PM",26400,Propelld,Partial,
May-26,YT Referral,DM Meta Ads,INST,DM-B08,04/05/2026,Kritika Desai,kritikadesai@hotmail.com,6681152985,Deepak Verma,Google Ads,45999,"22/05/2026, 05:36 PM",19100,,Loan Disbursed,
May-26,ADS Referral,Gen AI Meta Ads,FB,GENAI-B03,25/05/2026,Varun Hegde,varunhegde706@yahoo.com,8568903048,Arjun Nair,Google Ads,66999,"27/05/2026, 03:22 PM",14200,Eduvanz,Partial,
May-26,ADS,BA Search Ads,GSN,BA-B06,17/05/2026,Dhruv Naidu,dhruv.naidu@rediffmail.com,7347015171,Deepak Verma,Email,47999,"22/05/2026, 11:22 AM",14600,Self Finance,Paid,
May-26,YT,DS Meta Ads,FB,DS-B09,10/05/2026,Anjali Fernandes,anjali.fernandes437@hotmail.com,8359532033,Sneha Iyer,Meta Ads,83999,"16/05/2026, 07:21 PM",20600,Self Finance,Partial,
May-26,ADS,Gen AI Search Ads,SEM,GENAI-B04,02/05/2026,Suresh Tiwari,suresh.tiwari199@rediffmail.com,6080299407,Priya Sharma,Organic,58999,"09/05/2026, 10:47 PM",22700,Propelld,Paid,
May-26,ADS Referral,DA Meta Ads,INST,DA-B14,13/05/2026,Vinay Bose,vinay_bose@rediffmail.com,6858845183,Rahul Menon,YouTube,58999,"02/05/2026, 08:34 PM",29000,Self Finance,Partial,
May-26,ADS Referral,DS Search Ads,GSN,DS-B08,26/05/2026,Akash Yadav,akash.yadav510@rediffmail.com,7397346699,Meera Pillai,Google Ads,70999,"17/05/2026, 08:18 PM",17800,Self Finance,Partial,
May-26,YT,BA Meta Ads,META,BA-B06,19/05/2026,Rohan Joshi,rohanjoshi@outlook.com,7790133237,Sneha Iyer,Meta Ads,59999,"27/05/2026, 05:14 PM",21500,HDFC Credila,Pending,
May-26,ADS Referral,DA Search Ads,GADS,DA-B12,13/05/2026,Isha Iyer,isha_iyer967@rediffmail.com,9463950751,Sneha Iyer,YouTube,53999,"06/05/2026, 06:07 PM",24200,,Paid,
May-26,ADS,DS Meta Ads,META,DS-B08,19/05/2026,Ishaan Das,ishaan_das@gmail.com,6418297733,Rahul Menon,Google Ads,83999,"13/05/2026, 12:41 PM",28500,Eduvanz,Paid,
May-26,ADS,Gen AI Search Ads,GSN,GENAI-B04,28/05/2026,Ishaan Singh,ishaansingh86@rediffmail.com,7870919443,Kavya Reddy,WhatsApp,69999,"03/05/2026, 11:48 AM",14900,Eduvanz,Loan Disbursed,18/05/2026
May-26,YT Referral,DA Search Ads,GADS,DA-B13,03/05/2026,Pooja Yadav,pooja.yadav607@outlook.com,7695169038,Priya Sharma,Meta Ads,52999,"07/05/2026, 10:54 AM",23000,Eduvanz,Pending,
May-26,YT,DS Search Ads,GSN,DS-B10,26/05/2026,Kavya Sharma,kavya_sharma88@yahoo.com,8630001036,Meera Pillai,Google Ads,69999,"08/05/2026, 10:12 AM",14100,Self Finance,Loan Disbursed,
May-26,ADS,Gen AI Meta Ads,FB,GENAI-B03,22/05/2026,Sandeep Reddy,sandeep_reddy@rediffmail.com,6911699547,Meera Pillai,Google Ads,69999,"05/05/2026, 02:55 PM",29200,Self Finance,Paid,
May-26,YT,DA Meta Ads,INST,DA-B12,24/05/2026,Hemant Naidu,hemant.naidu405@hotmail.com,8792270950,Suresh Bhat,Google Ads,50999,"21/05/2026, 05:31 PM",17600,Propelld,Partial,
May-26,YT,DM Meta Ads,FB,DM-B08,20/05/2026,Sneha Menon,sneha_menon@gmail.com,9323345916,Suresh Bhat,YouTube,48999,"11/05/2026, 09:26 AM",10800,Eduvanz,Paid,
May-26,YT,DA Meta Ads,FB,DA-B14,16/05/2026,Aryan Jain,aryan_jain@rediffmail.com,7143491344,Meera Pillai,Organic,52999,"06/05/2026, 10:22 PM",21500,Propelld,Paid,
May-26,YT,DS Meta Ads,META,DS-B09,26/05/2026,Isha Pandey,isha.pandey@hotmail.com,9474229904,Kavya Reddy,Meta Ads,69999,"14/05/2026, 09:52 AM",34200,Self Finance,Paid,
May-26,ADS,DS Meta Ads,FB,DS-B09,11/05/2026,Sakshi Fernandes,sakshi.fernandes@gmail.com,8797583521,Arjun Nair,Meta Ads,72999,"28/05/2026, 03:13 PM",33900,Auxilo,Pending,
May-26,ADS,DA Meta Ads,FB,DA-B12,20/05/2026,Amit Verma,amitverma@gmail.com,7413706784,Meera Pillai,Meta Ads,67999,"20/05/2026, 09:56 PM",20100,,Paid,
May-26,YT Referral,DS Search Ads,GSN,DS-B08,31/05/2026,Ananya Joshi,ananya.joshi@yahoo.com,8046761625,Sneha Iyer,YouTube,63999,"20/05/2026, 06:01 PM",22700,Eduvanz,Refunded,
May-26,YT,AI/ML Search Ads,GSN,AIML-B02,26/05/2026,Uday Das,uday.das826@yahoo.com,6295836386,Meera Pillai,Meta Ads,81999,"28/05/2026, 05:37 PM",24400,Self Finance,Refunded,
May-26,ADS Referral,Gen AI Search Ads,GSN,GENAI-B03,24/05/2026,Varun Chopra,varun.chopra595@hotmail.com,8788260191,Vikram Das,YouTube,67999,"10/05/2026, 02:02 PM",21200,HDFC Credila,Paid,
May-26,YT Referral,DS Meta Ads,FB,DS-B10,20/05/2026,Chetan Ghosh,chetan.ghosh@gmail.com,8873709661,Arjun Nair,Meta Ads,69999,"10/05/2026, 02:03 PM",16000,Propelld,Pending,
May-26,YT,DS Meta Ads,FB,DS-B08,24/05/2026,Sneha Desai,snehadesai@yahoo.com,9807282039,Ananya Joshi,Referral,73999,"13/05/2026, 08:52 PM",32400,Self Finance,Paid,
May-26,YT,DA Meta Ads,FB,DA-B14,29/05/2026,Manish Kumar,manish_kumar449@yahoo.com,6759697622,Rahul Menon,YouTube,65999,"17/05/2026, 10:31 PM",24300,Self Finance,Paid,
May-26,YT Referral,Gen AI Meta Ads,FB,GENAI-B04,13/05/2026,Ananya Chopra,ananya.chopra@hotmail.com,6927217980,Priya Sharma,Meta Ads,70999,"27/05/2026, 05:21 PM",21300,Self Finance,Pending,
May-26,YT,DS Search Ads,SEM,DS-B08,12/05/2026,Pradeep Das,pradeep_das@outlook.com,9402396454,Ananya Joshi,Referral,80999,"08/05/2026, 05:26 PM",30900,HDFC Credila,Paid,
May-26,YT,AI/ML Search Ads,SEM,AIML-B03,13/05/2026,Pallavi Joshi,pallavijoshi@outlook.com,6930498360,Deepak Verma,YouTube,84999,"10/05/2026, 04:01 PM",21800,Eduvanz,Paid,
May-26,YT,DM Meta Ads,FB,DM-B08,07/05/2026,Isha Fernandes,isha.fernandes904@gmail.com,7893530285,Ananya Joshi,WhatsApp,48999,"03/05/2026, 11:31 AM",24300,,Partial,
May-26,YT,Gen AI Search Ads,SEM,GENAI-B03,01/05/2026,Sonia Varma,sonia_varma@yahoo.com,6550029755,Rahul Menon,Organic,65999,"21/05/2026, 08:02 PM",29500,Self Finance,Partial,
May-26,ADS Referral,BA Search Ads,GSN,BA-B05,24/05/2026,Lakshmi Sharma,lakshmi.sharma228@yahoo.com,9558362074,Suresh Bhat,WhatsApp,59999,"05/05/2026, 09:03 PM",14200,Self Finance,Paid,
May-26,YT,BA Search Ads,GSN,BA-B06,15/05/2026,Deepak Mehta,deepak_mehta585@outlook.com,8795166045,Deepak Verma,Organic,52999,"03/05/2026, 01:23 PM",13700,Self Finance,Paid,
May-26,YT Referral,AI/ML Search Ads,SEM,AIML-B03,05/05/2026,Hemant Pandey,hemantpandey@rediffmail.com,8541436016,Deepak Verma,Google Ads,68999,"16/05/2026, 10:22 PM",31100,Eduvanz,Pending,
May-26,ADS,Gen AI Search Ads,GSN,GENAI-B04,04/05/2026,Shruti Jain,shruti.jain@outlook.com,9380313068,Sneha Iyer,WhatsApp,70999,"03/05/2026, 06:32 PM",34900,Self Finance,Paid,
May-26,YT,BA Search Ads,GSN,BA-B05,19/05/2026,Deepa Varma,deepavarma751@gmail.com,6948821030,Meera Pillai,Referral,49999,"12/05/2026, 09:23 PM",12900,Self Finance,Pending,
May-26,ADS Referral,DA Meta Ads,META,DA-B12,28/05/2026,Kritika Yadav,kritika_yadav354@hotmail.com,8452298549,Suresh Bhat,Google Ads,63999,"30/05/2026, 08:28 PM",29100,NBFC Direct,Loan Disbursed,23/05/2026
May-26,ADS,Gen AI Search Ads,GSN,GENAI-B04,24/05/2026,Divya Kapoor,divya_kapoor@outlook.com,8765905947,Deepak Verma,Google Ads,74999,"21/05/2026, 11:26 AM",26100,Propelld,Paid,
May-26,ADS Referral,BA Meta Ads,INST,BA-B05,21/05/2026,Suresh Iyer,suresh_iyer@hotmail.com,6454527838,Kavya Reddy,YouTube,50999,"13/05/2026, 08:05 PM",14900,Self Finance,Pending,
May-26,YT,DS Search Ads,SEM,DS-B10,15/05/2026,Pallavi Tiwari,pallavi.tiwari@outlook.com,8632436693,Rahul Menon,Google Ads,78999,"29/05/2026, 09:26 PM",38000,Self Finance,Paid,
May-26,YT,DA Search Ads,GADS,DA-B13,12/05/2026,Priya Menon,priyamenon901@hotmail.com,9411298133,Vikram Das,Google Ads,61999,"19/05/2026, 09:46 AM",27200,HDFC Credila,Paid,
May-26,ADS,DA Search Ads,GSN,DA-B14,27/05/2026,Pradeep Mehta,pradeep.mehta@rediffmail.com,8458184123,Vikram Das,WhatsApp,66999,"07/05/2026, 02:00 PM",28600,Self Finance,Paid,
May-26,ADS,CS Search Ads,GSN,CS-B05,24/05/2026,Harish Pillai,harishpillai887@hotmail.com,7509591546,Rahul Menon,Meta Ads,59999,"25/05/2026, 01:47 PM",25500,Auxilo,Paid,
May-26,ADS,DA Search Ads,GSN,DA-B14,31/05/2026,Pallavi Gupta,pallavi_gupta@hotmail.com,8640295460,Arjun Nair,Meta Ads,65999,"31/05/2026, 01:20 PM",30300,,Loan Disbursed,
May-26,ADS,AI/ML Search Ads,SEM,AIML-B03,14/05/2026,Anjali Varma,anjali.varma111@yahoo.com,9115198351,Meera Pillai,Meta Ads,89999,"25/05/2026, 09:14 PM",44300,HDFC Credila,Paid,
May-26,ADS,BA Search Ads,GADS,BA-B05,17/05/2026,Isha Rajan,isharajan657@hotmail.com,8097418228,Vikram Das,YouTube,59999,"03/05/2026, 09:44 AM",19600,,Partial,
May-26,ADS,DM Meta Ads,INST,DM-B08,30/05/2026,Karan Bose,karan.bose279@yahoo.com,7869692516,Suresh Bhat,Meta Ads,37999,"18/05/2026, 07:45 PM",14900,,Refunded,
May-26,ADS Referral,CS Search Ads,GSN,CS-B04,01/05/2026,Aarav Varma,aarav.varma@yahoo.com,9990650438,Arjun Nair,Email,58999,"04/05/2026, 05:32 PM",24600,HDFC Credila,Loan Disbursed,14/05/2026
May-26,ADS,DA Meta Ads,META,DA-B14,18/05/2026,Dhruv Das,dhruvdas@hotmail.com,6629964641,Arjun Nair,YouTube,59999,"05/05/2026, 02:43 PM",23100,NBFC Direct,Pending,
May-26,ADS,Gen AI Search Ads,GSN,GENAI-B03,31/05/2026,Karan Shah,karan.shah4@rediffmail.com,9792072462,Rahul Menon,Google Ads,62999,"28/05/2026, 09:49 AM",15100,Self Finance,Paid,
May-26,ADS,DS Meta Ads,FB,DS-B10,06/05/2026,Ravi Hegde,ravi_hegde575@gmail.com,7264830304,Vikram Das,YouTube,74999,"16/05/2026, 05:22 PM",20100,Self Finance,Paid,
May-26,ADS,DS Search Ads,SEM,DS-B09,31/05/2026,Deepak Das,deepak.das131@outlook.com,8778398874,Rahul Menon,YouTube,62999,"03/05/2026, 09:52 PM",14300,HDFC Credila,Paid,
May-26,ADS Referral,Gen AI Search Ads,GADS,GENAI-B04,21/05/2026,Sandeep Jain,sandeep_jain@yahoo.com,7092262351,Sneha Iyer,Meta Ads,63999,"16/05/2026, 11:20 AM",20100,Self Finance,Paid,
May-26,ADS Referral,Gen AI Meta Ads,FB,GENAI-B04,27/05/2026,Esha Gupta,esha_gupta659@gmail.com,8146932562,Arjun Nair,Google Ads,72999,"31/05/2026, 06:27 PM",22100,,Loan Disbursed,
May-26,ADS,BA Search Ads,GADS,BA-B05,29/05/2026,Lakshmi Kapoor,lakshmikapoor911@hotmail.com,6959446354,Deepak Verma,YouTube,49999,"29/05/2026, 08:29 PM",22400,Propelld,Loan Disbursed,25/05/2026
May-26,YT Referral,DA Meta Ads,META,DA-B14,17/05/2026,Kritika Yadav,kritika.yadav@hotmail.com,9839440318,Kavya Reddy,Referral,52999,"04/05/2026, 03:51 PM",23400,Self Finance,Paid,
May-26,YT Referral,CS Search Ads,GADS,CS-B05,28/05/2026,Amit Hegde,amithegde18@rediffmail.com,6905529872,Ananya Joshi,YouTube,50999,"13/05/2026, 06:57 PM",23100,Eduvanz,Loan Disbursed,21/05/2026
May-26,ADS,Gen AI Search Ads,GSN,GENAI-B03,28/05/2026,Harish Naidu,harish.naidu@rediffmail.com,6952114780,Vikram Das,Google Ads,70999,"17/05/2026, 08:54 PM",33600,HDFC Credila,Partial,
May-26,ADS,Gen AI Meta Ads,FB,GENAI-B04,17/05/2026,Pradeep Murthy,pradeep.murthy@yahoo.com,8684613160,Suresh Bhat,Google Ads,65999,"29/05/2026, 07:42 PM",29300,Self Finance,Paid,
May-26,ADS,Gen AI Meta Ads,META,GENAI-B04,19/05/2026,Aryan Chopra,aryan_chopra980@yahoo.com,6650493172,Deepak Verma,Google Ads,70999,"27/05/2026, 10:31 PM",15000,Eduvanz,Partial,
May-26,ADS,DA Search Ads,SEM,DA-B13,03/05/2026,Hemant Reddy,hemant_reddy@gmail.com,6324067749,Priya Sharma,Email,62999,"28/05/2026, 01:38 PM",23200,Self Finance,Loan Disbursed,
May-26,ADS Referral,CS Search Ads,GSN,CS-B05,08/05/2026,Tanvi Iyer,tanviiyer@rediffmail.com,8610759896,Arjun Nair,WhatsApp,62999,"22/05/2026, 12:08 PM",15000,Self Finance,Paid,
May-26,ADS Referral,AI/ML Search Ads,SEM,AIML-B03,26/05/2026,Suresh Kumar,suresh_kumar700@rediffmail.com,6660291564,Meera Pillai,WhatsApp,69999,"17/05/2026, 04:53 PM",23300,NBFC Direct,Paid,
May-26,YT,BA Search Ads,GADS,BA-B05,09/05/2026,Chetan Singh,chetan.singh@yahoo.com,9679842610,Sneha Iyer,Meta Ads,55999,"22/05/2026, 02:13 PM",27500,Self Finance,Refunded,
May-26,YT,BA Search Ads,GADS,BA-B05,31/05/2026,Arjun Yadav,arjunyadav150@hotmail.com,6992417292,Ananya Joshi,YouTube,59999,"14/05/2026, 03:20 PM",22400,Propelld,Paid,
May-26,ADS Referral,CS Search Ads,GSN,CS-B05,05/05/2026,Vishal Varma,vishal_varma@outlook.com,6711883056,Priya Sharma,YouTube,57999,"03/05/2026, 11:03 AM",19600,HDFC Credila,Partial,
May-26,ADS,DA Meta Ads,META,DA-B13,29/05/2026,Arjun Rao,arjunrao@rediffmail.com,8837529497,Deepak Verma,Google Ads,53999,"10/05/2026, 08:43 PM",10900,Self Finance,Paid,
May-26,ADS,DA Meta Ads,INST,DA-B14,16/05/2026,Nikhil Ghosh,nikhil_ghosh@yahoo.com,9616055254,Meera Pillai,Organic,67999,"26/05/2026, 11:04 AM",16000,Self Finance,Paid,
May-26,ADS,BA Search Ads,GADS,BA-B05,17/05/2026,Hemant Fernandes,hemant_fernandes@gmail.com,8747894803,Suresh Bhat,YouTube,49999,"25/05/2026, 07:43 PM",22900,Eduvanz,Paid,
May-26,YT Referral,DA Meta Ads,INST,DA-B13,07/05/2026,Sandeep Bose,sandeepbose781@gmail.com,6021418397,Kavya Reddy,Google Ads,57999,"29/05/2026, 05:17 PM",21000,Propelld,Loan Disbursed,20/05/2026
May-26,ADS Referral,Gen AI Meta Ads,META,GENAI-B04,13/05/2026,Swati Yadav,swatiyadav@yahoo.com,8046115424,Priya Sharma,YouTube,63999,"30/05/2026, 11:39 AM",19400,Self Finance,Partial,
May-26,YT,DA Meta Ads,INST,DA-B13,18/05/2026,Tanvi Iyer,tanvi_iyer@hotmail.com,8094359124,Deepak Verma,Google Ads,62999,"20/05/2026, 10:01 PM",14400,Propelld,Paid,
May-26,ADS,DA Search Ads,SEM,DA-B13,30/05/2026,Aryan Fernandes,aryan_fernandes544@hotmail.com,8624769049,Ananya Joshi,YouTube,54999,"04/05/2026, 10:26 PM",25400,Self Finance,Pending,
May-26,ADS,BA Search Ads,GSN,BA-B05,07/05/2026,Ravi Singh,ravi.singh256@yahoo.com,6881213883,Rahul Menon,YouTube,49999,"31/05/2026, 04:10 PM",22200,Propelld,Paid,
May-26,ADS,DS Meta Ads,FB,DS-B08,25/05/2026,Tanvi Iyer,tanviiyer457@outlook.com,8201769670,Ananya Joshi,Meta Ads,62999,"14/05/2026, 06:09 PM",30200,Self Finance,Partial,
May-26,ADS Referral,DS Search Ads,SEM,DS-B10,15/05/2026,Aryan Singh,aryan.singh618@gmail.com,6809886497,Priya Sharma,YouTube,63999,"26/05/2026, 10:20 AM",31400,Self Finance,Pending,
May-26,ADS Referral,Gen AI Search Ads,GADS,GENAI-B03,07/05/2026,Swati Menon,swati_menon78@rediffmail.com,7266871553,Sneha Iyer,Organic,79999,"25/05/2026, 02:30 PM",34500,Eduvanz,Paid,
May-26,ADS,DA Meta Ads,INST,DA-B13,07/05/2026,Sonia Desai,soniadesai471@rediffmail.com,9653195184,Arjun Nair,Google Ads,53999,"18/05/2026, 04:16 PM",13600,Self Finance,Paid,
May-26,ADS,DM Meta Ads,FB,DM-B08,19/05/2026,Nikhil Chopra,nikhil.chopra834@outlook.com,6366626809,Vikram Das,Meta Ads,36999,"15/05/2026, 11:20 AM",17600,Propelld,Partial,
May-26,ADS,Gen AI Meta Ads,FB,GENAI-B03,23/05/2026,Manish Kumar,manish.kumar@rediffmail.com,9694586583,Rahul Menon,Google Ads,79999,"27/05/2026, 07:10 PM",39400,Propelld,Paid,
May-26,ADS,DA Meta Ads,META,DA-B14,15/05/2026,Lakshmi Yadav,lakshmiyadav@hotmail.com,9596177983,Sneha Iyer,Meta Ads,53999,"15/05/2026, 12:23 PM",25700,,Paid,
May-26,ADS,BA Search Ads,GADS,BA-B05,01/05/2026,Karan Bose,karan.bose@outlook.com,6015682226,Priya Sharma,WhatsApp,59999,"21/05/2026, 02:31 PM",23100,Eduvanz,Paid,
May-26,ADS,DA Meta Ads,META,DA-B14,19/05/2026,Vishal Verma,vishal_verma@yahoo.com,9820290627,Ananya Joshi,Meta Ads,67999,"15/05/2026, 05:49 PM",25800,Self Finance,Pending,
May-26,ADS,BA Meta Ads,META,BA-B05,15/05/2026,Nandini Rajan,nandini.rajan504@outlook.com,8703817895,Meera Pillai,Google Ads,46999,"15/05/2026, 12:41 PM",19200,,Paid,
May-26,ADS,BA Meta Ads,INST,BA-B05,23/05/2026,Esha Das,esha_das692@hotmail.com,8703965567,Vikram Das,Meta Ads,47999,"29/05/2026, 03:34 PM",15600,HDFC Credila,Paid,
May-26,YT Referral,Gen AI Search Ads,SEM,GENAI-B04,13/05/2026,Ishaan Sharma,ishaan_sharma@rediffmail.com,9935819081,Suresh Bhat,Meta Ads,74999,"05/05/2026, 07:29 PM",32100,,Paid,
May-26,ADS,DS Meta Ads,FB,DS-B09,05/05/2026,Harish Joshi,harish.joshi@rediffmail.com,6543622310,Arjun Nair,YouTube,71999,"13/05/2026, 04:16 PM",24200,NBFC Direct,Paid,
May-26,YT,DM Meta Ads,FB,DM-B07,21/05/2026,Sahil Pandey,sahilpandey69@gmail.com,7217133065,Meera Pillai,Referral,43999,"05/05/2026, 12:03 PM",17500,,Loan Disbursed,
May-26,ADS,DS Search Ads,GADS,DS-B08,13/05/2026,Deepa Fernandes,deepafernandes@hotmail.com,8761452345,Sneha Iyer,Referral,74999,"22/05/2026, 02:57 PM",15300,Self Finance,Partial,
May-26,YT,DA Meta Ads,META,DA-B14,02/05/2026,Karan Fernandes,karan_fernandes89@yahoo.com,8232175389,Kavya Reddy,Google Ads,50999,"19/05/2026, 04:14 PM",19500,Eduvanz,Partial,
May-26,ADS,Gen AI Meta Ads,FB,GENAI-B04,14/05/2026,Tanvi Patel,tanvi.patel171@rediffmail.com,9947045494,Vikram Das,Email,56999,"25/05/2026, 12:10 PM",14800,,Partial,
May-26,YT Referral,CS Search Ads,GADS,CS-B05,23/05/2026,Swati Singh,swatisingh@rediffmail.com,6583129519,Suresh Bhat,Meta Ads,62999,"14/05/2026, 03:47 PM",22200,Self Finance,Paid,
May-26,ADS Referral,DM Meta Ads,META,DM-B07,16/05/2026,Anjali Agarwal,anjali.agarwal@hotmail.com,9106960979,Ananya Joshi,Google Ads,47999,"02/05/2026, 05:37 PM",15800,,Loan Disbursed,
May-26,ADS,DS Search Ads,GSN,DS-B09,24/05/2026,Swati Chopra,swatichopra@rediffmail.com,9852043422,Ananya Joshi,Google Ads,79999,"19/05/2026, 10:50 AM",35000,Propelld,Loan Disbursed,22/05/2026
May-26,ADS Referral,Gen AI Meta Ads,META,GENAI-B03,26/05/2026,Rohan Rao,rohan_rao@outlook.com,7175135472,Meera Pillai,Organic,68999,"06/05/2026, 10:01 AM",29000,Auxilo,Paid,
May-26,YT,Gen AI Search Ads,SEM,GENAI-B03,14/05/2026,Chetan Verma,chetanverma@yahoo.com,8298090295,Suresh Bhat,Meta Ads,60999,"31/05/2026, 08:26 PM",22500,Self Finance,Paid,
May-26,YT Referral,DS Meta Ads,META,DS-B10,15/05/2026,Gaurav Shah,gaurav_shah774@gmail.com,7352212894,Arjun Nair,Google Ads,64999,"11/05/2026, 10:49 AM",27600,NBFC Direct,Paid,
May-26,YT,DA Search Ads,SEM,DA-B14,24/05/2026,Shruti Reddy,shruti_reddy757@hotmail.com,9533046727,Rahul Menon,YouTube,56999,"30/05/2026, 09:26 AM",20100,Self Finance,Pending,
May-26,ADS Referral,AI/ML Search Ads,SEM,AIML-B03,10/05/2026,Chetan Reddy,chetan.reddy@outlook.com,9613176668,Rahul Menon,Google Ads,72999,"13/05/2026, 03:36 PM",34500,Propelld,Loan Disbursed,25/05/2026
May-26,ADS Referral,DS Meta Ads,META,DS-B08,26/05/2026,Aryan Desai,aryan.desai@outlook.com,7882856293,Deepak Verma,WhatsApp,66999,"15/05/2026, 05:17 PM",32200,Self Finance,Pending,
May-26,ADS,BA Meta Ads,INST,BA-B06,27/05/2026,Tanvi Nair,tanvinair@hotmail.com,8002758220,Arjun Nair,Google Ads,57999,"05/05/2026, 05:02 PM",17500,Propelld,Pending,
May-26,ADS,Gen AI Meta Ads,FB,GENAI-B03,25/05/2026,Ananya Sharma,ananya.sharma@rediffmail.com,7279436924,Kavya Reddy,Google Ads,78999,"17/05/2026, 02:45 PM",31900,Propelld,Pending,
May-26,ADS,DA Meta Ads,INST,DA-B12,08/05/2026,Aditya Kumar,aditya.kumar@gmail.com,7026596722,Arjun Nair,Organic,63999,"04/05/2026, 09:11 PM",19500,Propelld,Pending,
May-26,ADS Referral,BA Search Ads,GADS,BA-B05,29/05/2026,Suresh Patel,suresh_patel@yahoo.com,7879969693,Meera Pillai,Referral,53999,"05/05/2026, 01:18 PM",21200,Propelld,Paid,
May-26,ADS,BA Meta Ads,META,BA-B05,31/05/2026,Lakshmi Naidu,lakshmi.naidu@hotmail.com,9931971691,Ananya Joshi,YouTube,52999,"31/05/2026, 06:40 PM",14300,,Paid,
May-26,ADS,DS Meta Ads,META,DS-B09,08/05/2026,Vishal Hegde,vishal.hegde@hotmail.com,9434131029,Meera Pillai,Referral,84999,"27/05/2026, 11:12 AM",24100,Eduvanz,Pending,
May-26,YT,DA Search Ads,SEM,DA-B13,04/05/2026,Bhavna Patel,bhavna.patel691@rediffmail.com,6063548079,Vikram Das,Meta Ads,65999,"17/05/2026, 10:17 AM",19100,Eduvanz,Paid,
May-26,ADS Referral,Gen AI Search Ads,SEM,GENAI-B03,01/05/2026,Deepak Verma,deepak.verma@outlook.com,9219375591,Vikram Das,Referral,55999,"15/05/2026, 08:27 PM",15600,HDFC Credila,Paid,
May-26,ADS,DS Search Ads,SEM,DS-B08,27/05/2026,Aditya Reddy,aditya.reddy@hotmail.com,8130425321,Arjun Nair,YouTube,83999,"12/05/2026, 10:07 AM",29000,Self Finance,Paid,
May-26,ADS,DA Meta Ads,FB,DA-B14,08/05/2026,Gaurav Yadav,gaurav.yadav232@gmail.com,7370088613,Meera Pillai,Google Ads,59999,"14/05/2026, 09:15 AM",22500,HDFC Credila,Pending,
May-26,ADS,CS Search Ads,GSN,CS-B05,14/05/2026,Rohan Tiwari,rohan.tiwari402@rediffmail.com,9441701037,Kavya Reddy,Referral,61999,"20/05/2026, 03:34 PM",25200,,Loan Disbursed,
May-26,ADS,DA Meta Ads,META,DA-B14,03/05/2026,Uday Mehta,uday.mehta263@yahoo.com,9710190785,Vikram Das,Email,65999,"04/05/2026, 03:32 PM",20300,Self Finance,Paid,
May-26,ADS,CS Search Ads,GADS,CS-B05,02/05/2026,Sonia Bose,sonia.bose@outlook.com,8768263805,Vikram Das,Meta Ads,62999,"22/05/2026, 04:31 PM",15300,Eduvanz,Paid,
May-26,ADS,BA Meta Ads,META,BA-B05,09/05/2026,Jaya Ghosh,jayaghosh462@yahoo.com,8473292330,Kavya Reddy,Meta Ads,45999,"17/05/2026, 05:57 PM",15600,Eduvanz,Paid,
May-26,ADS,Gen AI Meta Ads,FB,GENAI-B03,10/05/2026,Pradeep Chopra,pradeepchopra@outlook.com,6149628227,Deepak Verma,WhatsApp,78999,"01/05/2026, 09:20 AM",31800,,Partial,
May-26,ADS,Gen AI Meta Ads,META,GENAI-B03,28/05/2026,Pallavi Nair,pallavi.nair463@gmail.com,6541851936,Rahul Menon,Organic,60999,"17/05/2026, 06:36 PM",16700,Self Finance,Paid,
May-26,YT Referral,DA Search Ads,GSN,DA-B14,14/05/2026,Sandeep Das,sandeep.das947@hotmail.com,7906068627,Meera Pillai,Google Ads,59999,"16/05/2026, 02:45 PM",14100,Self Finance,Paid,
May-26,YT,Gen AI Search Ads,GADS,GENAI-B04,25/05/2026,Rohit Jain,rohitjain476@hotmail.com,6761962353,Arjun Nair,Meta Ads,63999,"03/05/2026, 12:43 PM",14500,Self Finance,Paid,
May-26,ADS,BA Search Ads,GSN,BA-B05,24/05/2026,Vijay Desai,vijay_desai121@outlook.com,7996090384,Ananya Joshi,YouTube,45999,"29/05/2026, 09:12 AM",17900,NBFC Direct,Paid,
May-26,YT,DM Meta Ads,INST,DM-B07,05/05/2026,Kavya Nair,kavya.nair812@outlook.com,9746293522,Deepak Verma,Google Ads,49999,"29/05/2026, 01:54 PM",20100,HDFC Credila,Paid,
May-26,ADS,DA Search Ads,SEM,DA-B14,12/05/2026,Rahul Patel,rahul.patel@gmail.com,6261781489,Arjun Nair,Referral,60999,"22/05/2026, 10:11 AM",18100,Propelld,Paid,
May-26,YT,CS Search Ads,GADS,CS-B05,15/05/2026,Ananya Kapoor,ananya_kapoor995@hotmail.com,9921425936,Rahul Menon,YouTube,58999,"30/05/2026, 02:21 PM",28100,HDFC Credila,Paid,
May-26,YT,Gen AI Search Ads,GSN,GENAI-B04,05/05/2026,Anjali Tiwari,anjali.tiwari656@yahoo.com,8956773244,Ananya Joshi,Google Ads,76999,"29/05/2026, 09:12 AM",32000,,Paid,
May-26,ADS,DA Search Ads,GADS,DA-B13,13/05/2026,Arjun Jain,arjun_jain@gmail.com,8979409896,Rahul Menon,Organic,51999,"21/05/2026, 03:14 PM",12300,Eduvanz,Loan Disbursed,08/05/2026
May-26,ADS,Gen AI Search Ads,GADS,GENAI-B04,21/05/2026,Rohan Chopra,rohan_chopra@yahoo.com,6288514705,Sneha Iyer,Email,56999,"13/05/2026, 09:50 PM",17400,Self Finance,Loan Disbursed,
May-26,ADS,BA Search Ads,GADS,BA-B06,12/05/2026,Dhruv Mehta,dhruv.mehta541@yahoo.com,7238427292,Vikram Das,Organic,51999,"14/05/2026, 12:59 PM",13800,HDFC Credila,Loan Disbursed,04/05/2026
May-26,ADS Referral,DM Meta Ads,INST,DM-B08,09/05/2026,Kiran Murthy,kiran.murthy981@rediffmail.com,8662273382,Priya Sharma,Meta Ads,40999,"05/05/2026, 09:40 PM",16300,Eduvanz,Paid,
May-26,ADS Referral,BA Meta Ads,INST,BA-B05,13/05/2026,Harish Shetty,harish.shetty6@hotmail.com,6510605954,Meera Pillai,YouTube,58999,"10/05/2026, 08:16 PM",27700,,Partial,
May-26,YT,DA Meta Ads,INST,DA-B12,05/05/2026,Bhavna Chopra,bhavna_chopra@hotmail.com,9137485919,Vikram Das,Meta Ads,54999,"21/05/2026, 06:24 PM",21600,Self Finance,Paid,
May-26,ADS,AI/ML Search Ads,GSN,AIML-B02,12/05/2026,Ravi Naidu,ravi_naidu385@rediffmail.com,8801956271,Kavya Reddy,Google Ads,85999,"25/05/2026, 10:07 PM",34600,Self Finance,Paid,
May-26,YT Referral,DA Meta Ads,INST,DA-B13,21/05/2026,Vinay Desai,vinay.desai305@outlook.com,6963836651,Deepak Verma,Google Ads,64999,"31/05/2026, 12:26 PM",31500,Propelld,Partial,
May-26,ADS Referral,DM Meta Ads,FB,DM-B07,02/05/2026,Chetan Sharma,chetansharma260@gmail.com,6433574550,Meera Pillai,WhatsApp,37999,"04/05/2026, 05:25 PM",13300,Eduvanz,Loan Disbursed,31/05/2026
May-26,ADS,DM Meta Ads,FB,DM-B07,29/05/2026,Sahil Tiwari,sahil_tiwari@rediffmail.com,7071662239,Vikram Das,Meta Ads,46999,"17/05/2026, 08:44 PM",22000,,Paid,
May-26,ADS,CS Search Ads,GSN,CS-B05,02/05/2026,Uday Nair,udaynair@gmail.com,7230048782,Ananya Joshi,YouTube,67999,"06/05/2026, 03:33 PM",23800,Propelld,Pending,
May-26,ADS,BA Search Ads,GSN,BA-B05,12/05/2026,Harish Tiwari,harishtiwari893@outlook.com,6856337225,Kavya Reddy,YouTube,46999,"01/05/2026, 10:01 AM",21800,Propelld,Partial,
May-26,YT Referral,DA Search Ads,GSN,DA-B12,15/05/2026,Kritika Kumar,kritika_kumar661@gmail.com,7053230547,Sneha Iyer,Google Ads,51999,"31/05/2026, 05:52 PM",13500,Eduvanz,Paid,
May-26,ADS Referral,DA Meta Ads,FB,DA-B13,14/05/2026,Gaurav Iyer,gaurav.iyer@yahoo.com,9152576579,Suresh Bhat,Organic,66999,"24/05/2026, 07:14 PM",17300,Auxilo,Partial,
May-26,ADS,DS Search Ads,GADS,DS-B09,30/05/2026,Jaya Kapoor,jaya.kapoor103@yahoo.com,8153966742,Ananya Joshi,Meta Ads,69999,"29/05/2026, 04:34 PM",20800,HDFC Credila,Pending,
May-26,ADS,Gen AI Search Ads,GADS,GENAI-B04,16/05/2026,Pooja Pillai,pooja_pillai126@yahoo.com,8189778349,Kavya Reddy,Referral,62999,"03/05/2026, 11:47 AM",19600,Propelld,Paid,
May-26,ADS,DM Meta Ads,INST,DM-B07,23/05/2026,Suresh Chopra,suresh.chopra@rediffmail.com,7156409048,Sneha Iyer,Organic,46999,"24/05/2026, 10:48 AM",11900,Auxilo,Loan Disbursed,13/05/2026
May-26,ADS,DM Meta Ads,FB,DM-B08,28/05/2026,Nandini Joshi,nandini.joshi332@rediffmail.com,9554512474,Rahul Menon,YouTube,44999,"09/05/2026, 10:00 AM",19200,Self Finance,Partial,
May-26,ADS,Gen AI Meta Ads,META,GENAI-B03,13/05/2026,Suresh Singh,sureshsingh@yahoo.com,6988135735,Deepak Verma,Referral,57999,"02/05/2026, 04:05 PM",18300,Self Finance,Paid,
May-26,ADS,BA Search Ads,GSN,BA-B06,23/05/2026,Ravi Pillai,ravi.pillai790@yahoo.com,7968484106,Rahul Menon,YouTube,48999,"29/05/2026, 07:36 PM",24400,,Partial,
May-26,YT,DM Meta Ads,META,DM-B08,02/05/2026,Ravi Menon,ravi.menon@yahoo.com,7835511397,Rahul Menon,Referral,44999,"11/05/2026, 12:01 PM",11100,Auxilo,Pending,
May-26,YT Referral,DM Meta Ads,INST,DM-B08,15/05/2026,Dhruv Das,dhruv.das389@hotmail.com,9970442650,Meera Pillai,Google Ads,35999,"03/05/2026, 06:55 PM",13700,Self Finance,Paid,
May-26,ADS,Gen AI Search Ads,GADS,GENAI-B03,24/05/2026,Sandeep Sharma,sandeep_sharma@hotmail.com,8174943350,Suresh Bhat,Google Ads,66999,"05/05/2026, 02:38 PM",16200,NBFC Direct,Paid,
May-26,ADS Referral,DA Search Ads,SEM,DA-B12,14/05/2026,Aryan Pandey,aryan.pandey@outlook.com,6687871716,Sneha Iyer,YouTube,55999,"06/05/2026, 04:07 PM",21200,NBFC Direct,Partial,
May-26,ADS,BA Search Ads,GADS,BA-B06,10/05/2026,Rahul Sharma,rahulsharma@rediffmail.com,9448873739,Kavya Reddy,WhatsApp,54999,"11/05/2026, 09:36 PM",13800,Self Finance,Paid,
May-26,YT,DA Meta Ads,META,DA-B14,01/05/2026,Amit Patel,amit_patel@rediffmail.com,7058521140,Deepak Verma,Meta Ads,67999,"22/05/2026, 09:38 AM",27300,Self Finance,Loan Disbursed,
May-26,YT,AI/ML Search Ads,GSN,AIML-B03,22/05/2026,Rahul Sharma,rahulsharma819@outlook.com,8527183558,Meera Pillai,Google Ads,89999,"04/05/2026, 09:33 AM",33300,Self Finance,Paid,
May-26,ADS,CS Search Ads,GADS,CS-B05,28/05/2026,Ishaan Patel,ishaan.patel@rediffmail.com,8341119558,Suresh Bhat,Referral,67999,"29/05/2026, 01:11 PM",28700,Propelld,Paid,
May-26,ADS,DM Meta Ads,META,DM-B08,04/05/2026,Chetan Verma,chetan.verma804@rediffmail.com,6443430451,Arjun Nair,Meta Ads,36999,"27/05/2026, 03:55 PM",11500,Auxilo,Paid,
May-26,ADS,DA Search Ads,GSN,DA-B14,24/05/2026,Lakshmi Iyer,lakshmiiyer907@rediffmail.com,6152237616,Sneha Iyer,Referral,68999,"04/05/2026, 09:10 PM",13900,Self Finance,Paid,
May-26,ADS,AI/ML Search Ads,GSN,AIML-B03,31/05/2026,Pooja Kapoor,pooja.kapoor@gmail.com,6193222734,Suresh Bhat,Organic,78999,"05/05/2026, 05:02 PM",39500,Self Finance,Paid,
May-26,ADS Referral,BA Search Ads,GADS,BA-B05,11/05/2026,Ananya Verma,ananyaverma@gmail.com,9528174684,Deepak Verma,Google Ads,57999,"30/05/2026, 10:06 PM",17900,HDFC Credila,Partial,
May-26,YT Referral,Gen AI Meta Ads,FB,GENAI-B04,10/05/2026,Esha Hegde,esha_hegde4@outlook.com,8302378779,Priya Sharma,Referral,69999,"11/05/2026, 10:32 AM",18400,Self Finance,Refunded,
May-26,YT Referral,DS Meta Ads,META,DS-B09,04/05/2026,Ishaan Kapoor,ishaan.kapoor654@yahoo.com,9386248334,Rahul Menon,Meta Ads,60999,"06/05/2026, 12:34 PM",15300,Eduvanz,Loan Disbursed,29/05/2026
May-26,ADS,BA Meta Ads,INST,BA-B06,30/05/2026,Rahul Sharma,rahul_sharma912@hotmail.com,8207575914,Suresh Bhat,Google Ads,51999,"10/05/2026, 05:46 PM",14900,Propelld,Refunded,
May-26,ADS Referral,DS Search Ads,SEM,DS-B08,01/05/2026,Rohan Reddy,rohan_reddy@outlook.com,6955508887,Sneha Iyer,Google Ads,78999,"06/05/2026, 08:45 PM",24500,HDFC Credila,Paid,
May-26,YT Referral,Gen AI Meta Ads,FB,GENAI-B04,01/05/2026,Sneha Murthy,sneha.murthy794@yahoo.com,9224986708,Ananya Joshi,Google Ads,61999,"31/05/2026, 12:50 PM",20100,Self Finance,Partial,
May-26,ADS,DS Meta Ads,FB,DS-B08,09/05/2026,Manish Bose,manish.bose@outlook.com,9918963406,Vikram Das,Meta Ads,84999,"21/05/2026, 05:33 PM",35200,Propelld,Paid,
May-26,YT Referral,CS Search Ads,GSN,CS-B05,30/05/2026,Ravi Agarwal,ravi_agarwal@yahoo.com,6268501374,Deepak Verma,Referral,59999,"03/05/2026, 08:38 PM",16100,Self Finance,Loan Disbursed,
May-26,YT,AI/ML Search Ads,SEM,AIML-B02,09/05/2026,Sandeep Yadav,sandeep_yadav@hotmail.com,7547602599,Suresh Bhat,Meta Ads,66999,"29/05/2026, 10:30 PM",14800,Self Finance,Pending,
May-26,ADS,Gen AI Meta Ads,FB,GENAI-B04,14/05/2026,Karan Chopra,karan.chopra@gmail.com,6516193462,Arjun Nair,YouTube,67999,"17/05/2026, 06:15 PM",23800,Auxilo,Paid,
May-26,ADS,DA Meta Ads,FB,DA-B13,01/05/2026,Deepak Desai,deepak.desai@hotmail.com,8887346521,Sneha Iyer,YouTube,60999,"08/05/2026, 11:35 AM",26200,Eduvanz,Pending,
May-26,ADS,DM Meta Ads,META,DM-B07,06/05/2026,Isha Murthy,ishamurthy202@rediffmail.com,6748323950,Sneha Iyer,WhatsApp,47999,"26/05/2026, 12:10 PM",11200,Self Finance,Loan Disbursed,
May-26,ADS,CS Search Ads,GADS,CS-B04,11/05/2026,Manish Fernandes,manishfernandes@outlook.com,8311210141,Sneha Iyer,Organic,63999,"27/05/2026, 12:58 PM",12900,HDFC Credila,Paid,
May-26,ADS,DA Meta Ads,FB,DA-B13,20/05/2026,Mohit Kumar,mohit.kumar@gmail.com,7855736203,Vikram Das,Organic,57999,"01/05/2026, 05:39 PM",14300,,Partial,
May-26,YT,DS Meta Ads,FB,DS-B08,29/05/2026,Karan Kumar,karankumar349@hotmail.com,7251572362,Arjun Nair,Meta Ads,80999,"12/05/2026, 02:44 PM",37600,,Paid,
May-26,ADS,AI/ML Search Ads,GSN,AIML-B03,06/05/2026,Ananya Varma,ananyavarma228@hotmail.com,8169698400,Sneha Iyer,YouTube,73999,"30/05/2026, 10:19 PM",25900,,Loan Disbursed,
May-26,ADS Referral,DA Search Ads,GSN,DA-B13,02/05/2026,Rohit Jain,rohit.jain@hotmail.com,9770998911,Kavya Reddy,YouTube,61999,"11/05/2026, 11:29 AM",18000,Auxilo,Paid,
May-26,ADS,DA Meta Ads,INST,DA-B13,31/05/2026,Hemant Mehta,hemantmehta321@gmail.com,6792794380,Vikram Das,Email,68999,"24/05/2026, 07:56 PM",20700,,Paid,
May-26,ADS,DA Search Ads,GSN,DA-B13,06/05/2026,Kavya Agarwal,kavya.agarwal907@yahoo.com,7846110145,Sneha Iyer,Meta Ads,55999,"19/05/2026, 02:02 PM",26200,HDFC Credila,Paid,
May-26,YT,AI/ML Search Ads,SEM,AIML-B03,24/05/2026,Rohan Shah,rohan_shah107@outlook.com,9349689861,Ananya Joshi,Meta Ads,87999,"08/05/2026, 12:26 PM",26600,Eduvanz,Paid,
May-26,YT,DS Search Ads,SEM,DS-B09,21/05/2026,Isha Agarwal,isha_agarwal@rediffmail.com,7316632218,Kavya Reddy,Meta Ads,79999,"30/05/2026, 05:16 PM",30900,Propelld,Partial,
May-26,ADS,DA Search Ads,GADS,DA-B12,19/05/2026,Sahil Desai,sahil_desai218@gmail.com,7278938561,Ananya Joshi,Meta Ads,55999,"04/05/2026, 03:46 PM",16100,NBFC Direct,Paid,
May-26,ADS,DA Meta Ads,FB,DA-B12,21/05/2026,Uday Nair,uday.nair104@rediffmail.com,6044720778,Kavya Reddy,Email,53999,"05/05/2026, 08:17 PM",13000,HDFC Credila,Paid,
May-26,ADS,Gen AI Search Ads,SEM,GENAI-B04,29/05/2026,Jaya Rajan,jayarajan193@yahoo.com,6262944823,Kavya Reddy,Meta Ads,65999,"29/05/2026, 12:42 PM",30100,Self Finance,Pending,
May-26,YT Referral,Gen AI Meta Ads,FB,GENAI-B03,29/05/2026,Isha Menon,ishamenon@hotmail.com,6063733503,Deepak Verma,Google Ads,69999,"23/05/2026, 08:14 PM",27600,NBFC Direct,Paid,
May-26,ADS,BA Search Ads,GADS,BA-B06,29/05/2026,Jaya Verma,jaya_verma@yahoo.com,7658147473,Ananya Joshi,Meta Ads,58999,"26/05/2026, 10:36 AM",18000,,Paid,
May-26,YT Referral,Gen AI Search Ads,SEM,GENAI-B03,02/05/2026,Pallavi Joshi,pallavi_joshi@yahoo.com,7609010787,Suresh Bhat,Email,75999,"29/05/2026, 06:20 PM",22000,HDFC Credila,Partial,
May-26,ADS,DA Search Ads,GADS,DA-B14,30/05/2026,Priya Hegde,priyahegde523@rediffmail.com,6169373369,Ananya Joshi,Referral,63999,"28/05/2026, 12:35 PM",14500,Self Finance,Loan Disbursed,
May-26,ADS,CS Search Ads,GADS,CS-B05,22/05/2026,Anjali Patel,anjali_patel@hotmail.com,7242321661,Meera Pillai,Meta Ads,55999,"08/05/2026, 10:50 PM",19700,Self Finance,Paid,
May-26,ADS Referral,DM Meta Ads,META,DM-B07,27/05/2026,Meera Das,meera.das@rediffmail.com,6677637573,Vikram Das,Google Ads,42999,"18/05/2026, 04:26 PM",12200,Eduvanz,Paid,
May-26,YT,CS Search Ads,GADS,CS-B04,30/05/2026,Shruti Fernandes,shrutifernandes342@hotmail.com,6231828414,Sneha Iyer,Google Ads,58999,"19/05/2026, 05:25 PM",24800,Propelld,Partial,
May-26,ADS Referral,CS Search Ads,GSN,CS-B04,25/05/2026,Sahil Iyer,sahiliyer577@outlook.com,6250534026,Meera Pillai,YouTube,64999,"30/05/2026, 04:13 PM",28500,HDFC Credila,Pending,
May-26,YT,Gen AI Meta Ads,META,GENAI-B04,27/05/2026,Harish Nair,harish.nair@hotmail.com,6555568693,Meera Pillai,Organic,60999,"14/05/2026, 09:00 PM",23900,Self Finance,Partial,
May-26,ADS,AI/ML Search Ads,SEM,AIML-B03,30/05/2026,Yash Patel,yash.patel378@yahoo.com,9978699045,Rahul Menon,Google Ads,72999,"27/05/2026, 10:16 AM",27700,Auxilo,Refunded,
May-26,ADS,AI/ML Search Ads,SEM,AIML-B02,01/05/2026,Kritika Jain,kritika.jain74@yahoo.com,6773232688,Ananya Joshi,Meta Ads,81999,"05/05/2026, 06:07 PM",34400,Eduvanz,Paid,
May-26,ADS,DS Search Ads,GADS,DS-B10,17/05/2026,Tanvi Reddy,tanvi.reddy640@gmail.com,8243747413,Priya Sharma,Meta Ads,83999,"04/05/2026, 11:48 AM",19000,Eduvanz,Paid,
May-26,ADS Referral,DA Meta Ads,META,DA-B12,13/05/2026,Gaurav Kumar,gauravkumar512@outlook.com,8629068589,Arjun Nair,WhatsApp,52999,"31/05/2026, 09:33 PM",12600,HDFC Credila,Loan Disbursed,13/05/2026
May-26,ADS,DS Search Ads,SEM,DS-B09,12/05/2026,Nikhil Jain,nikhil_jain943@gmail.com,8242564722,Suresh Bhat,YouTube,78999,"16/05/2026, 11:12 AM",20100,Self Finance,Loan Disbursed,
May-26,YT Referral,DS Search Ads,SEM,DS-B09,12/05/2026,Divya Reddy,divya.reddy554@outlook.com,7418596940,Meera Pillai,Meta Ads,84999,"18/05/2026, 09:53 PM",42000,NBFC Direct,Pending,
May-26,YT,Gen AI Meta Ads,FB,GENAI-B03,10/05/2026,Rahul Menon,rahul_menon367@gmail.com,8429892608,Sneha Iyer,YouTube,77999,"01/05/2026, 05:25 PM",32500,Self Finance,Paid,
May-26,YT,DA Search Ads,GSN,DA-B14,10/05/2026,Priya Singh,priya_singh@rediffmail.com,8091570733,Kavya Reddy,Meta Ads,63999,"09/05/2026, 11:13 AM",27200,Self Finance,Paid,
May-26,ADS,DS Meta Ads,FB,DS-B08,20/05/2026,Sonia Patel,soniapatel819@rediffmail.com,6534322351,Rahul Menon,Google Ads,77999,"27/05/2026, 08:46 PM",28400,Self Finance,Partial,
May-26,YT,AI/ML Search Ads,SEM,AIML-B03,03/05/2026,Chetan Verma,chetan.verma354@rediffmail.com,6059558621,Sneha Iyer,Referral,81999,"19/05/2026, 10:32 PM",32800,Self Finance,Paid,
May-26,YT,AI/ML Search Ads,SEM,AIML-B02,17/05/2026,Vijay Shah,vijayshah586@gmail.com,7186847187,Rahul Menon,Google Ads,73999,"22/05/2026, 01:46 PM",28400,Propelld,Paid,
May-26,YT,DA Meta Ads,FB,DA-B13,28/05/2026,Vinay Kapoor,vinaykapoor@gmail.com,7591328651,Sneha Iyer,Google Ads,68999,"16/05/2026, 10:28 PM",31300,HDFC Credila,Paid,
May-26,YT,DM Meta Ads,META,DM-B08,21/05/2026,Nikhil Reddy,nikhilreddy399@rediffmail.com,7817538020,Meera Pillai,YouTube,47999,"03/05/2026, 10:03 PM",23100,,Loan Disbursed,
May-26,ADS,CS Search Ads,GSN,CS-B05,07/05/2026,Pradeep Naidu,pradeepnaidu434@gmail.com,6758067495,Ananya Joshi,Referral,57999,"16/05/2026, 09:11 AM",20500,HDFC Credila,Pending,
May-26,ADS,Gen AI Meta Ads,META,GENAI-B03,13/05/2026,Ravi Rao,ravi_rao17@hotmail.com,8797255631,Rahul Menon,Referral,69999,"07/05/2026, 04:25 PM",20800,Self Finance,Loan Disbursed,
May-26,ADS,DM Meta Ads,INST,DM-B08,21/05/2026,Priya Chopra,priya_chopra@rediffmail.com,6580832017,Sneha Iyer,Google Ads,45999,"06/05/2026, 08:48 PM",15700,Propelld,Paid,
May-26,ADS Referral,DS Meta Ads,FB,DS-B08,11/05/2026,Mohit Sharma,mohit.sharma@hotmail.com,6578321049,Deepak Verma,Google Ads,83999,"25/05/2026, 04:33 PM",30200,HDFC Credila,Partial,
May-26,ADS,DA Meta Ads,META,DA-B13,11/05/2026,Rohan Shah,rohan.shah686@rediffmail.com,9176118262,Deepak Verma,Google Ads,50999,"30/05/2026, 11:26 AM",23600,Auxilo,Partial,
May-26,ADS,DS Meta Ads,META,DS-B08,07/05/2026,Sahil Naidu,sahil.naidu389@outlook.com,8529253749,Vikram Das,YouTube,73999,"14/05/2026, 02:34 PM",28100,Auxilo,Paid,
May-26,ADS,CS Search Ads,GSN,CS-B05,25/05/2026,Suresh Shah,sureshshah67@yahoo.com,7148196420,Ananya Joshi,Meta Ads,53999,"16/05/2026, 06:26 PM",11700,Self Finance,Paid,
May-26,YT,DA Search Ads,GADS,DA-B14,31/05/2026,Pradeep Gupta,pradeep_gupta856@gmail.com,6875737981,Kavya Reddy,Google Ads,51999,"14/05/2026, 05:50 PM",23000,HDFC Credila,Paid,
May-26,ADS,DS Search Ads,GADS,DS-B08,15/05/2026,Geeta Jain,geetajain622@rediffmail.com,6977797777,Suresh Bhat,WhatsApp,63999,"13/05/2026, 10:22 PM",20000,,Partial,
May-26,ADS Referral,DS Meta Ads,META,DS-B09,20/05/2026,Ananya Kapoor,ananya_kapoor603@rediffmail.com,7834660105,Priya Sharma,Referral,72999,"17/05/2026, 03:50 PM",15000,Self Finance,Paid,
May-26,ADS,AI/ML Search Ads,SEM,AIML-B02,29/05/2026,Pooja Yadav,pooja.yadav807@hotmail.com,9888907422,Priya Sharma,YouTube,83999,"21/05/2026, 09:20 AM",25900,Self Finance,Paid,
May-26,YT,Gen AI Search Ads,SEM,GENAI-B04,22/05/2026,Gaurav Pillai,gaurav.pillai@rediffmail.com,6682660659,Vikram Das,Referral,60999,"14/05/2026, 09:52 PM",19900,Self Finance,Paid,
May-26,ADS,DS Meta Ads,META,DS-B09,21/05/2026,Amit Sharma,amit.sharma378@gmail.com,6430988113,Suresh Bhat,Referral,72999,"08/05/2026, 02:40 PM",25100,Eduvanz,Pending,
May-26,ADS,DM Meta Ads,INST,DM-B07,15/05/2026,Mohit Reddy,mohit.reddy106@rediffmail.com,8546194155,Priya Sharma,Google Ads,35999,"31/05/2026, 06:44 PM",16000,Self Finance,Paid,
May-26,ADS,Gen AI Search Ads,GSN,GENAI-B04,08/05/2026,Geeta Bose,geeta_bose752@rediffmail.com,7590561100,Kavya Reddy,WhatsApp,74999,"03/05/2026, 10:12 PM",23700,Self Finance,Pending,
May-26,ADS,DS Search Ads,SEM,DS-B08,17/05/2026,Vishal Reddy,vishal_reddy874@outlook.com,8674701494,Meera Pillai,Google Ads,82999,"20/05/2026, 06:51 PM",37800,Eduvanz,Partial,
May-26,ADS,Gen AI Meta Ads,FB,GENAI-B03,05/05/2026,Anjali Mehta,anjali_mehta943@rediffmail.com,9991052575,Sneha Iyer,Referral,63999,"19/05/2026, 10:01 PM",23100,HDFC Credila,Paid,
May-26,ADS,Gen AI Search Ads,GSN,GENAI-B04,15/05/2026,Sneha Agarwal,sneha.agarwal@hotmail.com,7697593690,Kavya Reddy,Email,75999,"21/05/2026, 03:03 PM",16300,NBFC Direct,Pending,
May-26,ADS,Gen AI Meta Ads,FB,GENAI-B03,30/05/2026,Deepa Pandey,deepapandey@hotmail.com,7136001595,Suresh Bhat,Google Ads,64999,"25/05/2026, 09:35 PM",20400,Self Finance,Paid,
May-26,ADS,DM Meta Ads,FB,DM-B07,30/05/2026,Pallavi Rajan,pallavi_rajan79@outlook.com,9271260164,Arjun Nair,Meta Ads,37999,"31/05/2026, 06:10 PM",18400,Propelld,Paid,
May-26,ADS,Gen AI Search Ads,GADS,GENAI-B04,27/05/2026,Gaurav Joshi,gauravjoshi882@yahoo.com,6671926434,Deepak Verma,WhatsApp,59999,"10/05/2026, 07:57 PM",25300,Self Finance,Partial,
May-26,YT,DA Search Ads,GADS,DA-B12,25/05/2026,Sandeep Shetty,sandeepshetty399@hotmail.com,7997714213,Vikram Das,Email,62999,"12/05/2026, 07:09 PM",26800,Eduvanz,Paid,
May-26,ADS,Gen AI Meta Ads,FB,GENAI-B04,20/05/2026,Rohan Nair,rohannair263@outlook.com,6181825620,Suresh Bhat,Organic,63999,"21/05/2026, 08:27 PM",24600,Propelld,Paid,
May-26,ADS,Gen AI Meta Ads,FB,GENAI-B04,12/05/2026,Akash Sharma,akashsharma437@outlook.com,8447063641,Arjun Nair,YouTube,67999,"12/05/2026, 01:20 PM",16900,Self Finance,Paid,
May-26,YT Referral,Gen AI Search Ads,GADS,GENAI-B04,01/05/2026,Mohit Jain,mohit.jain342@rediffmail.com,6115502999,Priya Sharma,Organic,60999,"02/05/2026, 09:23 AM",19300,,Loan Disbursed,
May-26,ADS,DA Meta Ads,META,DA-B14,14/05/2026,Anjali Tiwari,anjali_tiwari@gmail.com,6558091789,Arjun Nair,Meta Ads,61999,"29/05/2026, 03:49 PM",26300,HDFC Credila,Partial,
May-26,ADS,AI/ML Search Ads,SEM,AIML-B03,17/05/2026,Harish Hegde,harish.hegde633@gmail.com,8844639037,Deepak Verma,Organic,84999,"13/05/2026, 06:43 PM",39000,Eduvanz,Loan Disbursed,29/05/2026
May-26,ADS Referral,Gen AI Meta Ads,META,GENAI-B03,27/05/2026,Vishal Mehta,vishal_mehta@hotmail.com,6565928558,Kavya Reddy,Organic,58999,"31/05/2026, 01:29 PM",23400,Propelld,Paid,
May-26,ADS,Gen AI Meta Ads,META,GENAI-B04,22/05/2026,Amit Pandey,amitpandey@hotmail.com,9106446924,Meera Pillai,Organic,70999,"08/05/2026, 10:22 AM",14500,,Paid,
May-26,YT Referral,DS Meta Ads,FB,DS-B08,26/05/2026,Esha Mehta,esha.mehta@outlook.com,8149041556,Vikram Das,YouTube,80999,"28/05/2026, 01:36 PM",25700,HDFC Credila,Paid,
May-26,YT Referral,DA Search Ads,SEM,DA-B14,17/05/2026,Harish Menon,harishmenon@gmail.com,6495428424,Priya Sharma,YouTube,51999,"08/05/2026, 07:50 PM",24000,Propelld,Partial,
May-26,YT,CS Search Ads,GSN,CS-B04,05/05/2026,Vijay Reddy,vijay_reddy746@yahoo.com,7027707942,Vikram Das,WhatsApp,63999,"09/05/2026, 09:35 PM",30200,Self Finance,Partial,
May-26,ADS,Gen AI Meta Ads,FB,GENAI-B03,16/05/2026,Meera Iyer,meera_iyer995@hotmail.com,7230889912,Kavya Reddy,Meta Ads,71999,"10/05/2026, 04:31 PM",18700,Self Finance,Paid,
May-26,YT Referral,DM Meta Ads,META,DM-B07,26/05/2026,Priya Chopra,priya_chopra@hotmail.com,6081571211,Sneha Iyer,Referral,41999,"26/05/2026, 08:33 PM",20800,Self Finance,Paid,
May-26,ADS Referral,DA Meta Ads,INST,DA-B12,25/05/2026,Meera Fernandes,meera_fernandes937@hotmail.com,7503885574,Ananya Joshi,YouTube,68999,"16/05/2026, 07:09 PM",22300,Self Finance,Loan Disbursed,
May-26,ADS,Gen AI Search Ads,SEM,GENAI-B04,19/05/2026,Harish Iyer,harish.iyer@rediffmail.com,8415094388,Rahul Menon,Meta Ads,70999,"12/05/2026, 10:36 PM",19300,Self Finance,Paid,
May-26,ADS,DA Search Ads,GADS,DA-B12,08/05/2026,Nikhil Kapoor,nikhilkapoor@hotmail.com,6253484690,Kavya Reddy,Google Ads,60999,"12/05/2026, 04:07 PM",17500,,Partial,
May-26,YT,CS Search Ads,GADS,CS-B05,29/05/2026,Rohit Kumar,rohit_kumar28@yahoo.com,9566255746,Rahul Menon,Meta Ads,61999,"14/05/2026, 11:05 AM",31000,,Partial,
May-26,YT,BA Search Ads,GSN,BA-B06,31/05/2026,Dhruv Iyer,dhruviyer@outlook.com,9352601369,Rahul Menon,Meta Ads,54999,"27/05/2026, 10:50 PM",20100,HDFC Credila,Paid,
May-26,YT Referral,DA Search Ads,GADS,DA-B14,14/05/2026,Pallavi Iyer,pallavi_iyer327@hotmail.com,9744962414,Priya Sharma,Google Ads,64999,"22/05/2026, 01:43 PM",20600,Self Finance,Partial,
May-26,YT,DA Search Ads,SEM,DA-B14,12/05/2026,Divya Pandey,divyapandey@gmail.com,8158553052,Deepak Verma,YouTube,51999,"21/05/2026, 06:08 PM",16600,Self Finance,Partial,
May-26,ADS,Gen AI Search Ads,SEM,GENAI-B04,28/05/2026,Deepak Menon,deepakmenon308@hotmail.com,6421200156,Kavya Reddy,Google Ads,75999,"17/05/2026, 05:10 PM",24200,Self Finance,Paid,
May-26,ADS,DS Meta Ads,META,DS-B09,26/05/2026,Sandeep Murthy,sandeep_murthy245@gmail.com,6509577493,Rahul Menon,Meta Ads,81999,"02/05/2026, 10:11 PM",23500,HDFC Credila,Partial,
May-26,YT,Gen AI Search Ads,GSN,GENAI-B04,12/05/2026,Pooja Naidu,pooja.naidu249@gmail.com,7795581044,Meera Pillai,Meta Ads,66999,"05/05/2026, 12:43 PM",29500,Self Finance,Paid,
May-26,ADS,DS Search Ads,GADS,DS-B09,08/05/2026,Kavya Patel,kavya_patel544@yahoo.com,6641577585,Vikram Das,Google Ads,65999,"09/05/2026, 08:37 PM",19500,Auxilo,Paid,
May-26,ADS Referral,DA Search Ads,GADS,DA-B13,28/05/2026,Manish Yadav,manish_yadav203@gmail.com,7941666711,Sneha Iyer,Google Ads,56999,"24/05/2026, 12:19 PM",26400,HDFC Credila,Paid,
May-26,ADS,DA Search Ads,GADS,DA-B13,10/05/2026,Suresh Shah,suresh_shah@gmail.com,9574382471,Rahul Menon,Referral,65999,"28/05/2026, 10:54 AM",30200,,Loan Disbursed,
May-26,ADS,DM Meta Ads,INST,DM-B08,03/05/2026,Vijay Varma,vijayvarma457@rediffmail.com,7993854398,Vikram Das,Meta Ads,35999,"17/05/2026, 09:55 PM",12300,Self Finance,Partial,
May-26,ADS Referral,DA Meta Ads,META,DA-B14,24/05/2026,Amit Kapoor,amitkapoor@outlook.com,8112011210,Deepak Verma,Meta Ads,57999,"03/05/2026, 11:01 AM",23700,NBFC Direct,Pending,
May-26,YT Referral,DS Search Ads,GADS,DS-B09,17/05/2026,Ananya Iyer,ananya.iyer@hotmail.com,8315553998,Kavya Reddy,Meta Ads,64999,"05/05/2026, 09:06 PM",17200,,Paid,
May-26,YT,DA Search Ads,GADS,DA-B13,19/05/2026,Sakshi Pillai,sakshi_pillai867@hotmail.com,7548150849,Sneha Iyer,YouTube,58999,"24/05/2026, 04:37 PM",19600,,Paid,
May-26,YT Referral,DA Meta Ads,INST,DA-B13,24/05/2026,Aryan Verma,aryanverma65@hotmail.com,8711237105,Kavya Reddy,Meta Ads,67999,"17/05/2026, 09:15 AM",26800,Auxilo,Loan Disbursed,13/05/2026
May-26,YT,DA Search Ads,GSN,DA-B14,04/05/2026,Sneha Singh,sneha.singh@hotmail.com,8983502108,Deepak Verma,Google Ads,57999,"24/05/2026, 09:07 AM",28600,Eduvanz,Paid,
May-26,ADS,DS Search Ads,SEM,DS-B09,23/05/2026,Deepa Varma,deepavarma704@yahoo.com,9920173788,Rahul Menon,Organic,78999,"01/05/2026, 04:09 PM",18000,Eduvanz,Loan Disbursed,18/05/2026
May-26,YT Referral,DA Meta Ads,FB,DA-B12,06/05/2026,Harish Mehta,harish_mehta@yahoo.com,8922970156,Suresh Bhat,Referral,62999,"09/05/2026, 07:08 PM",18900,Propelld,Paid,
May-26,ADS Referral,CS Search Ads,GADS,CS-B04,14/05/2026,Geeta Menon,geeta.menon455@rediffmail.com,9257848053,Vikram Das,Meta Ads,53999,"05/05/2026, 12:05 PM",20700,,Paid,
May-26,YT,Gen AI Meta Ads,FB,GENAI-B04,04/05/2026,Arjun Bose,arjun.bose807@gmail.com,6576694777,Vikram Das,Google Ads,78999,"19/05/2026, 11:04 AM",18900,NBFC Direct,Paid,
May-26,ADS,DS Meta Ads,META,DS-B09,18/05/2026,Kiran Varma,kiran.varma@hotmail.com,7516520458,Vikram Das,Meta Ads,67999,"18/05/2026, 04:15 PM",30700,NBFC Direct,Partial,
May-26,YT Referral,DA Meta Ads,FB,DA-B13,26/05/2026,Lakshmi Shetty,lakshmi.shetty@rediffmail.com,8440703258,Deepak Verma,Meta Ads,60999,"08/05/2026, 04:14 PM",23900,Eduvanz,Pending,
May-26,ADS,CS Search Ads,GSN,CS-B04,16/05/2026,Chetan Tiwari,chetantiwari658@yahoo.com,6431666446,Priya Sharma,Meta Ads,58999,"28/05/2026, 11:39 AM",18700,Propelld,Loan Disbursed,26/05/2026
May-26,ADS,Gen AI Search Ads,GSN,GENAI-B04,13/05/2026,Anjali Joshi,anjali_joshi634@outlook.com,8183593332,Ananya Joshi,Google Ads,63999,"29/05/2026, 05:22 PM",15900,Self Finance,Paid,
May-26,YT,DA Meta Ads,FB,DA-B12,20/05/2026,Swati Mehta,swati_mehta249@rediffmail.com,7566707492,Arjun Nair,YouTube,61999,"23/05/2026, 06:17 PM",30600,Propelld,Paid,
May-26,YT Referral,Gen AI Meta Ads,META,GENAI-B04,12/05/2026,Aryan Jain,aryan_jain@hotmail.com,6178316810,Meera Pillai,Referral,67999,"19/05/2026, 11:10 AM",33100,Self Finance,Pending,
May-26,ADS Referral,AI/ML Search Ads,SEM,AIML-B03,03/05/2026,Sahil Naidu,sahil_naidu@yahoo.com,9462557654,Priya Sharma,Meta Ads,81999,"24/05/2026, 07:15 PM",40800,Propelld,Paid,
May-26,ADS,DA Meta Ads,FB,DA-B14,17/05/2026,Suresh Hegde,suresh.hegde@hotmail.com,8830479147,Rahul Menon,Organic,50999,"30/05/2026, 12:28 PM",21200,Propelld,Paid,
May-26,ADS,DA Meta Ads,META,DA-B14,25/05/2026,Arjun Mehta,arjunmehta@outlook.com,9140539184,Priya Sharma,YouTube,69999,"10/05/2026, 06:52 PM",33500,Self Finance,Paid,
May-26,YT,DA Search Ads,GADS,DA-B12,12/05/2026,Karan Tiwari,karan_tiwari142@gmail.com,7534351154,Ananya Joshi,Referral,66999,"05/05/2026, 01:38 PM",17800,NBFC Direct,Loan Disbursed,15/05/2026
May-26,ADS,CS Search Ads,GSN,CS-B05,31/05/2026,Amit Kapoor,amit_kapoor@yahoo.com,9622846905,Deepak Verma,Meta Ads,68999,"17/05/2026, 01:46 PM",29100,NBFC Direct,Paid,
May-26,ADS,DA Search Ads,GADS,DA-B12,26/05/2026,Karan Ghosh,karan.ghosh83@outlook.com,8125862828,Arjun Nair,Referral,52999,"17/05/2026, 02:18 PM",11600,Self Finance,Partial,
May-26,ADS,DS Search Ads,SEM,DS-B08,20/05/2026,Pallavi Rao,pallavi_rao@hotmail.com,8376000384,Priya Sharma,Email,66999,"07/05/2026, 01:28 PM",27100,HDFC Credila,Partial,
May-26,ADS,Gen AI Search Ads,GADS,GENAI-B03,23/05/2026,Aditya Shah,aditya.shah286@yahoo.com,9907324109,Arjun Nair,Meta Ads,65999,"26/05/2026, 11:38 AM",32200,,Partial,
May-26,ADS,BA Search Ads,GADS,BA-B05,23/05/2026,Kiran Tiwari,kiran.tiwari191@yahoo.com,9911992726,Ananya Joshi,Google Ads,59999,"04/05/2026, 02:35 PM",17700,HDFC Credila,Paid,
May-26,ADS,DA Meta Ads,FB,DA-B14,11/05/2026,Rohan Chopra,rohan.chopra@rediffmail.com,9883012472,Sneha Iyer,Organic,66999,"17/05/2026, 12:13 PM",13400,,Pending,
May-26,ADS,DA Search Ads,GADS,DA-B13,28/05/2026,Sahil Verma,sahilverma@rediffmail.com,9974977970,Ananya Joshi,Google Ads,68999,"28/05/2026, 06:21 PM",16800,,Partial,
May-26,YT,DS Meta Ads,FB,DS-B10,10/05/2026,Jaya Chopra,jaya_chopra509@hotmail.com,9839917252,Rahul Menon,YouTube,70999,"09/05/2026, 10:42 AM",29000,Propelld,Loan Disbursed,20/05/2026
May-26,YT,BA Meta Ads,META,BA-B06,27/05/2026,Jaya Nair,jaya_nair@rediffmail.com,6048659101,Rahul Menon,Meta Ads,54999,"06/05/2026, 07:21 PM",26900,Self Finance,Partial,
May-26,ADS,DA Meta Ads,INST,DA-B13,07/05/2026,Kiran Rao,kiranrao@outlook.com,7527323588,Rahul Menon,YouTube,56999,"23/05/2026, 03:04 PM",19700,Self Finance,Paid,
May-26,YT,DA Search Ads,SEM,DA-B14,12/05/2026,Rohan Chopra,rohanchopra@rediffmail.com,6218387263,Deepak Verma,Organic,64999,"01/05/2026, 09:10 AM",29200,Propelld,Loan Disbursed,25/05/2026
May-26,YT,BA Meta Ads,META,BA-B06,15/05/2026,Anjali Chopra,anjali.chopra753@rediffmail.com,9537096957,Suresh Bhat,Google Ads,52999,"02/05/2026, 05:49 PM",19900,Self Finance,Paid,
May-26,YT Referral,DA Search Ads,GADS,DA-B12,09/05/2026,Rohan Gupta,rohan_gupta@yahoo.com,7469554278,Ananya Joshi,Google Ads,58999,"26/05/2026, 04:37 PM",23300,Self Finance,Partial,
May-26,YT,DM Meta Ads,FB,DM-B07,16/05/2026,Manish Verma,manishverma819@yahoo.com,8307564993,Deepak Verma,Google Ads,42999,"18/05/2026, 12:51 PM",11500,Self Finance,Paid,
May-26,ADS,BA Search Ads,GADS,BA-B06,20/05/2026,Kavya Agarwal,kavya.agarwal630@yahoo.com,6083630784,Ananya Joshi,Referral,46999,"28/05/2026, 06:02 PM",10700,Self Finance,Paid,
May-26,ADS Referral,DA Meta Ads,META,DA-B14,23/05/2026,Pallavi Nair,pallavi_nair186@hotmail.com,7321738650,Arjun Nair,Google Ads,56999,"27/05/2026, 07:44 PM",28100,,Paid,
May-26,ADS,DA Meta Ads,INST,DA-B13,26/05/2026,Rahul Varma,rahul_varma@gmail.com,8366335353,Rahul Menon,Meta Ads,61999,"16/05/2026, 03:50 PM",21500,Eduvanz,Paid,
May-26,ADS Referral,BA Meta Ads,META,BA-B05,31/05/2026,Geeta Kapoor,geeta.kapoor@gmail.com,7585869549,Suresh Bhat,Google Ads,54999,"02/05/2026, 02:57 PM",19700,Eduvanz,Partial,
May-26,ADS,Gen AI Meta Ads,FB,GENAI-B04,04/05/2026,Bhavna Chopra,bhavnachopra@outlook.com,6321004099,Arjun Nair,Google Ads,61999,"26/05/2026, 10:43 AM",19400,Self Finance,Partial,
May-26,ADS,DA Search Ads,GADS,DA-B13,31/05/2026,Pooja Joshi,poojajoshi@yahoo.com,8325334215,Meera Pillai,Google Ads,55999,"21/05/2026, 08:30 PM",14400,Propelld,Paid,
May-26,YT,BA Meta Ads,INST,BA-B06,06/05/2026,Kritika Menon,kritikamenon@gmail.com,6165400280,Deepak Verma,Meta Ads,46999,"28/05/2026, 12:55 PM",14600,,Pending,
May-26,YT,CS Search Ads,GADS,CS-B04,08/05/2026,Rohit Varma,rohit_varma@gmail.com,6768670316,Arjun Nair,Meta Ads,52999,"28/05/2026, 10:36 PM",17300,,Paid,
May-26,ADS,CS Search Ads,GADS,CS-B05,27/05/2026,Esha Rao,esha_rao@gmail.com,8370329667,Suresh Bhat,Google Ads,55999,"21/05/2026, 02:52 PM",23600,Self Finance,Paid,
May-26,ADS Referral,BA Search Ads,GSN,BA-B06,12/05/2026,Aryan Reddy,aryan_reddy468@yahoo.com,7593995685,Vikram Das,WhatsApp,47999,"12/05/2026, 11:34 AM",20500,Auxilo,Paid,
May-26,YT,DA Search Ads,GADS,DA-B13,15/05/2026,Divya Varma,divya.varma903@rediffmail.com,6447453811,Sneha Iyer,WhatsApp,54999,"04/05/2026, 01:40 PM",12300,Propelld,Refunded,
May-26,YT,DM Meta Ads,META,DM-B07,10/05/2026,Mohit Joshi,mohit_joshi@outlook.com,6709664091,Ananya Joshi,Google Ads,39999,"29/05/2026, 08:18 PM",18200,,Partial,
May-26,ADS,CS Search Ads,GSN,CS-B04,16/05/2026,Sahil Tiwari,sahiltiwari@gmail.com,7273484112,Deepak Verma,Meta Ads,50999,"28/05/2026, 05:00 PM",22800,Eduvanz,Partial,
May-26,YT Referral,CS Search Ads,GADS,CS-B04,25/05/2026,Vinay Rajan,vinayrajan379@hotmail.com,7803127685,Ananya Joshi,YouTube,65999,"30/05/2026, 10:27 AM",22200,Self Finance,Pending,
May-26,ADS,DM Meta Ads,META,DM-B07,08/05/2026,Hemant Joshi,hemantjoshi@outlook.com,8222136440,Priya Sharma,YouTube,35999,"12/05/2026, 09:15 PM",13200,Auxilo,Pending,
May-26,ADS Referral,DM Meta Ads,INST,DM-B08,02/05/2026,Ananya Patel,ananya.patel903@gmail.com,9231623610,Arjun Nair,WhatsApp,47999,"20/05/2026, 10:31 PM",15200,Self Finance,Paid,
May-26,ADS Referral,DM Meta Ads,FB,DM-B08,16/05/2026,Bhavna Varma,bhavnavarma465@gmail.com,9392884218,Rahul Menon,Google Ads,43999,"18/05/2026, 10:41 AM",15700,NBFC Direct,Paid,
May-26,YT Referral,DS Search Ads,SEM,DS-B08,30/05/2026,Isha Jain,ishajain@yahoo.com,6394477903,Ananya Joshi,Google Ads,70999,"20/05/2026, 12:55 PM",17100,Self Finance,Partial,
May-26,ADS,DS Search Ads,GADS,DS-B09,01/05/2026,Divya Desai,divya_desai509@rediffmail.com,6824853649,Priya Sharma,Referral,78999,"14/05/2026, 08:30 PM",22800,,Loan Disbursed,
May-26,YT,Gen AI Search Ads,GADS,GENAI-B04,26/05/2026,Deepak Murthy,deepak.murthy@yahoo.com,8951718072,Deepak Verma,Referral,74999,"10/05/2026, 10:36 AM",19500,Eduvanz,Pending,
May-26,YT,DA Meta Ads,INST,DA-B14,12/05/2026,Vishal Menon,vishal_menon@gmail.com,9118608839,Priya Sharma,Google Ads,56999,"11/05/2026, 09:02 PM",21500,,Refunded,
May-26,ADS,DS Search Ads,GADS,DS-B10,07/05/2026,Sahil Pillai,sahil.pillai@rediffmail.com,8979208537,Vikram Das,WhatsApp,67999,"05/05/2026, 04:33 PM",23300,Self Finance,Paid,
May-26,YT,DA Meta Ads,FB,DA-B14,29/05/2026,Rohit Ghosh,rohit.ghosh513@gmail.com,8969550788,Meera Pillai,Referral,69999,"19/05/2026, 10:35 PM",16800,,Pending,
May-26,ADS,DA Meta Ads,META,DA-B14,03/05/2026,Ravi Hegde,ravihegde@gmail.com,8623019410,Priya Sharma,Referral,54999,"25/05/2026, 02:49 PM",18500,HDFC Credila,Paid,
May-26,YT,DS Meta Ads,META,DS-B10,04/05/2026,Manish Yadav,manish.yadav382@outlook.com,7595798654,Vikram Das,Organic,72999,"16/05/2026, 03:00 PM",32400,,Partial,
May-26,YT,DA Search Ads,GSN,DA-B13,26/05/2026,Lakshmi Agarwal,lakshmiagarwal137@rediffmail.com,6890059939,Rahul Menon,Meta Ads,57999,"01/05/2026, 10:40 PM",28300,Self Finance,Paid,
May-26,ADS,DA Search Ads,GSN,DA-B13,14/05/2026,Sneha Ghosh,sneha.ghosh128@gmail.com,9706371385,Sneha Iyer,Email,66999,"02/05/2026, 09:13 PM",18400,HDFC Credila,Paid,
May-26,ADS,DA Search Ads,SEM,DA-B13,04/05/2026,Kritika Iyer,kritika.iyer459@hotmail.com,8238067920,Kavya Reddy,Meta Ads,62999,"27/05/2026, 07:37 PM",15300,Self Finance,Partial,
May-26,ADS,BA Meta Ads,INST,BA-B06,24/05/2026,Uday Singh,uday.singh@gmail.com,9460663351,Arjun Nair,Google Ads,51999,"02/05/2026, 01:15 PM",13000,Auxilo,Paid,
May-26,ADS Referral,DA Meta Ads,INST,DA-B12,19/05/2026,Esha Iyer,esha_iyer272@gmail.com,8423620261,Deepak Verma,YouTube,56999,"25/05/2026, 03:43 PM",12800,HDFC Credila,Paid,
May-26,YT Referral,DA Search Ads,GADS,DA-B14,10/05/2026,Rohan Jain,rohan_jain@outlook.com,7487743301,Rahul Menon,Referral,69999,"23/05/2026, 10:02 AM",32300,Self Finance,Loan Disbursed,
May-26,ADS,DA Search Ads,SEM,DA-B12,12/05/2026,Hemant Fernandes,hemant_fernandes76@yahoo.com,8821257805,Sneha Iyer,WhatsApp,53999,"06/05/2026, 03:50 PM",21100,HDFC Credila,Paid,
May-26,ADS,CS Search Ads,GADS,CS-B04,04/05/2026,Mohit Naidu,mohitnaidu664@hotmail.com,9653212434,Ananya Joshi,Google Ads,50999,"23/05/2026, 06:34 PM",18000,Propelld,Refunded,
May-26,YT,DA Meta Ads,FB,DA-B13,19/05/2026,Arjun Agarwal,arjunagarwal957@outlook.com,8453096466,Suresh Bhat,Meta Ads,69999,"11/05/2026, 07:46 PM",21000,Auxilo,Paid,
May-26,ADS,AI/ML Search Ads,SEM,AIML-B02,31/05/2026,Sahil Kumar,sahil.kumar@gmail.com,6403098656,Sneha Iyer,Meta Ads,85999,"06/05/2026, 09:38 AM",42500,Self Finance,Loan Disbursed,
May-26,YT Referral,CS Search Ads,GSN,CS-B05,09/05/2026,Harish Verma,harish.verma256@gmail.com,8799302022,Deepak Verma,YouTube,66999,"11/05/2026, 12:24 PM",26300,,Paid,
May-26,ADS,DA Search Ads,GSN,DA-B14,19/05/2026,Ravi Desai,ravi.desai@outlook.com,6779176411,Meera Pillai,YouTube,58999,"27/05/2026, 07:14 PM",27900,Self Finance,Partial,
May-26,YT,DA Search Ads,SEM,DA-B12,08/05/2026,Vinay Verma,vinay.verma625@yahoo.com,6984814654,Suresh Bhat,Google Ads,55999,"30/05/2026, 03:30 PM",19300,NBFC Direct,Paid,
May-26,ADS,Gen AI Meta Ads,FB,GENAI-B04,31/05/2026,Ravi Pillai,ravi_pillai@rediffmail.com,7383712946,Kavya Reddy,Referral,56999,"26/05/2026, 08:33 PM",25300,Auxilo,Loan Disbursed,16/05/2026
May-26,ADS,Gen AI Meta Ads,FB,GENAI-B04,03/05/2026,Vinay Reddy,vinay.reddy328@hotmail.com,6251975746,Sneha Iyer,Google Ads,55999,"02/05/2026, 02:52 PM",21900,Self Finance,Partial,
May-26,YT,DS Search Ads,SEM,DS-B08,27/05/2026,Deepak Varma,deepakvarma710@hotmail.com,7261775697,Deepak Verma,Google Ads,78999,"28/05/2026, 12:35 PM",34300,HDFC Credila,Paid,
May-26,YT,DS Meta Ads,META,DS-B09,06/05/2026,Hemant Iyer,hemantiyer638@yahoo.com,9625902046,Deepak Verma,YouTube,78999,"16/05/2026, 12:33 PM",20200,Propelld,Paid,
May-26,YT Referral,BA Meta Ads,INST,BA-B05,14/05/2026,Deepa Varma,deepa_varma@yahoo.com,6797117336,Arjun Nair,Meta Ads,45999,"04/05/2026, 11:43 AM",22200,Eduvanz,Paid,
May-26,ADS Referral,DS Meta Ads,META,DS-B10,26/05/2026,Suresh Chopra,suresh.chopra@outlook.com,6823481884,Rahul Menon,Google Ads,68999,"04/05/2026, 08:23 PM",32100,,Loan Disbursed,
May-26,YT Referral,Gen AI Meta Ads,META,GENAI-B04,12/05/2026,Mohit Joshi,mohitjoshi37@hotmail.com,9320647546,Rahul Menon,Email,79999,"04/05/2026, 07:10 PM",32500,Auxilo,Paid,
May-26,YT Referral,DA Search Ads,GSN,DA-B12,25/05/2026,Manish Menon,manish.menon965@gmail.com,6336147851,Ananya Joshi,YouTube,60999,"05/05/2026, 06:05 PM",13000,HDFC Credila,Loan Disbursed,26/05/2026
May-26,ADS,DA Search Ads,GSN,DA-B14,14/05/2026,Dhruv Sharma,dhruv_sharma925@rediffmail.com,8263145128,Ananya Joshi,Referral,64999,"13/05/2026, 05:07 PM",19700,,Paid,
May-26,YT,DS Meta Ads,FB,DS-B10,30/05/2026,Sneha Bose,sneha.bose783@hotmail.com,7248915968,Kavya Reddy,Meta Ads,70999,"25/05/2026, 03:09 PM",19600,Eduvanz,Paid,
May-26,ADS,AI/ML Search Ads,SEM,AIML-B03,05/05/2026,Vinay Hegde,vinayhegde805@hotmail.com,8333234363,Meera Pillai,Referral,72999,"30/05/2026, 09:29 PM",27600,Self Finance,Paid,
May-26,YT,DA Search Ads,SEM,DA-B13,19/05/2026,Nandini Nair,nandini_nair139@rediffmail.com,8650218573,Meera Pillai,YouTube,61999,"29/05/2026, 03:31 PM",14300,NBFC Direct,Pending,
May-26,YT,Gen AI Search Ads,SEM,GENAI-B03,26/05/2026,Jaya Menon,jayamenon597@outlook.com,7896150830,Deepak Verma,Organic,59999,"01/05/2026, 10:29 PM",23000,Propelld,Paid,
May-26,ADS,DM Meta Ads,FB,DM-B07,16/05/2026,Uday Rajan,udayrajan625@hotmail.com,9220666106,Suresh Bhat,Organic,38999,"28/05/2026, 03:31 PM",8900,Self Finance,Refunded,
May-26,YT,AI/ML Search Ads,GSN,AIML-B02,16/05/2026,Kavya Hegde,kavya_hegde877@gmail.com,8858993984,Sneha Iyer,Email,88999,"22/05/2026, 04:02 PM",21400,,Paid,
May-26,ADS,DA Search Ads,SEM,DA-B14,13/05/2026,Isha Pillai,isha.pillai@outlook.com,7036475905,Meera Pillai,Organic,68999,"19/05/2026, 01:43 PM",20700,Self Finance,Paid,
May-26,YT Referral,DA Search Ads,GSN,DA-B12,07/05/2026,Yash Tiwari,yashtiwari167@rediffmail.com,8174378775,Suresh Bhat,Google Ads,54999,"20/05/2026, 09:22 PM",22300,Self Finance,Paid,
May-26,YT Referral,BA Meta Ads,META,BA-B06,14/05/2026,Aarav Iyer,aarav_iyer866@rediffmail.com,9031150114,Sneha Iyer,YouTube,53999,"09/05/2026, 06:39 PM",11700,HDFC Credila,Paid,
May-26,YT Referral,Gen AI Search Ads,SEM,GENAI-B04,27/05/2026,Deepak Joshi,deepakjoshi@outlook.com,6611682144,Suresh Bhat,Google Ads,71999,"16/05/2026, 02:44 PM",17000,Self Finance,Paid,
May-26,ADS,AI/ML Search Ads,SEM,AIML-B03,23/05/2026,Akash Reddy,akash_reddy@outlook.com,6969058599,Kavya Reddy,Meta Ads,74999,"29/05/2026, 04:29 PM",18000,HDFC Credila,Paid,
May-26,YT,BA Search Ads,GADS,BA-B06,11/05/2026,Ravi Iyer,ravi_iyer169@gmail.com,6526346503,Vikram Das,Google Ads,48999,"12/05/2026, 05:37 PM",10300,Auxilo,Refunded,
May-26,YT Referral,DS Meta Ads,META,DS-B09,17/05/2026,Divya Jain,divya_jain@outlook.com,8685929117,Priya Sharma,Organic,72999,"19/05/2026, 12:52 PM",34000,Propelld,Paid,
May-26,YT,CS Search Ads,GSN,CS-B05,02/05/2026,Esha Shetty,eshashetty@yahoo.com,9337321256,Meera Pillai,Google Ads,51999,"29/05/2026, 08:49 PM",10500,Self Finance,Pending,
May-26,ADS,Gen AI Search Ads,GSN,GENAI-B04,15/05/2026,Chetan Shah,chetan_shah707@hotmail.com,8160663280,Sneha Iyer,Referral,68999,"21/05/2026, 09:36 AM",31800,Self Finance,Paid,
May-26,ADS,AI/ML Search Ads,SEM,AIML-B03,22/05/2026,Rohit Hegde,rohit.hegde@rediffmail.com,8795983419,Meera Pillai,Google Ads,74999,"07/05/2026, 07:48 PM",23300,Self Finance,Paid,
May-26,ADS,DA Meta Ads,INST,DA-B14,04/05/2026,Deepak Naidu,deepak.naidu@yahoo.com,6525592040,Suresh Bhat,Meta Ads,61999,"22/05/2026, 11:33 AM",19500,,Paid,
May-26,ADS,DM Meta Ads,INST,DM-B08,03/05/2026,Rahul Nair,rahulnair@rediffmail.com,7552136906,Deepak Verma,Google Ads,42999,"01/05/2026, 12:06 PM",10600,Self Finance,Partial,
May-26,ADS,Gen AI Search Ads,SEM,GENAI-B04,12/05/2026,Mohit Tiwari,mohit.tiwari444@hotmail.com,6864258121,Rahul Menon,Google Ads,61999,"08/05/2026, 07:47 PM",27600,Propelld,Partial,
May-26,ADS Referral,Gen AI Search Ads,GADS,GENAI-B03,29/05/2026,Deepak Agarwal,deepak.agarwal@outlook.com,7654319101,Arjun Nair,Meta Ads,72999,"05/05/2026, 03:06 PM",19400,Self Finance,Paid,
May-26,ADS Referral,DS Meta Ads,META,DS-B09,10/05/2026,Rohit Joshi,rohitjoshi526@rediffmail.com,9316430851,Suresh Bhat,YouTube,60999,"26/05/2026, 04:10 PM",25800,Self Finance,Pending,
May-26,YT,DA Meta Ads,META,DA-B12,04/05/2026,Vijay Pandey,vijay.pandey496@yahoo.com,7056017216,Kavya Reddy,Google Ads,69999,"28/05/2026, 10:09 AM",29700,Propelld,Pending,
May-26,YT,DS Meta Ads,FB,DS-B10,07/05/2026,Amit Joshi,amit.joshi@yahoo.com,6417717148,Vikram Das,Referral,72999,"28/05/2026, 10:15 PM",17800,Self Finance,Paid,
May-26,ADS,DS Search Ads,SEM,DS-B09,07/05/2026,Rohan Fernandes,rohanfernandes@outlook.com,9753443676,Suresh Bhat,Email,76999,"29/05/2026, 03:14 PM",27100,Propelld,Refunded,
May-26,ADS Referral,AI/ML Search Ads,GSN,AIML-B02,21/05/2026,Isha Pandey,ishapandey@gmail.com,8131578069,Arjun Nair,YouTube,65999,"06/05/2026, 05:07 PM",19200,Auxilo,Partial,
May-26,ADS,DS Search Ads,GADS,DS-B09,24/05/2026,Priya Shetty,priya.shetty488@yahoo.com,6402273533,Kavya Reddy,YouTube,64999,"31/05/2026, 04:18 PM",16200,Propelld,Pending,
May-26,ADS Referral,DM Meta Ads,INST,DM-B08,26/05/2026,Meera Ghosh,meera_ghosh136@outlook.com,8947287148,Vikram Das,YouTube,48999,"03/05/2026, 08:13 PM",14300,Self Finance,Paid,
May-26,ADS Referral,BA Search Ads,GADS,BA-B06,15/05/2026,Bhavna Sharma,bhavna.sharma@gmail.com,8933104829,Suresh Bhat,YouTube,45999,"18/05/2026, 11:39 AM",19400,Propelld,Paid,
May-26,YT,DM Meta Ads,META,DM-B08,30/05/2026,Harish Gupta,harish_gupta829@rediffmail.com,6193051599,Ananya Joshi,Meta Ads,38999,"17/05/2026, 12:05 PM",10600,Self Finance,Paid,
May-26,ADS,AI/ML Search Ads,GSN,AIML-B03,20/05/2026,Aryan Joshi,aryan.joshi159@gmail.com,8283687032,Ananya Joshi,YouTube,69999,"04/05/2026, 04:33 PM",30200,Self Finance,Loan Disbursed,
May-26,ADS,BA Search Ads,GADS,BA-B05,12/05/2026,Aarav Gupta,aarav.gupta@rediffmail.com,9810626315,Sneha Iyer,Google Ads,56999,"20/05/2026, 05:09 PM",11500,Self Finance,Paid,
May-26,YT,CS Search Ads,GADS,CS-B04,26/05/2026,Ravi Patel,ravipatel@rediffmail.com,7523606096,Arjun Nair,Google Ads,53999,"04/05/2026, 11:54 AM",19000,NBFC Direct,Refunded,
May-26,ADS,DA Meta Ads,META,DA-B12,21/05/2026,Bhavna Tiwari,bhavna.tiwari@gmail.com,7990232827,Suresh Bhat,Google Ads,61999,"19/05/2026, 11:44 AM",21900,Auxilo,Paid,
May-26,ADS,DA Meta Ads,FB,DA-B12,17/05/2026,Sandeep Naidu,sandeepnaidu644@outlook.com,6697379695,Sneha Iyer,Meta Ads,67999,"13/05/2026, 09:50 PM",22700,Propelld,Loan Disbursed,07/05/2026
May-26,ADS,Gen AI Meta Ads,META,GENAI-B03,31/05/2026,Bhavna Ghosh,bhavna.ghosh579@outlook.com,8477957445,Meera Pillai,Referral,66999,"25/05/2026, 09:26 PM",27500,NBFC Direct,Paid,
May-26,YT,BA Search Ads,GADS,BA-B05,26/05/2026,Jaya Singh,jaya_singh954@gmail.com,8315779848,Sneha Iyer,Organic,50999,"14/05/2026, 10:43 AM",24200,Self Finance,Partial,
May-26,ADS,DA Search Ads,GSN,DA-B12,07/05/2026,Divya Desai,divyadesai695@hotmail.com,9144536184,Kavya Reddy,Organic,53999,"02/05/2026, 12:20 PM",24500,NBFC Direct,Refunded,
May-26,ADS,DA Search Ads,GSN,DA-B14,03/05/2026,Akash Varma,akash.varma695@gmail.com,6401045110,Priya Sharma,Google Ads,69999,"01/05/2026, 08:15 PM",28900,HDFC Credila,Paid,
May-26,YT,DM Meta Ads,FB,DM-B08,18/05/2026,Priya Patel,priyapatel@rediffmail.com,8323838448,Vikram Das,Meta Ads,44999,"15/05/2026, 10:23 AM",19900,Eduvanz,Paid,
May-26,ADS,DS Meta Ads,META,DS-B09,10/05/2026,Rahul Fernandes,rahul_fernandes493@outlook.com,8390748952,Deepak Verma,YouTube,72999,"20/05/2026, 07:57 PM",17100,HDFC Credila,Paid,
May-26,ADS,CS Search Ads,GADS,CS-B04,12/05/2026,Deepak Rajan,deepakrajan332@outlook.com,9913455464,Priya Sharma,Meta Ads,51999,"21/05/2026, 08:38 PM",16200,Eduvanz,Pending,
May-26,YT,Gen AI Meta Ads,META,GENAI-B03,31/05/2026,Anjali Nair,anjali.nair@hotmail.com,9708076191,Ananya Joshi,YouTube,67999,"23/05/2026, 09:20 AM",33100,NBFC Direct,Loan Disbursed,04/05/2026
May-26,ADS Referral,BA Search Ads,GADS,BA-B05,18/05/2026,Bhavna Mehta,bhavna.mehta653@rediffmail.com,7667825596,Deepak Verma,Email,45999,"20/05/2026, 08:24 PM",14800,Eduvanz,Paid,
May-26,ADS,DS Search Ads,GADS,DS-B09,12/05/2026,Tanvi Patel,tanvipatel@outlook.com,7468507532,Rahul Menon,Referral,78999,"24/05/2026, 06:20 PM",36600,Self Finance,Paid,
May-26,ADS,CS Search Ads,GSN,CS-B04,02/05/2026,Meera Pillai,meera_pillai193@outlook.com,8727668027,Deepak Verma,Google Ads,54999,"15/05/2026, 10:50 PM",17600,Propelld,Paid,
May-26,ADS,DA Search Ads,GSN,DA-B13,29/05/2026,Pradeep Kumar,pradeepkumar137@rediffmail.com,9251635883,Kavya Reddy,Referral,65999,"13/05/2026, 09:03 AM",22300,Self Finance,Paid,
May-26,ADS,BA Meta Ads,META,BA-B06,05/05/2026,Harish Bose,harish.bose@outlook.com,6060441480,Deepak Verma,Meta Ads,45999,"10/05/2026, 10:51 AM",11000,HDFC Credila,Partial,
May-26,ADS,DA Search Ads,GSN,DA-B12,31/05/2026,Rohan Bose,rohanbose@outlook.com,8028645927,Vikram Das,Meta Ads,66999,"22/05/2026, 10:14 AM",33400,Self Finance,Partial,
May-26,ADS Referral,DM Meta Ads,FB,DM-B07,19/05/2026,Pradeep Patel,pradeep.patel621@rediffmail.com,8049650122,Priya Sharma,Organic,37999,"14/05/2026, 04:14 PM",15100,Propelld,Paid,
May-26,ADS,CS Search Ads,GADS,CS-B05,03/05/2026,Vijay Naidu,vijay.naidu735@hotmail.com,6312022108,Kavya Reddy,Google Ads,57999,"15/05/2026, 09:44 PM",19900,Propelld,Partial,
May-26,ADS,CS Search Ads,GSN,CS-B04,01/05/2026,Akash Desai,akash_desai833@gmail.com,8768673671,Vikram Das,Google Ads,61999,"26/05/2026, 06:21 PM",18900,Self Finance,Paid,
May-26,YT Referral,DS Search Ads,GSN,DS-B08,10/05/2026,Suresh Varma,suresh_varma@outlook.com,6263995833,Kavya Reddy,Google Ads,60999,"22/05/2026, 02:26 PM",29100,Self Finance,Paid,
May-26,YT,BA Search Ads,GADS,BA-B05,09/05/2026,Ananya Naidu,ananya_naidu@yahoo.com,7781085748,Ananya Joshi,Google Ads,50999,"05/05/2026, 03:53 PM",21500,Self Finance,Partial,
May-26,YT,AI/ML Search Ads,GSN,AIML-B03,31/05/2026,Deepa Ghosh,deepa_ghosh271@rediffmail.com,9374444123,Kavya Reddy,Meta Ads,70999,"24/05/2026, 10:04 AM",18700,Propelld,Partial,
May-26,ADS,BA Meta Ads,INST,BA-B05,28/05/2026,Vijay Pandey,vijay_pandey383@hotmail.com,9664644497,Suresh Bhat,Organic,56999,"25/05/2026, 01:45 PM",20900,Self Finance,Paid,
May-26,YT,DA Search Ads,GADS,DA-B14,01/05/2026,Anjali Jain,anjali.jain748@hotmail.com,7637258636,Kavya Reddy,Meta Ads,50999,"27/05/2026, 07:26 PM",15700,Auxilo,Paid,
May-26,ADS Referral,AI/ML Search Ads,GSN,AIML-B02,01/05/2026,Ananya Pandey,ananya.pandey66@hotmail.com,9377927701,Arjun Nair,Meta Ads,75999,"09/05/2026, 08:25 PM",19700,NBFC Direct,Partial,
May-26,ADS,DA Meta Ads,INST,DA-B14,03/05/2026,Uday Agarwal,uday.agarwal@yahoo.com,9208548783,Priya Sharma,Organic,64999,"09/05/2026, 03:27 PM",31400,Propelld,Loan Disbursed,24/05/2026
May-26,ADS,BA Meta Ads,META,BA-B05,03/05/2026,Yash Bose,yashbose@outlook.com,8465569695,Priya Sharma,Meta Ads,51999,"11/05/2026, 06:25 PM",23300,Self Finance,Loan Disbursed,
May-26,YT,DA Search Ads,SEM,DA-B13,19/05/2026,Manish Tiwari,manish.tiwari988@rediffmail.com,9428266481,Priya Sharma,Meta Ads,64999,"01/05/2026, 11:54 AM",29800,Self Finance,Paid,
May-26,YT,AI/ML Search Ads,SEM,AIML-B03,02/05/2026,Suresh Fernandes,sureshfernandes@gmail.com,9354353146,Priya Sharma,YouTube,86999,"16/05/2026, 03:45 PM",18900,Self Finance,Paid,
May-26,YT,DA Search Ads,GSN,DA-B14,02/05/2026,Rohan Agarwal,rohanagarwal@outlook.com,8311024479,Rahul Menon,Meta Ads,59999,"28/05/2026, 12:06 PM",22600,Self Finance,Paid,
May-26,ADS Referral,DA Search Ads,GSN,DA-B13,02/05/2026,Kavya Reddy,kavyareddy@gmail.com,9126233747,Suresh Bhat,WhatsApp,65999,"27/05/2026, 07:19 PM",27100,Self Finance,Partial,
May-26,YT,DA Meta Ads,META,DA-B12,11/05/2026,Ishaan Patel,ishaan_patel@rediffmail.com,9438363534,Priya Sharma,Meta Ads,66999,"29/05/2026, 09:51 PM",29500,Self Finance,Paid,
May-26,YT Referral,BA Search Ads,GSN,BA-B06,19/05/2026,Karan Bose,karan.bose7@outlook.com,8480293650,Meera Pillai,YouTube,45999,"03/05/2026, 04:49 PM",17300,Self Finance,Pending,
May-26,YT,DA Search Ads,GSN,DA-B12,25/05/2026,Mohit Mehta,mohit.mehta@yahoo.com,6394759057,Priya Sharma,Google Ads,52999,"31/05/2026, 11:39 AM",22500,Self Finance,Paid,
May-26,ADS,Gen AI Search Ads,GADS,GENAI-B03,09/05/2026,Geeta Pandey,geeta.pandey@rediffmail.com,6870593492,Vikram Das,Meta Ads,67999,"23/05/2026, 01:46 PM",14700,Propelld,Partial,
May-26,YT,DA Search Ads,GSN,DA-B13,19/05/2026,Jaya Pillai,jaya_pillai@rediffmail.com,6330266724,Ananya Joshi,Google Ads,62999,"17/05/2026, 09:54 PM",22900,,Partial,
May-26,YT,BA Search Ads,GSN,BA-B06,06/05/2026,Uday Rao,udayrao@outlook.com,9835506653,Meera Pillai,YouTube,45999,"01/05/2026, 03:22 PM",16000,,Pending,
May-26,YT,CS Search Ads,GSN,CS-B05,25/05/2026,Shruti Menon,shruti.menon807@yahoo.com,7523404751,Meera Pillai,Google Ads,65999,"27/05/2026, 09:45 AM",28900,Self Finance,Loan Disbursed,
May-26,YT,DA Search Ads,GADS,DA-B12,23/05/2026,Ravi Varma,ravi.varma444@yahoo.com,8965399090,Deepak Verma,Meta Ads,60999,"14/05/2026, 07:33 PM",19800,Self Finance,Partial,
May-26,ADS,Gen AI Meta Ads,FB,GENAI-B03,10/05/2026,Karan Verma,karanverma818@outlook.com,6528980766,Sneha Iyer,Meta Ads,67999,"22/05/2026, 12:48 PM",23600,Self Finance,Partial,
May-26,YT,Gen AI Search Ads,GSN,GENAI-B03,05/05/2026,Deepak Rajan,deepak.rajan@hotmail.com,9060695203,Kavya Reddy,Organic,62999,"25/05/2026, 09:22 PM",26500,HDFC Credila,Paid,
May-26,ADS,DA Search Ads,GADS,DA-B14,14/05/2026,Sahil Rajan,sahil.rajan473@outlook.com,8447636095,Rahul Menon,Google Ads,59999,"28/05/2026, 07:06 PM",19600,Self Finance,Paid,
May-26,YT,DM Meta Ads,META,DM-B07,22/05/2026,Vishal Yadav,vishal.yadav474@hotmail.com,7588546594,Sneha Iyer,Google Ads,46999,"22/05/2026, 06:35 PM",21600,,Pending,
May-26,ADS,DA Search Ads,SEM,DA-B12,31/05/2026,Kiran Joshi,kiran.joshi886@hotmail.com,8367884478,Suresh Bhat,Google Ads,64999,"03/05/2026, 07:49 PM",16200,,Paid,
May-26,ADS,DS Search Ads,GADS,DS-B09,16/05/2026,Manish Tiwari,manish.tiwari@gmail.com,7287745452,Vikram Das,Organic,67999,"02/05/2026, 08:31 PM",14700,Propelld,Loan Disbursed,21/05/2026
May-26,YT,DS Meta Ads,FB,DS-B08,06/05/2026,Rohit Gupta,rohit.gupta386@gmail.com,7802596381,Kavya Reddy,Google Ads,63999,"04/05/2026, 09:20 PM",28900,Propelld,Partial,
May-26,ADS Referral,DS Meta Ads,FB,DS-B08,26/05/2026,Isha Das,isha_das@yahoo.com,9651882906,Meera Pillai,Referral,66999,"09/05/2026, 11:09 AM",13900,Eduvanz,Partial,
May-26,ADS,DS Meta Ads,FB,DS-B09,27/05/2026,Divya Ghosh,divya.ghosh87@hotmail.com,7910167104,Meera Pillai,Organic,84999,"08/05/2026, 10:12 AM",33400,Propelld,Paid,
May-26,ADS,Gen AI Meta Ads,META,GENAI-B04,09/05/2026,Sneha Rajan,sneha.rajan@gmail.com,9783872722,Suresh Bhat,Google Ads,58999,"17/05/2026, 10:35 PM",17300,Auxilo,Partial,
May-26,YT,Gen AI Meta Ads,META,GENAI-B03,21/05/2026,Pradeep Murthy,pradeepmurthy@yahoo.com,7371877959,Priya Sharma,YouTube,79999,"31/05/2026, 10:44 AM",23100,Self Finance,Paid,
May-26,ADS,BA Meta Ads,META,BA-B06,21/05/2026,Jaya Rajan,jaya.rajan318@gmail.com,7291529668,Vikram Das,Meta Ads,45999,"16/05/2026, 06:27 PM",12800,Self Finance,Paid,
May-26,ADS,Gen AI Search Ads,SEM,GENAI-B04,04/05/2026,Ravi Chopra,ravi.chopra460@yahoo.com,8618627425,Arjun Nair,Google Ads,57999,"05/05/2026, 09:09 PM",28800,Self Finance,Pending,
May-26,YT Referral,AI/ML Search Ads,GSN,AIML-B03,07/05/2026,Arjun Sharma,arjun_sharma785@yahoo.com,6808441237,Ananya Joshi,Google Ads,83999,"22/05/2026, 08:19 PM",37000,NBFC Direct,Partial,
May-26,YT,DS Meta Ads,FB,DS-B09,12/05/2026,Harish Pillai,harish.pillai445@yahoo.com,9483210456,Kavya Reddy,Organic,65999,"08/05/2026, 04:25 PM",31000,Self Finance,Loan Disbursed,
May-26,ADS Referral,DS Search Ads,GADS,DS-B09,10/05/2026,Deepak Menon,deepak_menon328@yahoo.com,9729229041,Rahul Menon,Google Ads,79999,"20/05/2026, 07:14 PM",39700,,Pending,
May-26,ADS,DS Search Ads,GSN,DS-B09,21/05/2026,Suresh Singh,suresh_singh649@rediffmail.com,7413258377,Priya Sharma,Referral,81999,"29/05/2026, 09:49 PM",28900,Eduvanz,Loan Disbursed,25/05/2026
May-26,ADS Referral,Gen AI Search Ads,GSN,GENAI-B03,25/05/2026,Aryan Joshi,aryan_joshi401@rediffmail.com,7315449424,Sneha Iyer,Google Ads,65999,"27/05/2026, 12:11 PM",15000,Propelld,Paid,
May-26,ADS,DA Meta Ads,FB,DA-B12,09/05/2026,Nikhil Shah,nikhil.shah441@rediffmail.com,9665852092,Deepak Verma,Meta Ads,60999,"15/05/2026, 07:37 PM",30200,Self Finance,Paid,
May-26,YT,Gen AI Search Ads,GSN,GENAI-B03,09/05/2026,Vijay Hegde,vijayhegde@rediffmail.com,8396743153,Priya Sharma,Meta Ads,60999,"20/05/2026, 12:48 PM",28000,HDFC Credila,Loan Disbursed,26/05/2026
May-26,YT,DA Search Ads,SEM,DA-B14,04/05/2026,Shruti Chopra,shruti.chopra402@yahoo.com,7145343725,Meera Pillai,Meta Ads,59999,"06/05/2026, 07:31 PM",17600,Propelld,Paid,
May-26,YT,Gen AI Search Ads,GSN,GENAI-B04,14/05/2026,Vinay Kumar,vinay_kumar@hotmail.com,9664426836,Ananya Joshi,YouTube,79999,"19/05/2026, 02:18 PM",16700,Propelld,Paid,
May-26,ADS Referral,DA Search Ads,GSN,DA-B14,13/05/2026,Pradeep Menon,pradeepmenon@hotmail.com,7403817490,Arjun Nair,Google Ads,67999,"06/05/2026, 03:49 PM",29600,HDFC Credila,Paid,
May-26,ADS,DA Meta Ads,META,DA-B12,07/05/2026,Vinay Shah,vinay_shah235@yahoo.com,7850904071,Sneha Iyer,Organic,55999,"05/05/2026, 09:58 PM",24000,Eduvanz,Partial,
May-26,YT,DA Meta Ads,FB,DA-B14,04/05/2026,Jaya Kumar,jayakumar856@gmail.com,7180710632,Vikram Das,Meta Ads,50999,"18/05/2026, 10:24 AM",24400,Self Finance,Partial,
May-26,YT,AI/ML Search Ads,SEM,AIML-B02,27/05/2026,Varun Rajan,varunrajan466@rediffmail.com,7805570819,Suresh Bhat,Google Ads,71999,"04/05/2026, 08:53 PM",30600,Self Finance,Paid,
May-26,ADS,AI/ML Search Ads,SEM,AIML-B02,15/05/2026,Rahul Mehta,rahul_mehta@outlook.com,7555008401,Kavya Reddy,Google Ads,68999,"09/05/2026, 08:27 PM",24900,,Paid,
May-26,ADS,BA Search Ads,GADS,BA-B05,28/05/2026,Meera Shetty,meera.shetty112@yahoo.com,9500510107,Arjun Nair,Organic,52999,"03/05/2026, 11:54 AM",24000,Self Finance,Partial,
May-26,ADS,BA Search Ads,GSN,BA-B06,11/05/2026,Amit Das,amit_das@outlook.com,8232772847,Kavya Reddy,Google Ads,53999,"31/05/2026, 10:52 AM",18300,Eduvanz,Paid,
May-26,ADS,Gen AI Search Ads,SEM,GENAI-B04,04/05/2026,Tanvi Shah,tanvi_shah672@yahoo.com,6657395639,Ananya Joshi,Referral,70999,"31/05/2026, 01:18 PM",33300,Eduvanz,Partial,
May-26,YT,Gen AI Meta Ads,FB,GENAI-B03,26/05/2026,Sakshi Mehta,sakshi.mehta@gmail.com,9397375827,Rahul Menon,Meta Ads,79999,"25/05/2026, 09:55 PM",27800,Propelld,Pending,
May-26,YT Referral,Gen AI Meta Ads,FB,GENAI-B03,04/05/2026,Shruti Murthy,shruti_murthy@rediffmail.com,7625965979,Kavya Reddy,WhatsApp,64999,"02/05/2026, 05:26 PM",22300,Propelld,Pending,
May-26,YT,CS Search Ads,GADS,CS-B05,11/05/2026,Akash Nair,akash_nair213@yahoo.com,8900739619,Kavya Reddy,Google Ads,53999,"02/05/2026, 05:15 PM",22400,NBFC Direct,Paid,
May-26,YT,DM Meta Ads,FB,DM-B08,28/05/2026,Sonia Iyer,sonia_iyer@outlook.com,9355298854,Arjun Nair,Email,48999,"03/05/2026, 10:09 AM",16600,Self Finance,Partial,
May-26,ADS,DS Search Ads,GSN,DS-B10,25/05/2026,Sonia Shah,sonia.shah878@rediffmail.com,7667317876,Suresh Bhat,Meta Ads,73999,"02/05/2026, 08:41 PM",30400,Self Finance,Paid,
May-26,ADS,BA Search Ads,GADS,BA-B06,20/05/2026,Geeta Singh,geetasingh523@gmail.com,6443530690,Kavya Reddy,Google Ads,58999,"03/05/2026, 05:35 PM",22200,Self Finance,Paid,
May-26,ADS,BA Search Ads,GSN,BA-B06,02/05/2026,Pallavi Hegde,pallavi.hegde832@yahoo.com,8863072502,Deepak Verma,Referral,54999,"19/05/2026, 08:34 PM",22500,Eduvanz,Paid,
May-26,ADS,Gen AI Search Ads,SEM,GENAI-B04,06/05/2026,Ravi Gupta,ravi.gupta942@gmail.com,8934345847,Deepak Verma,Email,78999,"08/05/2026, 07:02 PM",21700,,Paid,
May-26,YT,AI/ML Search Ads,SEM,AIML-B03,24/05/2026,Deepa Mehta,deepa_mehta85@hotmail.com,7093363078,Suresh Bhat,Google Ads,84999,"13/05/2026, 02:46 PM",22900,Auxilo,Paid,
May-26,ADS Referral,Gen AI Search Ads,SEM,GENAI-B04,02/05/2026,Kritika Bose,kritika.bose@gmail.com,6879285887,Vikram Das,Organic,66999,"31/05/2026, 09:29 AM",24900,Propelld,Partial,
May-26,ADS,CS Search Ads,GADS,CS-B04,30/05/2026,Vinay Shetty,vinay.shetty922@yahoo.com,9711882620,Rahul Menon,Google Ads,69999,"30/05/2026, 06:34 PM",34100,Self Finance,Paid,
May-26,ADS,Gen AI Meta Ads,META,GENAI-B03,13/05/2026,Aditya Naidu,adityanaidu@rediffmail.com,7724832680,Arjun Nair,Meta Ads,56999,"07/05/2026, 11:06 AM",19700,Self Finance,Paid,
May-26,ADS,DM Meta Ads,META,DM-B07,15/05/2026,Anjali Das,anjalidas984@yahoo.com,7136786173,Kavya Reddy,Referral,37999,"08/05/2026, 11:07 AM",12700,Self Finance,Partial,
May-26,YT,DS Meta Ads,FB,DS-B10,06/05/2026,Vishal Rao,vishal.rao627@rediffmail.com,9515049578,Rahul Menon,WhatsApp,71999,"25/05/2026, 10:24 AM",35900,Self Finance,Loan Disbursed,
May-26,YT Referral,DA Search Ads,GADS,DA-B14,02/05/2026,Kritika Rajan,kritika.rajan327@gmail.com,9929051552,Priya Sharma,Referral,57999,"29/05/2026, 06:34 PM",23700,Self Finance,Paid,
May-26,YT,DM Meta Ads,INST,DM-B07,27/05/2026,Deepak Iyer,deepakiyer866@outlook.com,9711839706,Arjun Nair,Referral,39999,"21/05/2026, 01:36 PM",9800,NBFC Direct,Paid,
May-26,ADS,CS Search Ads,GSN,CS-B04,08/05/2026,Tanvi Ghosh,tanvi.ghosh64@rediffmail.com,7448229780,Meera Pillai,Referral,67999,"03/05/2026, 11:46 AM",22000,HDFC Credila,Paid,
May-26,YT Referral,Gen AI Meta Ads,FB,GENAI-B04,28/05/2026,Ishaan Yadav,ishaanyadav@outlook.com,8528637264,Priya Sharma,Google Ads,75999,"11/05/2026, 08:53 PM",15300,,Paid,
May-26,YT,DS Meta Ads,META,DS-B08,30/05/2026,Dhruv Desai,dhruv_desai329@gmail.com,8268961820,Priya Sharma,WhatsApp,77999,"03/05/2026, 06:31 PM",32300,HDFC Credila,Pending,
May-26,YT Referral,DS Meta Ads,FB,DS-B10,26/05/2026,Dhruv Gupta,dhruv_gupta907@hotmail.com,6882769440,Vikram Das,Organic,68999,"28/05/2026, 05:16 PM",24300,Self Finance,Paid,
May-26,ADS,DA Meta Ads,META,DA-B13,16/05/2026,Aryan Shetty,aryan.shetty233@yahoo.com,7239786225,Priya Sharma,Meta Ads,53999,"13/05/2026, 03:23 PM",18800,Eduvanz,Paid,
May-26,YT,DS Search Ads,SEM,DS-B08,05/05/2026,Chetan Sharma,chetan.sharma@yahoo.com,8998848513,Deepak Verma,YouTube,71999,"09/05/2026, 10:09 PM",19500,Eduvanz,Loan Disbursed,25/05/2026
May-26,ADS,Gen AI Search Ads,GADS,GENAI-B04,08/05/2026,Sakshi Pandey,sakshipandey@outlook.com,9725195965,Deepak Verma,Google Ads,62999,"19/05/2026, 09:35 PM",14300,Self Finance,Paid,
May-26,YT,DA Meta Ads,META,DA-B13,26/05/2026,Dhruv Tiwari,dhruv_tiwari@gmail.com,7407374389,Meera Pillai,Google Ads,56999,"14/05/2026, 04:19 PM",18500,Propelld,Paid,
May-26,ADS,DS Search Ads,GADS,DS-B10,27/05/2026,Sandeep Ghosh,sandeepghosh@hotmail.com,8847202516,Priya Sharma,Meta Ads,75999,"14/05/2026, 05:51 PM",31400,Eduvanz,Pending,
May-26,YT Referral,DS Search Ads,GADS,DS-B09,17/05/2026,Arjun Tiwari,arjuntiwari459@gmail.com,8047465012,Arjun Nair,YouTube,75999,"21/05/2026, 01:21 PM",32700,Eduvanz,Pending,
May-26,YT,DA Search Ads,GADS,DA-B14,04/05/2026,Sneha Shetty,sneha_shetty884@gmail.com,6043926316,Meera Pillai,Google Ads,58999,"27/05/2026, 02:28 PM",25600,,Partial,
May-26,YT,Gen AI Search Ads,SEM,GENAI-B04,17/05/2026,Jaya Fernandes,jaya.fernandes@gmail.com,8690542561,Priya Sharma,YouTube,75999,"28/05/2026, 02:21 PM",21000,HDFC Credila,Partial,
May-26,ADS Referral,DA Search Ads,SEM,DA-B13,15/05/2026,Tanvi Sharma,tanvi.sharma@hotmail.com,6579895872,Meera Pillai,Organic,68999,"19/05/2026, 09:38 PM",25200,Self Finance,Paid,
May-26,YT,DA Meta Ads,INST,DA-B14,02/05/2026,Deepak Pandey,deepak.pandey@hotmail.com,6497002669,Sneha Iyer,Meta Ads,67999,"21/05/2026, 09:40 AM",33100,Eduvanz,Paid,
May-26,YT Referral,BA Meta Ads,INST,BA-B06,18/05/2026,Deepa Mehta,deepamehta761@gmail.com,9775847242,Kavya Reddy,YouTube,58999,"06/05/2026, 09:43 AM",19700,Self Finance,Pending,
May-26,ADS,Gen AI Search Ads,SEM,GENAI-B04,04/05/2026,Dhruv Mehta,dhruvmehta@hotmail.com,8271272007,Kavya Reddy,Organic,70999,"11/05/2026, 11:26 AM",32100,Eduvanz,Paid,
May-26,YT,AI/ML Search Ads,GSN,AIML-B03,10/05/2026,Sonia Fernandes,sonia.fernandes281@gmail.com,8038254195,Vikram Das,YouTube,83999,"23/05/2026, 03:47 PM",37900,,Pending,
May-26,YT,DM Meta Ads,META,DM-B08,13/05/2026,Lakshmi Hegde,lakshmi_hegde780@rediffmail.com,9989527279,Meera Pillai,Google Ads,42999,"10/05/2026, 10:36 PM",11900,Eduvanz,Partial,
May-26,ADS,CS Search Ads,GADS,CS-B05,01/05/2026,Gaurav Jain,gaurav.jain826@yahoo.com,6189902949,Priya Sharma,Meta Ads,55999,"18/05/2026, 10:27 AM",13700,Self Finance,Partial,
May-26,ADS Referral,DA Meta Ads,INST,DA-B13,04/05/2026,Gaurav Singh,gaurav.singh@gmail.com,8700697552,Meera Pillai,Referral,62999,"28/05/2026, 01:19 PM",19100,Auxilo,Pending,
May-26,YT,CS Search Ads,GSN,CS-B05,03/05/2026,Nandini Patel,nandini.patel342@rediffmail.com,9165105330,Vikram Das,YouTube,68999,"05/05/2026, 06:35 PM",14900,,Paid,
May-26,ADS Referral,DA Search Ads,SEM,DA-B13,04/05/2026,Deepak Shetty,deepak_shetty146@rediffmail.com,6209348320,Kavya Reddy,Organic,64999,"24/05/2026, 05:57 PM",21800,HDFC Credila,Loan Disbursed,20/05/2026
May-26,ADS Referral,DA Meta Ads,META,DA-B14,11/05/2026,Geeta Kumar,geetakumar88@yahoo.com,9883961957,Meera Pillai,Referral,54999,"11/05/2026, 09:57 AM",14500,Self Finance,Paid,
May-26,ADS Referral,BA Search Ads,GADS,BA-B05,15/05/2026,Rohit Yadav,rohit.yadav@hotmail.com,9560502406,Deepak Verma,Google Ads,53999,"25/05/2026, 03:41 PM",18200,Self Finance,Paid,
May-26,ADS Referral,DS Search Ads,SEM,DS-B09,17/05/2026,Geeta Rao,geeta_rao950@rediffmail.com,7854796959,Kavya Reddy,Google Ads,77999,"06/05/2026, 04:11 PM",33300,Auxilo,Paid,
May-26,ADS,CS Search Ads,GADS,CS-B05,16/05/2026,Kavya Sharma,kavya_sharma43@gmail.com,7578448502,Ananya Joshi,Google Ads,51999,"30/05/2026, 01:08 PM",16700,Self Finance,Refunded,
May-26,ADS,CS Search Ads,GADS,CS-B05,21/05/2026,Sakshi Varma,sakshi.varma410@gmail.com,9960328202,Vikram Das,Google Ads,54999,"29/05/2026, 09:59 PM",15200,Propelld,Pending,
May-26,ADS,AI/ML Search Ads,SEM,AIML-B03,15/05/2026,Karan Chopra,karan.chopra@hotmail.com,6097139380,Deepak Verma,Email,74999,"07/05/2026, 10:35 AM",19600,Eduvanz,Paid,
May-26,ADS,Gen AI Search Ads,SEM,GENAI-B03,18/05/2026,Pooja Desai,pooja.desai398@gmail.com,8645158546,Deepak Verma,Meta Ads,74999,"23/05/2026, 05:56 PM",25100,Self Finance,Pending,
May-26,YT,Gen AI Search Ads,GSN,GENAI-B03,13/05/2026,Vijay Rajan,vijayrajan@yahoo.com,8836353027,Meera Pillai,Google Ads,72999,"31/05/2026, 03:12 PM",15700,Self Finance,Paid,
May-26,YT Referral,BA Meta Ads,META,BA-B05,19/05/2026,Aarav Kumar,aarav.kumar@gmail.com,6638876951,Sneha Iyer,Google Ads,50999,"08/05/2026, 05:25 PM",20200,HDFC Credila,Paid,
May-26,ADS,Gen AI Search Ads,GSN,GENAI-B03,27/05/2026,Shruti Gupta,shrutigupta@yahoo.com,7422369172,Sneha Iyer,Referral,65999,"11/05/2026, 09:45 PM",31300,HDFC Credila,Pending,
May-26,YT Referral,Gen AI Meta Ads,META,GENAI-B04,13/05/2026,Pradeep Yadav,pradeepyadav961@outlook.com,9621151926,Vikram Das,Meta Ads,69999,"04/05/2026, 07:04 PM",15700,Eduvanz,Loan Disbursed,15/05/2026
May-26,ADS,AI/ML Search Ads,GSN,AIML-B03,31/05/2026,Lakshmi Rajan,lakshmirajan322@yahoo.com,8443853555,Meera Pillai,Referral,84999,"14/05/2026, 09:24 AM",30100,,Paid,
May-26,ADS,CS Search Ads,GADS,CS-B05,18/05/2026,Pooja Gupta,poojagupta826@gmail.com,9316206851,Meera Pillai,Organic,63999,"16/05/2026, 03:29 PM",16700,Self Finance,Partial,
May-26,YT,DA Search Ads,GADS,DA-B12,14/05/2026,Aarav Kumar,aarav.kumar713@hotmail.com,6889940833,Ananya Joshi,Meta Ads,65999,"26/05/2026, 06:47 PM",23000,Propelld,Paid,
May-26,ADS,Gen AI Search Ads,GADS,GENAI-B04,14/05/2026,Sneha Joshi,sneha.joshi@hotmail.com,6440141775,Vikram Das,Referral,68999,"14/05/2026, 11:13 AM",33700,HDFC Credila,Paid,
May-26,ADS,DM Meta Ads,INST,DM-B07,06/05/2026,Rohit Mehta,rohit_mehta@rediffmail.com,9319239601,Deepak Verma,Referral,38999,"21/05/2026, 12:10 PM",16100,Self Finance,Pending,
May-26,ADS Referral,Gen AI Meta Ads,FB,GENAI-B03,31/05/2026,Nikhil Das,nikhildas470@yahoo.com,8376167986,Meera Pillai,Meta Ads,79999,"08/05/2026, 06:24 PM",31700,,Loan Disbursed,
May-26,ADS,DM Meta Ads,META,DM-B07,01/05/2026,Deepa Jain,deepajain910@rediffmail.com,7923571191,Arjun Nair,Organic,48999,"15/05/2026, 03:50 PM",14700,Self Finance,Paid,
May-26,ADS Referral,DS Meta Ads,META,DS-B08,17/05/2026,Varun Agarwal,varun.agarwal273@yahoo.com,7296807110,Meera Pillai,Organic,67999,"26/05/2026, 09:28 AM",23900,Auxilo,Partial,
May-26,YT Referral,Gen AI Search Ads,GADS,GENAI-B04,16/05/2026,Tanvi Bose,tanvi.bose@hotmail.com,8800236123,Arjun Nair,Organic,57999,"25/05/2026, 10:38 AM",27000,Self Finance,Paid,
May-26,ADS,DM Meta Ads,FB,DM-B07,31/05/2026,Arjun Gupta,arjun.gupta616@gmail.com,8181471286,Sneha Iyer,Organic,47999,"30/05/2026, 03:39 PM",14300,,Paid,
May-26,ADS,DS Search Ads,GADS,DS-B08,15/05/2026,Bhavna Patel,bhavnapatel788@yahoo.com,7015996135,Ananya Joshi,Google Ads,73999,"22/05/2026, 04:07 PM",25900,Self Finance,Paid,
May-26,YT Referral,DA Meta Ads,FB,DA-B14,29/05/2026,Isha Patel,ishapatel@yahoo.com,8392974942,Ananya Joshi,Google Ads,57999,"25/05/2026, 05:42 PM",19200,Eduvanz,Partial,
May-26,ADS Referral,BA Meta Ads,INST,BA-B06,02/05/2026,Hemant Pillai,hemant.pillai966@outlook.com,8604650342,Vikram Das,Meta Ads,49999,"03/05/2026, 06:19 PM",13900,,Paid,
May-26,ADS Referral,CS Search Ads,GADS,CS-B04,13/05/2026,Shruti Reddy,shruti.reddy@hotmail.com,8253092317,Rahul Menon,WhatsApp,69999,"06/05/2026, 10:08 AM",27600,Propelld,Pending,
May-26,ADS,DM Meta Ads,FB,DM-B07,08/05/2026,Anjali Kumar,anjalikumar738@yahoo.com,8771614038,Sneha Iyer,YouTube,44999,"23/05/2026, 10:45 AM",12900,NBFC Direct,Refunded,
May-26,ADS,DM Meta Ads,INST,DM-B07,10/05/2026,Yash Hegde,yash.hegde@outlook.com,9866695768,Suresh Bhat,Google Ads,40999,"14/05/2026, 01:53 PM",9500,Propelld,Partial,
May-26,ADS,DM Meta Ads,META,DM-B08,31/05/2026,Lakshmi Sharma,lakshmi_sharma@outlook.com,9905244154,Priya Sharma,YouTube,47999,"19/05/2026, 09:13 PM",9700,HDFC Credila,Partial,
May-26,ADS Referral,DA Meta Ads,META,DA-B14,18/05/2026,Isha Singh,ishasingh15@yahoo.com,8348947878,Kavya Reddy,YouTube,61999,"20/05/2026, 08:25 PM",20300,NBFC Direct,Loan Disbursed,12/05/2026
May-26,YT,Gen AI Search Ads,SEM,GENAI-B04,24/05/2026,Jaya Desai,jaya_desai@outlook.com,7016466734,Priya Sharma,Google Ads,58999,"20/05/2026, 10:13 AM",20900,Propelld,Paid,
May-26,ADS,DS Search Ads,GADS,DS-B08,03/05/2026,Dhruv Yadav,dhruv_yadav319@hotmail.com,8154163624,Arjun Nair,Meta Ads,77999,"13/05/2026, 12:36 PM",18700,Propelld,Paid,
May-26,YT Referral,DA Search Ads,GSN,DA-B14,07/05/2026,Pallavi Rajan,pallavirajan@rediffmail.com,8012681290,Arjun Nair,Google Ads,65999,"21/05/2026, 04:02 PM",17000,Propelld,Paid,
May-26,YT,DA Meta Ads,FB,DA-B12,09/05/2026,Swati Chopra,swatichopra@outlook.com,6771875979,Arjun Nair,YouTube,58999,"17/05/2026, 06:32 PM",24300,Self Finance,Paid,
May-26,ADS Referral,DM Meta Ads,META,DM-B08,03/05/2026,Kavya Tiwari,kavya.tiwari@rediffmail.com,8602495035,Rahul Menon,YouTube,37999,"28/05/2026, 06:32 PM",18200,Self Finance,Paid,
May-26,ADS Referral,DM Meta Ads,FB,DM-B08,26/05/2026,Pallavi Reddy,pallavi_reddy533@rediffmail.com,6027674352,Rahul Menon,Google Ads,40999,"20/05/2026, 10:54 PM",19700,Propelld,Paid,
May-26,YT,Gen AI Search Ads,GSN,GENAI-B04,10/05/2026,Deepa Das,deepa.das630@hotmail.com,7764838777,Vikram Das,Meta Ads,74999,"10/05/2026, 03:57 PM",15200,HDFC Credila,Pending,
May-26,YT,Gen AI Meta Ads,META,GENAI-B04,21/05/2026,Nandini Jain,nandini.jain990@hotmail.com,6843619417,Meera Pillai,Organic,75999,"14/05/2026, 09:08 PM",17200,Eduvanz,Loan Disbursed,06/05/2026
May-26,YT,DA Meta Ads,INST,DA-B14,08/05/2026,Akash Kumar,akash_kumar@yahoo.com,6590267450,Suresh Bhat,Google Ads,59999,"16/05/2026, 03:11 PM",19700,Self Finance,Partial,
May-26,YT,DA Meta Ads,INST,DA-B12,02/05/2026,Ravi Bose,ravi_bose141@rediffmail.com,8572963676,Priya Sharma,Email,63999,"29/05/2026, 09:21 AM",30100,Self Finance,Paid,
May-26,ADS,Gen AI Meta Ads,META,GENAI-B04,10/05/2026,Aditya Kumar,aditya.kumar63@hotmail.com,9539230940,Ananya Joshi,Meta Ads,60999,"11/05/2026, 09:03 PM",21600,Self Finance,Partial,
May-26,YT,BA Meta Ads,META,BA-B05,22/05/2026,Divya Naidu,divya.naidu@gmail.com,6421476132,Arjun Nair,Google Ads,49999,"13/05/2026, 10:22 AM",14800,Self Finance,Pending,
May-26,ADS Referral,DM Meta Ads,META,DM-B07,31/05/2026,Vishal Kapoor,vishal_kapoor556@gmail.com,8224188152,Sneha Iyer,Referral,47999,"25/05/2026, 04:23 PM",15200,Eduvanz,Loan Disbursed,21/05/2026
May-26,ADS Referral,Gen AI Meta Ads,META,GENAI-B04,10/05/2026,Aryan Singh,aryan_singh@gmail.com,6469651228,Arjun Nair,Referral,74999,"27/05/2026, 09:45 PM",33100,Self Finance,Partial,
May-26,ADS Referral,Gen AI Search Ads,SEM,GENAI-B03,20/05/2026,Harish Jain,harishjain@rediffmail.com,7753759594,Kavya Reddy,Meta Ads,56999,"04/05/2026, 09:50 PM",11600,Propelld,Paid,
May-26,YT Referral,BA Search Ads,GADS,BA-B05,26/05/2026,Tanvi Das,tanvi_das902@outlook.com,6198940241,Meera Pillai,WhatsApp,57999,"22/05/2026, 09:20 PM",28100,Self Finance,Paid,
May-26,ADS Referral,DA Meta Ads,FB,DA-B14,14/05/2026,Akash Rao,akashrao510@yahoo.com,7179792758,Deepak Verma,Referral,52999,"14/05/2026, 02:31 PM",21200,HDFC Credila,Paid,
May-26,YT,DA Search Ads,SEM,DA-B12,28/05/2026,Kritika Murthy,kritikamurthy711@rediffmail.com,6312394235,Sneha Iyer,Meta Ads,53999,"25/05/2026, 10:06 PM",20300,Auxilo,Partial,
May-26,ADS,DM Meta Ads,FB,DM-B07,26/05/2026,Ishaan Naidu,ishaan_naidu69@rediffmail.com,8232205537,Sneha Iyer,Google Ads,49999,"29/05/2026, 09:15 AM",11500,Self Finance,Paid,
May-26,ADS,BA Meta Ads,META,BA-B06,18/05/2026,Pooja Ghosh,pooja_ghosh@gmail.com,7863719389,Arjun Nair,YouTube,50999,"09/05/2026, 03:49 PM",17600,Self Finance,Partial,
May-26,ADS,DS Meta Ads,META,DS-B08,30/05/2026,Ravi Yadav,raviyadav@rediffmail.com,9672013877,Meera Pillai,Google Ads,73999,"09/05/2026, 09:20 AM",21500,Self Finance,Paid,
May-26,ADS,CS Search Ads,GSN,CS-B04,29/05/2026,Priya Desai,priya_desai@rediffmail.com,8698487305,Kavya Reddy,Meta Ads,64999,"20/05/2026, 10:57 PM",14300,NBFC Direct,Paid,
May-26,ADS Referral,DA Meta Ads,FB,DA-B12,17/05/2026,Amit Agarwal,amit_agarwal@gmail.com,6920954355,Deepak Verma,Google Ads,52999,"18/05/2026, 07:26 PM",17500,,Paid,
May-26,ADS,AI/ML Search Ads,GSN,AIML-B03,01/05/2026,Divya Agarwal,divyaagarwal@outlook.com,6321859622,Priya Sharma,Google Ads,68999,"07/05/2026, 07:23 PM",22100,Self Finance,Paid,
May-26,YT Referral,BA Meta Ads,INST,BA-B06,28/05/2026,Pallavi Desai,pallavi_desai@rediffmail.com,8393749190,Vikram Das,Meta Ads,49999,"22/05/2026, 01:58 PM",17400,Propelld,Paid,
May-26,YT,DA Search Ads,GADS,DA-B14,09/05/2026,Arjun Patel,arjunpatel@rediffmail.com,7531854393,Priya Sharma,Meta Ads,52999,"28/05/2026, 09:39 AM",17800,Self Finance,Paid,
May-26,ADS,DA Meta Ads,INST,DA-B13,29/05/2026,Kritika Verma,kritikaverma@yahoo.com,7013281254,Suresh Bhat,WhatsApp,62999,"04/05/2026, 07:10 PM",19100,,Paid,
May-26,ADS Referral,DA Meta Ads,INST,DA-B13,11/05/2026,Swati Desai,swati_desai947@rediffmail.com,7057031300,Rahul Menon,Meta Ads,66999,"06/05/2026, 02:44 PM",17900,Self Finance,Partial,
May-26,YT,BA Search Ads,GADS,BA-B06,22/05/2026,Kavya Das,kavyadas@outlook.com,7503876992,Suresh Bhat,Meta Ads,57999,"04/05/2026, 07:51 PM",18800,Self Finance,Pending,
May-26,YT,CS Search Ads,GADS,CS-B05,07/05/2026,Bhavna Jain,bhavna.jain553@outlook.com,9794650501,Kavya Reddy,Referral,55999,"17/05/2026, 08:21 PM",18900,Self Finance,Paid,
May-26,ADS,BA Search Ads,GADS,BA-B06,05/05/2026,Nandini Mehta,nandinimehta@yahoo.com,9122127028,Suresh Bhat,Meta Ads,53999,"30/05/2026, 03:47 PM",12100,Propelld,Paid,
May-26,YT,DM Meta Ads,META,DM-B07,21/05/2026,Pooja Menon,pooja_menon733@yahoo.com,7370282715,Vikram Das,YouTube,41999,"08/05/2026, 12:10 PM",10500,NBFC Direct,Paid,
May-26,YT,Gen AI Search Ads,GSN,GENAI-B04,24/05/2026,Manish Singh,manishsingh@gmail.com,6352294972,Rahul Menon,Email,67999,"17/05/2026, 10:38 PM",25700,Self Finance,Paid,
May-26,YT Referral,BA Search Ads,GSN,BA-B05,23/05/2026,Isha Murthy,isha.murthy@yahoo.com,6322937373,Arjun Nair,Google Ads,56999,"01/05/2026, 06:42 PM",17800,HDFC Credila,Paid,
May-26,YT,AI/ML Search Ads,SEM,AIML-B03,28/05/2026,Kiran Chopra,kiranchopra@gmail.com,7006988840,Kavya Reddy,YouTube,70999,"02/05/2026, 06:41 PM",30100,,Paid,
May-26,YT,DS Meta Ads,FB,DS-B09,07/05/2026,Lakshmi Sharma,lakshmi.sharma@hotmail.com,6562082315,Priya Sharma,Google Ads,65999,"09/05/2026, 02:37 PM",28600,Eduvanz,Paid,
May-26,ADS Referral,Gen AI Search Ads,GADS,GENAI-B04,10/05/2026,Mohit Jain,mohit_jain597@yahoo.com,8780970028,Arjun Nair,Organic,67999,"04/05/2026, 09:40 AM",32100,Propelld,Loan Disbursed,29/05/2026
May-26,YT,DM Meta Ads,META,DM-B07,10/05/2026,Aditya Gupta,aditya_gupta555@gmail.com,9944872356,Suresh Bhat,Meta Ads,42999,"28/05/2026, 02:42 PM",8900,Auxilo,Paid,
May-26,YT,Gen AI Search Ads,GSN,GENAI-B04,27/05/2026,Shruti Kumar,shrutikumar783@yahoo.com,9452481658,Vikram Das,YouTube,75999,"18/05/2026, 03:01 PM",15900,Self Finance,Paid,
May-26,ADS,DA Search Ads,GADS,DA-B12,25/05/2026,Pradeep Rao,pradeep_rao@gmail.com,6688568484,Rahul Menon,YouTube,58999,"05/05/2026, 07:33 PM",19700,Self Finance,Paid,
May-26,ADS,CS Search Ads,GSN,CS-B05,21/05/2026,Sakshi Kapoor,sakshi.kapoor791@outlook.com,7178308812,Sneha Iyer,YouTube,59999,"02/05/2026, 12:40 PM",25400,Eduvanz,Paid,
May-26,YT,BA Meta Ads,INST,BA-B06,30/05/2026,Tanvi Varma,tanvi.varma490@gmail.com,9396210830,Suresh Bhat,Organic,57999,"09/05/2026, 01:22 PM",12300,HDFC Credila,Loan Disbursed,25/05/2026
May-26,ADS,BA Meta Ads,INST,BA-B06,21/05/2026,Lakshmi Reddy,lakshmireddy@rediffmail.com,7803902226,Sneha Iyer,Google Ads,48999,"06/05/2026, 02:01 PM",10900,HDFC Credila,Partial,
May-26,YT,DA Search Ads,SEM,DA-B13,29/05/2026,Lakshmi Pillai,lakshmi_pillai7@gmail.com,8744709843,Suresh Bhat,Google Ads,51999,"01/05/2026, 05:11 PM",23000,Self Finance,Paid,
May-26,ADS,DA Search Ads,SEM,DA-B14,28/05/2026,Manish Sharma,manish.sharma@outlook.com,9188207520,Deepak Verma,Organic,59999,"12/05/2026, 08:44 PM",17100,NBFC Direct,Paid,
May-26,ADS,DS Search Ads,GADS,DS-B09,16/05/2026,Uday Shetty,uday.shetty@hotmail.com,6253972197,Arjun Nair,Meta Ads,79999,"26/05/2026, 09:56 AM",19900,HDFC Credila,Pending,
May-26,ADS,DA Meta Ads,FB,DA-B12,28/05/2026,Arjun Desai,arjundesai681@rediffmail.com,6808756024,Suresh Bhat,Google Ads,56999,"03/05/2026, 06:08 PM",22900,HDFC Credila,Partial,
May-26,YT,Gen AI Search Ads,SEM,GENAI-B04,15/05/2026,Priya Jain,priya_jain23@hotmail.com,9480849722,Kavya Reddy,Google Ads,78999,"14/05/2026, 06:43 PM",35000,Propelld,Paid,
May-26,ADS,AI/ML Search Ads,SEM,AIML-B03,03/05/2026,Sonia Ghosh,soniaghosh@gmail.com,6372411842,Kavya Reddy,Meta Ads,83999,"19/05/2026, 03:27 PM",30400,,Paid,
May-26,ADS,DA Meta Ads,FB,DA-B14,17/05/2026,Sonia Naidu,sonianaidu866@outlook.com,9468765822,Suresh Bhat,Google Ads,56999,"20/05/2026, 09:38 AM",27000,Eduvanz,Loan Disbursed,12/05/2026
May-26,YT,BA Search Ads,GSN,BA-B05,29/05/2026,Sneha Hegde,sneha.hegde45@gmail.com,8783990582,Rahul Menon,YouTube,48999,"04/05/2026, 09:04 PM",14100,Self Finance,Paid,
May-26,ADS,BA Meta Ads,INST,BA-B06,06/05/2026,Rohan Ghosh,rohan_ghosh98@gmail.com,7549497610,Priya Sharma,Google Ads,48999,"26/05/2026, 06:03 PM",17800,NBFC Direct,Paid,
May-26,YT,Gen AI Meta Ads,FB,GENAI-B04,22/05/2026,Vijay Rajan,vijay_rajan@hotmail.com,7461933597,Sneha Iyer,YouTube,75999,"09/05/2026, 10:10 AM",32200,NBFC Direct,Loan Disbursed,17/05/2026
May-26,ADS Referral,BA Meta Ads,INST,BA-B05,21/05/2026,Meera Shah,meera_shah@outlook.com,9417302899,Priya Sharma,Meta Ads,48999,"06/05/2026, 09:29 PM",19100,Propelld,Partial,
May-26,ADS,Gen AI Search Ads,GSN,GENAI-B03,01/05/2026,Anjali Murthy,anjalimurthy386@hotmail.com,6383697020,Sneha Iyer,Meta Ads,61999,"22/05/2026, 11:51 AM",20800,,Paid,
May-26,YT,DS Meta Ads,FB,DS-B10,04/05/2026,Tanvi Pandey,tanvipandey679@outlook.com,9163372889,Priya Sharma,Organic,61999,"11/05/2026, 06:11 PM",23000,Eduvanz,Paid,
May-26,ADS,DS Meta Ads,FB,DS-B08,16/05/2026,Pooja Pandey,poojapandey@rediffmail.com,8464294519,Suresh Bhat,Meta Ads,79999,"19/05/2026, 02:05 PM",21000,Propelld,Paid,
May-26,ADS,DS Search Ads,GSN,DS-B09,03/05/2026,Geeta Iyer,geetaiyer104@rediffmail.com,9178887525,Vikram Das,Meta Ads,80999,"31/05/2026, 05:33 PM",32500,Propelld,Partial,
May-26,ADS,DS Search Ads,GSN,DS-B08,04/05/2026,Esha Iyer,esha.iyer@rediffmail.com,6342554421,Rahul Menon,Meta Ads,83999,"13/05/2026, 11:00 AM",29400,Auxilo,Paid,
May-26,ADS,DS Search Ads,GADS,DS-B08,25/05/2026,Sneha Tiwari,sneha_tiwari@yahoo.com,7205148080,Vikram Das,Google Ads,74999,"07/05/2026, 07:16 PM",21900,Auxilo,Paid,
May-26,ADS Referral,DS Search Ads,GADS,DS-B10,31/05/2026,Sahil Kumar,sahil.kumar@outlook.com,7720628967,Kavya Reddy,Google Ads,67999,"15/05/2026, 09:31 AM",22400,Self Finance,Paid,
May-26,ADS,BA Search Ads,GSN,BA-B05,11/05/2026,Deepa Singh,deepa.singh665@gmail.com,6652423353,Priya Sharma,Meta Ads,48999,"16/05/2026, 01:55 PM",16800,Propelld,Paid,
May-26,ADS,DS Search Ads,GADS,DS-B08,26/05/2026,Akash Reddy,akashreddy140@outlook.com,6382940381,Vikram Das,Google Ads,62999,"30/05/2026, 10:06 PM",24700,Propelld,Loan Disbursed,23/05/2026
May-26,YT,CS Search Ads,GSN,CS-B04,24/05/2026,Isha Yadav,ishayadav422@rediffmail.com,8504465576,Ananya Joshi,Google Ads,56999,"21/05/2026, 02:35 PM",13200,Self Finance,Paid,
May-26,ADS,DS Meta Ads,META,DS-B08,11/05/2026,Lakshmi Shetty,lakshmi_shetty@rediffmail.com,6308982713,Rahul Menon,Google Ads,60999,"18/05/2026, 07:51 PM",19900,,Partial,
May-26,ADS,DA Meta Ads,INST,DA-B14,25/05/2026,Sandeep Rajan,sandeeprajan890@outlook.com,9344340447,Arjun Nair,Referral,53999,"14/05/2026, 10:13 AM",23400,HDFC Credila,Loan Disbursed,10/05/2026
May-26,ADS Referral,DM Meta Ads,META,DM-B08,05/05/2026,Aarav Varma,aarav_varma93@hotmail.com,7055276045,Vikram Das,YouTube,38999,"03/05/2026, 04:16 PM",8800,,Pending,
May-26,YT,Gen AI Meta Ads,FB,GENAI-B04,18/05/2026,Meera Iyer,meera.iyer26@rediffmail.com,8666237319,Sneha Iyer,Google Ads,57999,"02/05/2026, 12:14 PM",17300,Propelld,Paid,
May-26,YT,DM Meta Ads,INST,DM-B07,21/05/2026,Sneha Mehta,sneha.mehta536@rediffmail.com,6094587413,Suresh Bhat,Meta Ads,42999,"21/05/2026, 10:54 PM",15300,,Paid,
May-26,ADS,DM Meta Ads,META,DM-B08,17/05/2026,Isha Kapoor,isha.kapoor490@outlook.com,8351535448,Vikram Das,Meta Ads,44999,"14/05/2026, 09:19 PM",19000,,Partial,
May-26,ADS,CS Search Ads,GADS,CS-B05,06/05/2026,Tanvi Das,tanvi.das186@yahoo.com,8310629394,Arjun Nair,Organic,66999,"15/05/2026, 04:33 PM",32000,,Loan Disbursed,
May-26,YT,DA Search Ads,SEM,DA-B12,09/05/2026,Hemant Desai,hemant.desai@gmail.com,8746130898,Priya Sharma,Email,53999,"18/05/2026, 06:03 PM",11500,Self Finance,Pending,
May-26,ADS,CS Search Ads,GSN,CS-B05,18/05/2026,Priya Kumar,priyakumar195@outlook.com,8067331505,Arjun Nair,Organic,59999,"03/05/2026, 10:16 PM",29200,,Paid,
May-26,ADS,Gen AI Meta Ads,META,GENAI-B04,14/05/2026,Isha Hegde,isha.hegde171@rediffmail.com,8264743318,Arjun Nair,Meta Ads,66999,"02/05/2026, 08:27 PM",30400,Auxilo,Paid,
May-26,YT,DA Meta Ads,INST,DA-B13,20/05/2026,Akash Sharma,akash_sharma@hotmail.com,6739893688,Rahul Menon,Meta Ads,59999,"13/05/2026, 06:30 PM",24300,,Paid,
May-26,ADS Referral,BA Meta Ads,META,BA-B05,10/05/2026,Harish Nair,harish.nair938@gmail.com,6586682033,Arjun Nair,Meta Ads,54999,"20/05/2026, 04:47 PM",24600,Eduvanz,Paid,
May-26,YT Referral,BA Meta Ads,INST,BA-B05,30/05/2026,Amit Kumar,amitkumar@rediffmail.com,7556575960,Kavya Reddy,Meta Ads,59999,"15/05/2026, 12:02 PM",15700,Auxilo,Paid,
May-26,ADS Referral,Gen AI Meta Ads,META,GENAI-B04,27/05/2026,Bhavna Naidu,bhavna.naidu368@gmail.com,8156448449,Vikram Das,Google Ads,66999,"05/05/2026, 01:00 PM",31800,NBFC Direct,Pending,
May-26,YT Referral,DM Meta Ads,FB,DM-B07,17/05/2026,Amit Joshi,amit_joshi474@hotmail.com,9715166538,Ananya Joshi,Meta Ads,49999,"05/05/2026, 02:44 PM",16700,,Paid,
May-26,ADS,BA Search Ads,GSN,BA-B06,17/05/2026,Sakshi Ghosh,sakshi_ghosh@rediffmail.com,6724855038,Deepak Verma,Meta Ads,45999,"01/05/2026, 02:05 PM",20500,HDFC Credila,Partial,
May-26,YT,AI/ML Search Ads,SEM,AIML-B02,15/05/2026,Mohit Hegde,mohit.hegde58@hotmail.com,6758142293,Vikram Das,Meta Ads,70999,"07/05/2026, 08:34 PM",30900,Propelld,Pending,
May-26,YT,BA Search Ads,GADS,BA-B06,16/05/2026,Vijay Yadav,vijayyadav97@rediffmail.com,8139164062,Arjun Nair,Google Ads,57999,"16/05/2026, 10:25 PM",27900,Auxilo,Loan Disbursed,22/05/2026
May-26,ADS,Gen AI Search Ads,GSN,GENAI-B03,09/05/2026,Sahil Chopra,sahil.chopra194@yahoo.com,7551896203,Priya Sharma,WhatsApp,60999,"02/05/2026, 10:21 AM",25700,Self Finance,Pending,
May-26,ADS,Gen AI Meta Ads,FB,GENAI-B03,01/05/2026,Harish Reddy,harish.reddy55@outlook.com,7560907282,Rahul Menon,Referral,59999,"01/05/2026, 06:16 PM",13500,Self Finance,Pending,
May-26,YT,DS Search Ads,GADS,DS-B10,09/05/2026,Aarav Shah,aarav_shah@yahoo.com,9774133369,Vikram Das,YouTube,65999,"05/05/2026, 09:17 AM",28000,Eduvanz,Partial,
May-26,ADS,Gen AI Search Ads,GSN,GENAI-B04,30/05/2026,Pallavi Agarwal,pallavi_agarwal@outlook.com,6289526984,Priya Sharma,YouTube,56999,"13/05/2026, 03:01 PM",24900,Propelld,Loan Disbursed,17/05/2026
May-26,YT Referral,DA Meta Ads,INST,DA-B14,31/05/2026,Sneha Tiwari,sneha_tiwari@gmail.com,7991748224,Kavya Reddy,YouTube,57999,"17/05/2026, 06:00 PM",20200,Propelld,Pending,
May-26,ADS,Gen AI Search Ads,GADS,GENAI-B03,06/05/2026,Pallavi Shetty,pallavishetty219@yahoo.com,9080533773,Meera Pillai,Meta Ads,76999,"11/05/2026, 04:03 PM",21700,HDFC Credila,Partial,
May-26,ADS Referral,Gen AI Meta Ads,META,GENAI-B04,06/05/2026,Nandini Jain,nandini.jain@rediffmail.com,7516363552,Priya Sharma,Referral,67999,"02/05/2026, 10:39 PM",29100,Auxilo,Pending,
May-26,YT,DA Search Ads,GADS,DA-B12,03/05/2026,Hemant Rao,hemant_rao756@rediffmail.com,9221745197,Priya Sharma,Meta Ads,59999,"03/05/2026, 06:52 PM",24700,Self Finance,Paid,
May-26,YT,DA Meta Ads,META,DA-B13,18/05/2026,Sonia Bose,soniabose619@outlook.com,7306161614,Deepak Verma,Meta Ads,55999,"21/05/2026, 09:41 AM",25300,Auxilo,Paid,
May-26,YT Referral,DA Meta Ads,FB,DA-B12,02/05/2026,Vishal Murthy,vishal_murthy722@outlook.com,7041025182,Kavya Reddy,Referral,63999,"24/05/2026, 09:02 AM",15700,Eduvanz,Paid,
May-26,ADS Referral,BA Search Ads,GSN,BA-B06,12/05/2026,Nikhil Sharma,nikhil.sharma@rediffmail.com,6756604163,Sneha Iyer,Google Ads,51999,"30/05/2026, 05:45 PM",23400,,Partial,
May-26,ADS Referral,Gen AI Meta Ads,FB,GENAI-B03,22/05/2026,Jaya Agarwal,jaya.agarwal160@gmail.com,9036855230,Rahul Menon,WhatsApp,78999,"26/05/2026, 10:42 PM",29200,,Partial,
May-26,ADS,Gen AI Search Ads,SEM,GENAI-B03,10/05/2026,Kiran Chopra,kiranchopra@rediffmail.com,6176590677,Arjun Nair,Google Ads,70999,"12/05/2026, 07:21 PM",28100,Eduvanz,Partial,
May-26,ADS Referral,DS Search Ads,GSN,DS-B08,07/05/2026,Manish Shetty,manish.shetty570@gmail.com,8181827476,Suresh Bhat,YouTube,80999,"30/05/2026, 11:29 AM",18100,HDFC Credila,Paid,
May-26,ADS,BA Search Ads,GSN,BA-B06,29/05/2026,Manish Fernandes,manish.fernandes@hotmail.com,7651823249,Deepak Verma,Meta Ads,52999,"19/05/2026, 07:12 PM",19000,,Pending,
May-26,ADS,DA Search Ads,GSN,DA-B13,25/05/2026,Arjun Sharma,arjunsharma25@hotmail.com,7256513181,Rahul Menon,Meta Ads,67999,"19/05/2026, 03:30 PM",15900,Self Finance,Loan Disbursed,
May-26,ADS,DA Search Ads,GSN,DA-B12,16/05/2026,Hemant Pandey,hemantpandey793@hotmail.com,7994413704,Priya Sharma,Google Ads,56999,"01/05/2026, 04:38 PM",18200,Propelld,Paid,
May-26,ADS Referral,DA Meta Ads,FB,DA-B14,09/05/2026,Rahul Sharma,rahul.sharma918@yahoo.com,7541318569,Kavya Reddy,Meta Ads,58999,"02/05/2026, 12:39 PM",27400,Self Finance,Paid,
May-26,YT,DA Search Ads,GSN,DA-B13,26/05/2026,Bhavna Chopra,bhavnachopra@yahoo.com,8406190762,Deepak Verma,Google Ads,57999,"11/05/2026, 09:02 AM",19900,Self Finance,Paid,
May-26,ADS,DA Search Ads,GADS,DA-B14,28/05/2026,Yash Patel,yash.patel563@yahoo.com,9395324997,Sneha Iyer,YouTube,64999,"08/05/2026, 09:40 PM",28900,Eduvanz,Paid,
May-26,YT Referral,DM Meta Ads,FB,DM-B07,11/05/2026,Nikhil Bose,nikhil.bose448@hotmail.com,9776161651,Kavya Reddy,Meta Ads,37999,"04/05/2026, 11:58 AM",17200,Eduvanz,Partial,
May-26,YT,DA Search Ads,GSN,DA-B12,11/05/2026,Jaya Menon,jaya_menon550@gmail.com,7170921951,Suresh Bhat,Email,64999,"14/05/2026, 05:22 PM",29800,,Loan Disbursed,
May-26,ADS,BA Meta Ads,INST,BA-B05,05/05/2026,Deepa Shah,deepashah397@outlook.com,6348679322,Kavya Reddy,YouTube,48999,"02/05/2026, 09:18 AM",19700,Auxilo,Loan Disbursed,03/05/2026
May-26,YT Referral,DS Meta Ads,FB,DS-B09,13/05/2026,Aarav Reddy,aarav.reddy@outlook.com,9788130349,Sneha Iyer,Meta Ads,78999,"18/05/2026, 10:16 AM",25400,Propelld,Loan Disbursed,13/05/2026
May-26,YT,Gen AI Meta Ads,META,GENAI-B03,06/05/2026,Varun Agarwal,varun_agarwal@rediffmail.com,9756821590,Deepak Verma,WhatsApp,56999,"03/05/2026, 07:43 PM",26000,HDFC Credila,Paid,
May-26,ADS,DM Meta Ads,META,DM-B08,09/05/2026,Vijay Tiwari,vijaytiwari822@rediffmail.com,6641809672,Meera Pillai,Google Ads,35999,"27/05/2026, 09:33 AM",11300,Propelld,Pending,
May-26,YT Referral,BA Meta Ads,INST,BA-B05,02/05/2026,Aditya Gupta,aditya.gupta@hotmail.com,6255307500,Arjun Nair,Google Ads,57999,"02/05/2026, 03:32 PM",14600,Self Finance,Paid,
May-26,YT Referral,Gen AI Search Ads,GSN,GENAI-B03,05/05/2026,Kritika Jain,kritika.jain595@yahoo.com,7559565108,Kavya Reddy,Meta Ads,70999,"15/05/2026, 01:10 PM",27000,Eduvanz,Paid,
May-26,YT,BA Search Ads,GADS,BA-B06,03/05/2026,Swati Nair,swatinair@hotmail.com,8916413550,Suresh Bhat,Google Ads,50999,"30/05/2026, 09:25 PM",10700,Self Finance,Paid,
May-26,ADS,DM Meta Ads,META,DM-B08,10/05/2026,Aryan Ghosh,aryan_ghosh411@rediffmail.com,8239855228,Suresh Bhat,Organic,42999,"06/05/2026, 12:04 PM",12600,Auxilo,Paid,
May-26,YT,DS Meta Ads,FB,DS-B10,01/05/2026,Mohit Menon,mohit_menon602@hotmail.com,8708058964,Meera Pillai,Google Ads,73999,"24/05/2026, 02:58 PM",34900,,Paid,
May-26,ADS Referral,DM Meta Ads,META,DM-B07,24/05/2026,Kritika Gupta,kritikagupta@rediffmail.com,7738388887,Sneha Iyer,Meta Ads,44999,"09/05/2026, 09:47 AM",10500,Propelld,Paid,
May-26,ADS,Gen AI Meta Ads,FB,GENAI-B04,21/05/2026,Pallavi Menon,pallavi.menon161@rediffmail.com,8900174329,Deepak Verma,Referral,61999,"08/05/2026, 04:50 PM",28800,Self Finance,Pending,
May-26,ADS,DS Search Ads,GSN,DS-B09,31/05/2026,Hemant Naidu,hemant_naidu@gmail.com,8488403019,Sneha Iyer,YouTube,60999,"05/05/2026, 03:28 PM",29300,Eduvanz,Pending,
May-26,YT Referral,Gen AI Meta Ads,FB,GENAI-B03,28/05/2026,Meera Rao,meera_rao@rediffmail.com,7243376167,Vikram Das,Referral,57999,"16/05/2026, 02:31 PM",23800,Propelld,Loan Disbursed,24/05/2026
May-26,ADS,DS Search Ads,GADS,DS-B08,01/05/2026,Isha Tiwari,isha.tiwari@gmail.com,9287894952,Deepak Verma,Google Ads,77999,"24/05/2026, 10:26 PM",21400,,Paid,
May-26,ADS,Gen AI Search Ads,GSN,GENAI-B04,24/05/2026,Jaya Reddy,jayareddy@outlook.com,8365598891,Priya Sharma,Referral,64999,"10/05/2026, 05:02 PM",26300,NBFC Direct,Paid,
May-26,ADS,CS Search Ads,GADS,CS-B05,17/05/2026,Pallavi Pandey,pallavipandey@rediffmail.com,9214590359,Meera Pillai,YouTube,67999,"06/05/2026, 03:05 PM",28300,Self Finance,Pending,
May-26,YT Referral,Gen AI Meta Ads,META,GENAI-B04,19/05/2026,Arjun Kapoor,arjun_kapoor702@yahoo.com,6339444272,Rahul Menon,Google Ads,64999,"04/05/2026, 02:21 PM",24000,HDFC Credila,Pending,
May-26,ADS Referral,DS Search Ads,GADS,DS-B08,28/05/2026,Divya Varma,divya_varma@outlook.com,6551746261,Priya Sharma,Organic,77999,"12/05/2026, 11:37 AM",20200,Propelld,Paid,
May-26,YT,DA Search Ads,SEM,DA-B12,22/05/2026,Sonia Singh,soniasingh966@outlook.com,9003221152,Deepak Verma,Google Ads,64999,"02/05/2026, 07:47 PM",21400,Self Finance,Partial,
May-26,ADS Referral,BA Meta Ads,INST,BA-B05,20/05/2026,Rohan Chopra,rohan.chopra348@hotmail.com,9856667965,Deepak Verma,Email,55999,"21/05/2026, 10:58 AM",13200,Propelld,Paid,
May-26,YT,Gen AI Search Ads,GADS,GENAI-B03,10/05/2026,Akash Naidu,akash.naidu14@gmail.com,6213765726,Ananya Joshi,Organic,74999,"08/05/2026, 11:35 AM",28700,Eduvanz,Paid,
May-26,ADS,DA Search Ads,SEM,DA-B12,11/05/2026,Mohit Shah,mohit.shah119@rediffmail.com,6491920409,Deepak Verma,Meta Ads,57999,"12/05/2026, 10:42 AM",20000,Self Finance,Pending,
May-26,YT,BA Meta Ads,META,BA-B06,19/05/2026,Aarav Tiwari,aarav_tiwari692@rediffmail.com,8806104887,Rahul Menon,YouTube,53999,"08/05/2026, 05:25 PM",14400,Self Finance,Paid,
May-26,YT,BA Search Ads,GSN,BA-B05,25/05/2026,Deepa Chopra,deepachopra190@rediffmail.com,9859467347,Vikram Das,Google Ads,46999,"19/05/2026, 02:33 PM",16000,Self Finance,Loan Disbursed,
May-26,YT,DS Search Ads,GADS,DS-B09,21/05/2026,Jaya Pandey,jaya_pandey@yahoo.com,8040044646,Priya Sharma,Google Ads,61999,"22/05/2026, 08:59 PM",18700,Auxilo,Partial,
May-26,ADS,DS Meta Ads,META,DS-B10,29/05/2026,Rahul Naidu,rahul_naidu@rediffmail.com,6928963517,Kavya Reddy,Meta Ads,64999,"23/05/2026, 03:57 PM",21600,Auxilo,Paid,
May-26,ADS,DA Search Ads,GSN,DA-B13,14/05/2026,Vijay Patel,vijay.patel639@gmail.com,7457391396,Rahul Menon,Meta Ads,63999,"26/05/2026, 08:14 PM",22600,,Partial,
May-26,YT,DS Meta Ads,FB,DS-B09,29/05/2026,Kritika Reddy,kritika_reddy450@yahoo.com,7338845752,Priya Sharma,Meta Ads,72999,"07/05/2026, 08:19 PM",24200,Self Finance,Paid,
May-26,ADS,DA Search Ads,GSN,DA-B12,06/05/2026,Arjun Iyer,arjun.iyer@outlook.com,6100161814,Rahul Menon,Organic,67999,"09/05/2026, 06:27 PM",32500,Self Finance,Paid,
May-26,YT,BA Search Ads,GSN,BA-B05,16/05/2026,Anjali Rajan,anjali_rajan379@yahoo.com,6111145869,Kavya Reddy,Organic,54999,"31/05/2026, 11:49 AM",22200,Self Finance,Paid,
May-26,ADS Referral,Gen AI Search Ads,GSN,GENAI-B03,08/05/2026,Pradeep Iyer,pradeepiyer595@outlook.com,7974193690,Sneha Iyer,YouTube,64999,"27/05/2026, 04:42 PM",25500,,Pending,
May-26,ADS Referral,DS Meta Ads,META,DS-B08,01/05/2026,Amit Hegde,amit_hegde@outlook.com,7698038417,Sneha Iyer,Organic,82999,"28/05/2026, 09:25 AM",28500,Self Finance,Partial,
May-26,ADS Referral,CS Search Ads,GADS,CS-B05,08/05/2026,Varun Yadav,varun_yadav777@yahoo.com,6321013372,Deepak Verma,Google Ads,69999,"28/05/2026, 05:22 PM",28500,Eduvanz,Pending,
May-26,ADS,CS Search Ads,GADS,CS-B05,21/05/2026,Swati Bose,swatibose@rediffmail.com,9089073115,Rahul Menon,Meta Ads,54999,"03/05/2026, 10:41 AM",26100,Self Finance,Partial,
May-26,YT,DA Search Ads,GADS,DA-B13,06/05/2026,Sandeep Reddy,sandeepreddy@gmail.com,8149043481,Arjun Nair,Google Ads,51999,"08/05/2026, 07:28 PM",23700,Self Finance,Paid,
May-26,YT,CS Search Ads,GSN,CS-B05,26/05/2026,Aryan Rao,aryanrao862@rediffmail.com,9032403489,Priya Sharma,Organic,56999,"07/05/2026, 01:57 PM",18200,HDFC Credila,Pending,
May-26,ADS,DS Search Ads,SEM,DS-B08,15/05/2026,Vinay Agarwal,vinayagarwal@gmail.com,6441912336,Rahul Menon,Google Ads,76999,"22/05/2026, 09:54 PM",31700,HDFC Credila,Paid,
May-26,ADS,AI/ML Search Ads,SEM,AIML-B02,03/05/2026,Kavya Tiwari,kavya.tiwari386@yahoo.com,7801840707,Deepak Verma,Google Ads,67999,"31/05/2026, 02:09 PM",17100,,Paid,
May-26,YT,CS Search Ads,GSN,CS-B05,05/05/2026,Sneha Jain,sneha_jain342@yahoo.com,9429305040,Arjun Nair,Google Ads,59999,"09/05/2026, 10:44 AM",22400,Propelld,Paid,
May-26,ADS Referral,DA Search Ads,SEM,DA-B14,05/05/2026,Priya Naidu,priya.naidu@yahoo.com,9896604322,Sneha Iyer,Meta Ads,57999,"10/05/2026, 12:51 PM",12900,Self Finance,Loan Disbursed,
May-26,YT,Gen AI Meta Ads,META,GENAI-B03,15/05/2026,Vinay Singh,vinay_singh@outlook.com,8808897648,Arjun Nair,Google Ads,78999,"26/05/2026, 09:13 AM",26500,Auxilo,Paid,
May-26,YT,DA Search Ads,GSN,DA-B13,16/05/2026,Aarav Patel,aarav_patel@rediffmail.com,7794338066,Arjun Nair,WhatsApp,53999,"21/05/2026, 09:11 PM",24300,Auxilo,Partial,
May-26,ADS,AI/ML Search Ads,GSN,AIML-B03,25/05/2026,Pooja Agarwal,poojaagarwal@yahoo.com,6847070890,Deepak Verma,Google Ads,80999,"24/05/2026, 07:26 PM",30100,Self Finance,Paid,
May-26,ADS,DA Search Ads,SEM,DA-B12,05/05/2026,Meera Menon,meera.menon323@rediffmail.com,8740288510,Sneha Iyer,Meta Ads,56999,"25/05/2026, 07:17 PM",26600,Auxilo,Paid,
May-26,ADS,Gen AI Meta Ads,META,GENAI-B03,27/05/2026,Pooja Kapoor,pooja.kapoor666@outlook.com,9362068753,Vikram Das,Meta Ads,71999,"17/05/2026, 12:28 PM",34800,Eduvanz,Partial,
May-26,ADS,DS Meta Ads,META,DS-B08,06/05/2026,Isha Pillai,isha.pillai164@gmail.com,9700544599,Deepak Verma,YouTube,70999,"27/05/2026, 11:13 AM",25600,HDFC Credila,Paid,
May-26,ADS Referral,DA Search Ads,GSN,DA-B12,23/05/2026,Kiran Iyer,kiran_iyer@yahoo.com,6879585748,Suresh Bhat,Referral,67999,"26/05/2026, 04:10 PM",21700,,Paid,
May-26,ADS,CS Search Ads,GSN,CS-B05,26/05/2026,Tanvi Naidu,tanvi_naidu493@rediffmail.com,6389491153,Deepak Verma,Referral,54999,"20/05/2026, 12:15 PM",19100,HDFC Credila,Pending,
May-26,YT Referral,BA Search Ads,GSN,BA-B05,17/05/2026,Aarav Shah,aarav_shah679@hotmail.com,6641022834,Deepak Verma,WhatsApp,47999,"29/05/2026, 07:00 PM",22200,Self Finance,Paid,
May-26,ADS,Gen AI Meta Ads,META,GENAI-B03,11/05/2026,Ananya Nair,ananya.nair44@outlook.com,6668333701,Meera Pillai,YouTube,71999,"20/05/2026, 09:31 AM",15900,Self Finance,Paid,
May-26,ADS,BA Meta Ads,INST,BA-B05,30/05/2026,Dhruv Pillai,dhruv.pillai951@hotmail.com,6242553369,Vikram Das,Google Ads,46999,"21/05/2026, 10:46 PM",16000,Eduvanz,Pending,
May-26,YT Referral,Gen AI Meta Ads,META,GENAI-B04,13/05/2026,Divya Bose,divyabose@hotmail.com,9680675429,Vikram Das,Google Ads,72999,"01/05/2026, 09:28 PM",20200,Self Finance,Loan Disbursed,
May-26,YT,DA Meta Ads,FB,DA-B12,15/05/2026,Kiran Murthy,kiran_murthy559@rediffmail.com,8976354454,Sneha Iyer,Google Ads,62999,"16/05/2026, 01:30 PM",13000,Self Finance,Loan Disbursed,
May-26,YT Referral,CS Search Ads,GADS,CS-B05,07/05/2026,Lakshmi Verma,lakshmi.verma@hotmail.com,7765050050,Vikram Das,Google Ads,56999,"28/05/2026, 01:57 PM",25000,Self Finance,Paid,
May-26,ADS,Gen AI Meta Ads,META,GENAI-B04,19/05/2026,Esha Kumar,esha.kumar@gmail.com,6742426953,Kavya Reddy,Meta Ads,55999,"14/05/2026, 06:32 PM",20400,Self Finance,Paid,
May-26,ADS Referral,Gen AI Search Ads,SEM,GENAI-B04,08/05/2026,Amit Shah,amitshah417@yahoo.com,7336872858,Vikram Das,Meta Ads,71999,"18/05/2026, 11:26 AM",34300,Self Finance,Partial,
May-26,ADS Referral,DA Search Ads,GADS,DA-B12,02/05/2026,Suresh Rao,suresh_rao@gmail.com,6118290953,Meera Pillai,Organic,54999,"14/05/2026, 12:24 PM",18600,NBFC Direct,Loan Disbursed,29/05/2026
May-26,ADS Referral,AI/ML Search Ads,GSN,AIML-B03,24/05/2026,Amit Mehta,amit_mehta183@hotmail.com,9121649565,Ananya Joshi,Google Ads,71999,"07/05/2026, 03:18 PM",26300,NBFC Direct,Pending,
May-26,YT Referral,DA Meta Ads,META,DA-B13,22/05/2026,Divya Naidu,divyanaidu622@outlook.com,8694277931,Suresh Bhat,Google Ads,69999,"25/05/2026, 02:36 PM",24100,Self Finance,Paid,
May-26,YT,DS Meta Ads,META,DS-B10,15/05/2026,Chetan Fernandes,chetan_fernandes@hotmail.com,9585273539,Priya Sharma,YouTube,65999,"15/05/2026, 10:21 PM",18400,Propelld,Paid,
May-26,ADS Referral,Gen AI Meta Ads,META,GENAI-B04,16/05/2026,Priya Iyer,priya.iyer132@gmail.com,8771061650,Deepak Verma,YouTube,73999,"27/05/2026, 03:45 PM",35700,Auxilo,Paid,
May-26,ADS,DA Search Ads,GADS,DA-B13,28/05/2026,Harish Shah,harish_shah@hotmail.com,7573697490,Vikram Das,Google Ads,69999,"25/05/2026, 09:24 AM",15000,HDFC Credila,Partial,
May-26,ADS Referral,DM Meta Ads,FB,DM-B08,18/05/2026,Ananya Tiwari,ananya_tiwari@outlook.com,6593434275,Kavya Reddy,Organic,48999,"05/05/2026, 10:16 PM",10900,Eduvanz,Paid,
May-26,YT Referral,DA Meta Ads,INST,DA-B13,25/05/2026,Pradeep Naidu,pradeep_naidu@hotmail.com,7097069658,Priya Sharma,Referral,68999,"22/05/2026, 10:37 AM",25000,Auxilo,Paid,
May-26,ADS,BA Meta Ads,META,BA-B05,03/05/2026,Anjali Pillai,anjali.pillai@gmail.com,9408647023,Arjun Nair,WhatsApp,58999,"04/05/2026, 07:06 PM",26500,,Partial,
May-26,ADS,CS Search Ads,GSN,CS-B04,24/05/2026,Geeta Rajan,geetarajan279@yahoo.com,6622637519,Rahul Menon,YouTube,51999,"03/05/2026, 05:29 PM",21400,NBFC Direct,Paid,
May-26,YT,Gen AI Meta Ads,META,GENAI-B04,16/05/2026,Aditya Tiwari,adityatiwari328@outlook.com,7678292198,Ananya Joshi,Google Ads,59999,"08/05/2026, 10:02 AM",17800,Self Finance,Loan Disbursed,
May-26,ADS,Gen AI Search Ads,GADS,GENAI-B03,18/05/2026,Gaurav Nair,gaurav_nair204@hotmail.com,6595143374,Deepak Verma,YouTube,76999,"03/05/2026, 12:11 PM",32400,Propelld,Paid,
May-26,ADS Referral,DM Meta Ads,META,DM-B07,18/05/2026,Priya Kapoor,priyakapoor@hotmail.com,6578154592,Deepak Verma,WhatsApp,37999,"06/05/2026, 10:51 PM",13200,Self Finance,Partial,
May-26,ADS,AI/ML Search Ads,SEM,AIML-B03,07/05/2026,Tanvi Rajan,tanvi.rajan506@yahoo.com,6911268743,Rahul Menon,Meta Ads,68999,"27/05/2026, 03:25 PM",15500,Propelld,Paid,
May-26,YT Referral,Gen AI Search Ads,SEM,GENAI-B04,07/05/2026,Aarav Varma,aarav_varma@rediffmail.com,9288233278,Kavya Reddy,Google Ads,72999,"09/05/2026, 12:30 PM",33000,Self Finance,Paid,
May-26,ADS,CS Search Ads,GSN,CS-B04,07/05/2026,Vinay Naidu,vinay.naidu855@rediffmail.com,8190177336,Deepak Verma,Meta Ads,51999,"14/05/2026, 05:26 PM",20100,Propelld,Paid,
May-26,YT,AI/ML Search Ads,SEM,AIML-B03,06/05/2026,Swati Desai,swatidesai@hotmail.com,7521549887,Meera Pillai,Meta Ads,89999,"09/05/2026, 04:23 PM",18600,,Paid,
May-26,ADS,BA Search Ads,GSN,BA-B06,21/05/2026,Akash Hegde,akash_hegde@outlook.com,7453432931,Arjun Nair,Meta Ads,49999,"13/05/2026, 07:54 PM",22500,NBFC Direct,Paid,
May-26,ADS Referral,BA Search Ads,GSN,BA-B05,12/05/2026,Deepa Sharma,deepasharma860@rediffmail.com,7358248083,Priya Sharma,Meta Ads,47999,"16/05/2026, 12:56 PM",18400,Self Finance,Loan Disbursed,
May-26,YT Referral,Gen AI Search Ads,SEM,GENAI-B04,31/05/2026,Aditya Iyer,adityaiyer@rediffmail.com,8242238000,Arjun Nair,Meta Ads,63999,"24/05/2026, 08:20 PM",25500,,Paid,
May-26,YT Referral,Gen AI Meta Ads,FB,GENAI-B04,16/05/2026,Sneha Menon,snehamenon661@yahoo.com,6340499880,Deepak Verma,Referral,67999,"04/05/2026, 02:45 PM",25400,Eduvanz,Partial,
May-26,YT,DA Meta Ads,META,DA-B12,25/05/2026,Pallavi Pandey,pallavi_pandey@hotmail.com,9861563484,Ananya Joshi,Organic,52999,"21/05/2026, 09:07 AM",12400,Self Finance,Paid,
May-26,YT,DA Search Ads,GSN,DA-B14,12/05/2026,Pooja Gupta,pooja.gupta440@yahoo.com,9595486363,Deepak Verma,Organic,50999,"23/05/2026, 02:09 PM",10500,Self Finance,Partial,
May-26,ADS,Gen AI Search Ads,GSN,GENAI-B03,17/05/2026,Varun Jain,varunjain@gmail.com,7514697437,Meera Pillai,WhatsApp,70999,"11/05/2026, 07:16 PM",31400,Propelld,Paid,
May-26,ADS,DS Search Ads,GADS,DS-B08,01/05/2026,Nikhil Naidu,nikhilnaidu423@outlook.com,7133123011,Priya Sharma,Google Ads,77999,"17/05/2026, 01:53 PM",21100,,Paid,
May-26,ADS,CS Search Ads,GSN,CS-B05,22/05/2026,Dhruv Nair,dhruvnair973@outlook.com,6424515433,Ananya Joshi,Referral,52999,"31/05/2026, 10:17 AM",12400,HDFC Credila,Paid,
May-26,YT Referral,Gen AI Meta Ads,FB,GENAI-B04,07/05/2026,Ravi Iyer,ravi.iyer977@yahoo.com,6747246206,Ananya Joshi,YouTube,79999,"22/05/2026, 10:07 AM",30200,Self Finance,Refunded,
May-26,ADS Referral,DS Search Ads,GSN,DS-B09,17/05/2026,Vishal Bose,vishal_bose798@outlook.com,7837632171,Deepak Verma,Meta Ads,65999,"18/05/2026, 04:25 PM",26700,Propelld,Pending,
May-26,YT,CS Search Ads,GSN,CS-B04,17/05/2026,Sandeep Nair,sandeepnair743@rediffmail.com,6995150721,Priya Sharma,Organic,50999,"23/05/2026, 08:15 PM",13800,Self Finance,Pending,
May-26,ADS,DA Meta Ads,FB,DA-B12,17/05/2026,Pallavi Pandey,pallavi.pandey955@gmail.com,8423342410,Ananya Joshi,Meta Ads,63999,"01/05/2026, 12:19 PM",21800,Auxilo,Pending,
May-26,ADS,BA Meta Ads,INST,BA-B05,15/05/2026,Vishal Sharma,vishal.sharma868@outlook.com,9401448268,Priya Sharma,Referral,53999,"13/05/2026, 09:06 PM",11500,Self Finance,Paid,
May-26,ADS Referral,Gen AI Search Ads,SEM,GENAI-B04,22/05/2026,Ishaan Joshi,ishaan.joshi@hotmail.com,9039305172,Vikram Das,Google Ads,71999,"14/05/2026, 09:21 AM",15300,Eduvanz,Paid,
May-26,ADS,Gen AI Meta Ads,FB,GENAI-B03,06/05/2026,Amit Kumar,amit_kumar@yahoo.com,8545685385,Arjun Nair,Meta Ads,67999,"05/05/2026, 02:30 PM",15600,HDFC Credila,Paid,
May-26,ADS,DS Search Ads,GADS,DS-B08,13/05/2026,Tanvi Iyer,tanvi_iyer@yahoo.com,7515741265,Rahul Menon,YouTube,60999,"10/05/2026, 11:17 AM",26300,Self Finance,Partial,
May-26,ADS,BA Meta Ads,META,BA-B05,21/05/2026,Pooja Ghosh,pooja_ghosh311@hotmail.com,6542452459,Meera Pillai,Referral,56999,"16/05/2026, 08:46 PM",23200,HDFC Credila,Paid,
May-26,ADS Referral,DA Search Ads,GSN,DA-B12,20/05/2026,Jaya Naidu,jayanaidu347@hotmail.com,7143983649,Arjun Nair,Google Ads,54999,"30/05/2026, 03:46 PM",16900,Self Finance,Paid,
May-26,ADS,DS Search Ads,GSN,DS-B10,27/05/2026,Rahul Kapoor,rahulkapoor@rediffmail.com,7483983888,Vikram Das,Email,81999,"20/05/2026, 02:34 PM",26000,,Paid,
May-26,ADS,DS Search Ads,GADS,DS-B10,24/05/2026,Vijay Sharma,vijay.sharma@yahoo.com,8159511305,Priya Sharma,Meta Ads,75999,"21/05/2026, 05:11 PM",37600,,Paid,
May-26,YT Referral,AI/ML Search Ads,SEM,AIML-B03,12/05/2026,Kritika Sharma,kritika_sharma352@yahoo.com,6062533665,Arjun Nair,Meta Ads,89999,"15/05/2026, 12:52 PM",29900,Self Finance,Paid,
May-26,ADS Referral,DS Meta Ads,META,DS-B09,23/05/2026,Meera Varma,meera.varma@hotmail.com,9614636882,Sneha Iyer,Meta Ads,65999,"01/05/2026, 04:15 PM",29900,Self Finance,Partial,
May-26,ADS,DA Search Ads,GADS,DA-B14,31/05/2026,Rohit Rao,rohit_rao264@outlook.com,7552055589,Suresh Bhat,Meta Ads,60999,"13/05/2026, 02:20 PM",30300,Self Finance,Paid,
May-26,YT,BA Meta Ads,META,BA-B06,30/05/2026,Priya Singh,priya.singh@outlook.com,6527257448,Suresh Bhat,YouTube,56999,"13/05/2026, 06:17 PM",22200,Self Finance,Loan Disbursed,
May-26,YT,DS Search Ads,GSN,DS-B08,06/05/2026,Vishal Joshi,vishal.joshi535@outlook.com,9114585092,Priya Sharma,Google Ads,75999,"09/05/2026, 10:53 PM",16200,,Partial,
May-26,YT Referral,Gen AI Search Ads,SEM,GENAI-B03,11/05/2026,Rohan Shah,rohan_shah795@yahoo.com,6362293814,Deepak Verma,Meta Ads,74999,"08/05/2026, 05:00 PM",34900,Eduvanz,Paid,
May-26,YT Referral,Gen AI Meta Ads,FB,GENAI-B03,04/05/2026,Rohan Gupta,rohan.gupta657@hotmail.com,7440192698,Arjun Nair,Google Ads,61999,"10/05/2026, 03:50 PM",15800,Auxilo,Paid,
May-26,YT,Gen AI Search Ads,GADS,GENAI-B04,30/05/2026,Dhruv Das,dhruv.das662@gmail.com,7693851462,Kavya Reddy,WhatsApp,67999,"03/05/2026, 10:49 PM",19200,Self Finance,Paid,
May-26,ADS Referral,AI/ML Search Ads,SEM,AIML-B02,23/05/2026,Vijay Pillai,vijaypillai527@yahoo.com,6210943712,Deepak Verma,Referral,65999,"27/05/2026, 10:33 PM",14600,,Loan Disbursed,
May-26,ADS Referral,AI/ML Search Ads,SEM,AIML-B02,12/05/2026,Karan Jain,karan.jain573@rediffmail.com,8217614494,Meera Pillai,YouTube,83999,"08/05/2026, 09:02 AM",37700,Self Finance,Paid,
May-26,YT Referral,DA Search Ads,SEM,DA-B14,08/05/2026,Vishal Pillai,vishalpillai164@rediffmail.com,6078742902,Rahul Menon,WhatsApp,66999,"14/05/2026, 09:56 AM",24800,Self Finance,Paid,
May-26,ADS,BA Search Ads,GSN,BA-B05,31/05/2026,Aditya Agarwal,aditya_agarwal243@gmail.com,8935341370,Meera Pillai,Meta Ads,58999,"31/05/2026, 09:18 AM",28800,HDFC Credila,Refunded,
May-26,ADS Referral,DA Search Ads,GSN,DA-B14,12/05/2026,Sakshi Reddy,sakshireddy@outlook.com,8888745741,Sneha Iyer,Email,66999,"20/05/2026, 03:37 PM",32100,Self Finance,Partial,
May-26,ADS Referral,BA Search Ads,GSN,BA-B06,27/05/2026,Pallavi Hegde,pallavi.hegde654@outlook.com,6905947747,Ananya Joshi,Google Ads,45999,"23/05/2026, 09:49 AM",10000,Self Finance,Pending,
May-26,YT Referral,Gen AI Meta Ads,META,GENAI-B03,14/05/2026,Kiran Desai,kirandesai@gmail.com,7249472186,Suresh Bhat,Google Ads,58999,"05/05/2026, 04:28 PM",18800,Propelld,Loan Disbursed,15/05/2026
May-26,ADS,DS Search Ads,GADS,DS-B10,07/05/2026,Karan Jain,karanjain238@rediffmail.com,8016066418,Deepak Verma,YouTube,77999,"26/05/2026, 01:54 PM",35400,Self Finance,Paid,
May-26,ADS,DA Search Ads,SEM,DA-B14,25/05/2026,Divya Gupta,divyagupta344@gmail.com,7793757909,Suresh Bhat,YouTube,56999,"06/05/2026, 10:14 AM",11600,,Paid,
May-26,ADS Referral,DM Meta Ads,META,DM-B07,15/05/2026,Swati Naidu,swatinaidu3@rediffmail.com,8812146565,Kavya Reddy,Google Ads,42999,"09/05/2026, 06:13 PM",8700,Self Finance,Loan Disbursed,
May-26,YT,DA Search Ads,GSN,DA-B12,17/05/2026,Yash Jain,yash_jain@gmail.com,7578702677,Arjun Nair,Meta Ads,65999,"09/05/2026, 03:48 PM",27000,,Paid,
May-26,ADS Referral,Gen AI Search Ads,GSN,GENAI-B04,27/05/2026,Deepa Murthy,deepa.murthy21@rediffmail.com,8821602109,Rahul Menon,Organic,59999,"03/05/2026, 07:58 PM",14400,HDFC Credila,Paid,
May-26,ADS Referral,CS Search Ads,GSN,CS-B04,29/05/2026,Esha Reddy,esha.reddy457@rediffmail.com,9866592583,Priya Sharma,YouTube,69999,"13/05/2026, 10:55 PM",14700,Propelld,Paid,
May-26,ADS Referral,DS Search Ads,SEM,DS-B09,22/05/2026,Sakshi Patel,sakshi.patel@gmail.com,9020530784,Vikram Das,Organic,76999,"21/05/2026, 02:56 PM",21100,Propelld,Paid,
May-26,YT,BA Search Ads,GADS,BA-B06,14/05/2026,Vishal Yadav,vishalyadav@hotmail.com,8083525712,Sneha Iyer,Email,56999,"28/05/2026, 06:29 PM",21800,Self Finance,Partial,
May-26,YT Referral,DM Meta Ads,META,DM-B08,02/05/2026,Tanvi Varma,tanvi.varma740@gmail.com,6447908533,Ananya Joshi,YouTube,43999,"13/05/2026, 08:49 PM",16300,Self Finance,Partial,
May-26,ADS,DS Meta Ads,FB,DS-B09,23/05/2026,Sakshi Agarwal,sakshi_agarwal@rediffmail.com,9606011764,Vikram Das,Google Ads,65999,"25/05/2026, 10:26 AM",18100,,Loan Disbursed,
May-26,ADS,DA Meta Ads,INST,DA-B12,27/05/2026,Anjali Murthy,anjali_murthy@rediffmail.com,9104319139,Rahul Menon,YouTube,58999,"18/05/2026, 02:50 PM",16600,Self Finance,Partial,
May-26,ADS,BA Meta Ads,INST,BA-B06,14/05/2026,Jaya Pandey,jayapandey@hotmail.com,8170466201,Arjun Nair,Google Ads,55999,"21/05/2026, 11:34 AM",14800,Self Finance,Paid,
May-26,ADS,Gen AI Search Ads,GADS,GENAI-B03,03/05/2026,Esha Fernandes,esha_fernandes850@gmail.com,8783200136,Deepak Verma,YouTube,74999,"26/05/2026, 02:08 PM",27400,HDFC Credila,Paid,
May-26,ADS,Gen AI Meta Ads,FB,GENAI-B03,11/05/2026,Geeta Iyer,geeta_iyer@outlook.com,9676984853,Suresh Bhat,Google Ads,67999,"20/05/2026, 02:11 PM",32900,Self Finance,Partial,
May-26,YT,AI/ML Search Ads,GSN,AIML-B02,18/05/2026,Rohan Pillai,rohan_pillai219@rediffmail.com,9782339623,Priya Sharma,WhatsApp,70999,"17/05/2026, 05:36 PM",26200,Self Finance,Loan Disbursed,
May-26,YT Referral,DS Search Ads,GSN,DS-B10,22/05/2026,Pradeep Joshi,pradeep.joshi441@outlook.com,9462477698,Arjun Nair,Meta Ads,74999,"26/05/2026, 09:57 PM",32900,Propelld,Partial,
May-26,ADS,CS Search Ads,GSN,CS-B04,18/05/2026,Esha Reddy,esha.reddy713@gmail.com,8149370969,Rahul Menon,Organic,57999,"01/05/2026, 01:08 PM",14300,Auxilo,Loan Disbursed,28/05/2026
May-26,ADS,DM Meta Ads,FB,DM-B07,20/05/2026,Swati Iyer,swati_iyer@outlook.com,8130804191,Vikram Das,YouTube,45999,"09/05/2026, 09:38 PM",21100,Eduvanz,Loan Disbursed,27/05/2026
May-26,YT Referral,CS Search Ads,GSN,CS-B04,26/05/2026,Nandini Joshi,nandini_joshi427@outlook.com,6086944297,Ananya Joshi,YouTube,64999,"22/05/2026, 02:05 PM",27000,Propelld,Paid,
May-26,ADS,DA Meta Ads,INST,DA-B14,01/05/2026,Deepa Gupta,deepagupta@outlook.com,7225798847,Ananya Joshi,Google Ads,57999,"05/05/2026, 04:33 PM",15200,HDFC Credila,Paid,
May-26,ADS,Gen AI Meta Ads,FB,GENAI-B04,28/05/2026,Vijay Nair,vijay.nair774@gmail.com,8591922488,Sneha Iyer,YouTube,70999,"02/05/2026, 03:47 PM",15300,Self Finance,Loan Disbursed,
May-26,YT,DM Meta Ads,FB,DM-B08,28/05/2026,Ishaan Shah,ishaan.shah875@rediffmail.com,7945224461,Vikram Das,Email,39999,"28/05/2026, 08:53 PM",13900,Eduvanz,Paid,
May-26,YT,AI/ML Search Ads,SEM,AIML-B03,03/05/2026,Pradeep Shah,pradeep.shah962@hotmail.com,7675946710,Suresh Bhat,YouTube,71999,"30/05/2026, 01:29 PM",21900,Self Finance,Pending,
May-26,ADS,CS Search Ads,GSN,CS-B05,21/05/2026,Chetan Bose,chetanbose@yahoo.com,9515890701,Meera Pillai,Google Ads,69999,"01/05/2026, 10:35 AM",24800,Auxilo,Paid,
May-26,YT,Gen AI Meta Ads,FB,GENAI-B03,03/05/2026,Hemant Kumar,hemantkumar@hotmail.com,9102608962,Ananya Joshi,YouTube,59999,"21/05/2026, 03:53 PM",21000,Self Finance,Paid,
May-26,ADS,CS Search Ads,GSN,CS-B04,30/05/2026,Kavya Agarwal,kavyaagarwal319@outlook.com,8761097642,Suresh Bhat,Google Ads,66999,"14/05/2026, 07:09 PM",26300,HDFC Credila,Loan Disbursed,13/05/2026
May-26,ADS,DS Meta Ads,META,DS-B10,20/05/2026,Gaurav Desai,gaurav.desai@rediffmail.com,9635458926,Ananya Joshi,Google Ads,60999,"14/05/2026, 11:22 AM",15800,,Paid,
May-26,YT,DM Meta Ads,FB,DM-B08,27/05/2026,Ananya Tiwari,ananya_tiwari@rediffmail.com,7021359570,Arjun Nair,Meta Ads,39999,"24/05/2026, 10:49 AM",14000,Self Finance,Paid,
May-26,YT,DA Meta Ads,INST,DA-B13,04/05/2026,Vishal Tiwari,vishaltiwari610@hotmail.com,6754324397,Priya Sharma,YouTube,51999,"24/05/2026, 04:10 PM",16500,Eduvanz,Pending,
May-26,ADS,CS Search Ads,GSN,CS-B04,13/05/2026,Kavya Singh,kavya.singh@hotmail.com,8635008468,Arjun Nair,Organic,54999,"22/05/2026, 03:00 PM",12900,Eduvanz,Paid,
May-26,YT Referral,DA Search Ads,GADS,DA-B12,21/05/2026,Nikhil Verma,nikhil_verma255@rediffmail.com,8619137637,Deepak Verma,Organic,55999,"02/05/2026, 08:31 PM",27000,Self Finance,Paid,
May-26,YT Referral,BA Search Ads,GADS,BA-B05,06/05/2026,Bhavna Varma,bhavna_varma488@gmail.com,8502815894,Vikram Das,YouTube,55999,"18/05/2026, 10:36 PM",19700,Eduvanz,Paid,
May-26,ADS,DS Search Ads,GSN,DS-B10,13/05/2026,Kiran Tiwari,kirantiwari@hotmail.com,7495463515,Rahul Menon,Google Ads,74999,"05/05/2026, 10:47 AM",30700,Self Finance,Partial,
May-26,ADS Referral,BA Meta Ads,META,BA-B06,21/05/2026,Manish Pandey,manishpandey@rediffmail.com,8547971711,Vikram Das,Referral,53999,"03/05/2026, 10:12 AM",19000,Eduvanz,Partial,
May-26,YT,DA Meta Ads,META,DA-B13,17/05/2026,Sakshi Ghosh,sakshighosh588@yahoo.com,9976349130,Arjun Nair,Google Ads,50999,"02/05/2026, 05:13 PM",18800,Self Finance,Paid,
May-26,ADS Referral,DS Search Ads,GSN,DS-B10,17/05/2026,Uday Pillai,uday_pillai@hotmail.com,6690937338,Arjun Nair,Meta Ads,75999,"19/05/2026, 02:15 PM",29500,Self Finance,Paid,
May-26,YT,Gen AI Search Ads,SEM,GENAI-B03,20/05/2026,Sneha Shetty,sneha_shetty@gmail.com,7314851871,Arjun Nair,Meta Ads,65999,"22/05/2026, 10:34 PM",24400,Propelld,Paid,
May-26,ADS,DS Meta Ads,FB,DS-B08,24/05/2026,Divya Nair,divya_nair228@rediffmail.com,9341064038,Sneha Iyer,Google Ads,63999,"10/05/2026, 04:01 PM",30200,Self Finance,Paid,
May-26,ADS,DM Meta Ads,FB,DM-B08,13/05/2026,Rahul Pillai,rahulpillai@gmail.com,9842002950,Arjun Nair,YouTube,41999,"13/05/2026, 12:55 PM",18700,Propelld,Pending,
May-26,ADS Referral,Gen AI Meta Ads,META,GENAI-B04,27/05/2026,Dhruv Jain,dhruv_jain938@gmail.com,7762368501,Meera Pillai,Google Ads,57999,"14/05/2026, 05:53 PM",18700,,Paid,
May-26,ADS,DA Meta Ads,INST,DA-B13,18/05/2026,Arjun Fernandes,arjun.fernandes998@outlook.com,9342423004,Ananya Joshi,WhatsApp,50999,"31/05/2026, 09:03 AM",12000,Self Finance,Pending,
May-26,YT,BA Search Ads,GSN,BA-B06,13/05/2026,Meera Menon,meeramenon86@yahoo.com,9921067947,Sneha Iyer,Google Ads,53999,"21/05/2026, 03:55 PM",17600,,Paid,
May-26,ADS,DA Search Ads,SEM,DA-B14,09/05/2026,Pradeep Joshi,pradeepjoshi63@rediffmail.com,9447324246,Vikram Das,Google Ads,54999,"16/05/2026, 01:23 PM",12600,Propelld,Paid,
May-26,YT,DS Search Ads,GSN,DS-B10,08/05/2026,Vishal Das,vishal.das893@hotmail.com,7502223126,Vikram Das,Organic,64999,"30/05/2026, 02:10 PM",23100,Self Finance,Paid,
May-26,ADS,DS Meta Ads,FB,DS-B09,30/05/2026,Sahil Menon,sahil_menon956@rediffmail.com,7017964025,Kavya Reddy,YouTube,70999,"15/05/2026, 08:42 PM",34100,Self Finance,Pending,
May-26,ADS,AI/ML Search Ads,GSN,AIML-B02,23/05/2026,Kavya Agarwal,kavya.agarwal934@hotmail.com,6793535816,Kavya Reddy,Email,74999,"27/05/2026, 06:32 PM",23400,Auxilo,Partial,
May-26,ADS,BA Meta Ads,META,BA-B05,11/05/2026,Deepa Shah,deepa.shah@hotmail.com,8027010622,Kavya Reddy,Google Ads,45999,"09/05/2026, 08:06 PM",11100,,Partial,
May-26,ADS,DS Meta Ads,META,DS-B08,30/05/2026,Vijay Fernandes,vijay.fernandes200@gmail.com,7372397059,Suresh Bhat,Meta Ads,79999,"30/05/2026, 06:13 PM",27500,Self Finance,Partial,
May-26,ADS,DA Meta Ads,INST,DA-B12,25/05/2026,Esha Agarwal,eshaagarwal@hotmail.com,6289051134,Rahul Menon,YouTube,60999,"24/05/2026, 10:04 PM",29300,Self Finance,Loan Disbursed,
May-26,ADS,DA Meta Ads,INST,DA-B14,31/05/2026,Akash Rao,akash.rao@gmail.com,6649945955,Priya Sharma,YouTube,66999,"09/05/2026, 07:37 PM",24800,Eduvanz,Paid,
May-26,ADS,DA Search Ads,GADS,DA-B14,31/05/2026,Varun Mehta,varun.mehta@outlook.com,7394765846,Sneha Iyer,YouTube,60999,"26/05/2026, 09:37 AM",15500,,Paid,
May-26,YT Referral,DA Search Ads,GADS,DA-B13,10/05/2026,Sahil Shah,sahilshah81@rediffmail.com,8356793383,Suresh Bhat,Google Ads,55999,"08/05/2026, 08:56 PM",20600,Self Finance,Paid,
May-26,YT,DA Meta Ads,FB,DA-B13,24/05/2026,Manish Mehta,manish_mehta137@rediffmail.com,8084321808,Kavya Reddy,Email,56999,"22/05/2026, 08:27 PM",12000,Self Finance,Paid,
May-26,ADS,DA Meta Ads,INST,DA-B14,07/05/2026,Varun Bose,varunbose969@outlook.com,7057722100,Rahul Menon,Meta Ads,68999,"20/05/2026, 11:19 AM",33200,Propelld,Partial,
May-26,ADS,CS Search Ads,GSN,CS-B04,11/05/2026,Sakshi Hegde,sakshi_hegde348@gmail.com,6596949623,Ananya Joshi,Google Ads,58999,"06/05/2026, 07:31 PM",23500,,Loan Disbursed,
May-26,ADS Referral,DM Meta Ads,FB,DM-B07,25/05/2026,Manish Murthy,manish_murthy815@hotmail.com,6311928654,Vikram Das,YouTube,35999,"15/05/2026, 12:12 PM",9100,Self Finance,Partial,
May-26,ADS Referral,DA Meta Ads,FB,DA-B12,09/05/2026,Dhruv Chopra,dhruv_chopra@outlook.com,9013986626,Meera Pillai,Referral,54999,"20/05/2026, 01:50 PM",13900,,Paid,
May-26,ADS,DA Meta Ads,INST,DA-B12,30/05/2026,Sonia Varma,sonia.varma@gmail.com,7481376885,Ananya Joshi,Organic,60999,"31/05/2026, 11:05 AM",29100,,Paid,
May-26,ADS,DM Meta Ads,META,DM-B08,05/05/2026,Gaurav Kapoor,gaurav.kapoor@yahoo.com,7086663816,Ananya Joshi,Google Ads,35999,"20/05/2026, 03:32 PM",13500,,Paid,
May-26,ADS Referral,DA Meta Ads,FB,DA-B14,04/05/2026,Akash Patel,akashpatel335@yahoo.com,6624771650,Priya Sharma,Organic,56999,"27/05/2026, 11:06 AM",14700,Self Finance,Loan Disbursed,
May-26,ADS,DS Search Ads,GADS,DS-B09,14/05/2026,Vijay Mehta,vijaymehta@gmail.com,6938336676,Arjun Nair,Google Ads,65999,"29/05/2026, 11:25 AM",16300,Eduvanz,Paid,
May-26,ADS Referral,BA Search Ads,GSN,BA-B06,06/05/2026,Rahul Tiwari,rahul_tiwari@hotmail.com,9987069609,Rahul Menon,Meta Ads,45999,"08/05/2026, 10:03 AM",17500,HDFC Credila,Partial,
May-26,YT Referral,CS Search Ads,GSN,CS-B04,07/05/2026,Varun Mehta,varun.mehta@hotmail.com,9828682948,Kavya Reddy,Organic,62999,"22/05/2026, 02:22 PM",27200,Eduvanz,Paid,
May-26,YT,Gen AI Meta Ads,META,GENAI-B03,13/05/2026,Yash Nair,yash_nair763@outlook.com,6688720398,Sneha Iyer,Google Ads,79999,"22/05/2026, 08:24 PM",26200,Self Finance,Paid,
May-26,YT,DS Search Ads,GADS,DS-B10,12/05/2026,Sneha Kapoor,sneha_kapoor127@hotmail.com,9182818948,Vikram Das,YouTube,82999,"15/05/2026, 05:20 PM",40500,,Paid,
May-26,ADS,DA Search Ads,GSN,DA-B14,02/05/2026,Meera Sharma,meera.sharma320@rediffmail.com,9763143266,Ananya Joshi,YouTube,59999,"17/05/2026, 09:04 AM",28100,Self Finance,Loan Disbursed,
May-26,ADS Referral,DM Meta Ads,META,DM-B07,29/05/2026,Kiran Rajan,kiran_rajan864@yahoo.com,6298012805,Priya Sharma,Meta Ads,40999,"10/05/2026, 07:59 PM",13800,Propelld,Paid,
May-26,ADS Referral,BA Search Ads,GSN,BA-B06,25/05/2026,Geeta Patel,geeta_patel535@outlook.com,6992150368,Meera Pillai,Google Ads,55999,"10/05/2026, 06:17 PM",21800,HDFC Credila,Partial,
May-26,YT Referral,DA Search Ads,GADS,DA-B13,26/05/2026,Kiran Das,kiran_das@rediffmail.com,9477811143,Meera Pillai,Google Ads,64999,"07/05/2026, 08:55 PM",23400,NBFC Direct,Pending,
May-26,YT,BA Meta Ads,INST,BA-B06,14/05/2026,Dhruv Chopra,dhruv.chopra@rediffmail.com,8076678003,Vikram Das,Meta Ads,50999,"16/05/2026, 03:00 PM",25000,Eduvanz,Partial,
May-26,YT,Gen AI Meta Ads,META,GENAI-B03,13/05/2026,Kiran Desai,kiran_desai@outlook.com,7992601198,Ananya Joshi,Meta Ads,61999,"17/05/2026, 04:12 PM",28800,,Partial,
May-26,ADS,DS Meta Ads,FB,DS-B09,09/05/2026,Aryan Mehta,aryan.mehta834@yahoo.com,6507255189,Ananya Joshi,YouTube,82999,"06/05/2026, 12:20 PM",35900,Self Finance,Paid,
May-26,ADS,DS Meta Ads,FB,DS-B10,27/05/2026,Vishal Patel,vishal.patel728@yahoo.com,8295359444,Vikram Das,Meta Ads,62999,"29/05/2026, 05:27 PM",29700,,Paid,
May-26,YT Referral,DM Meta Ads,INST,DM-B08,22/05/2026,Arjun Das,arjun_das839@rediffmail.com,7649282019,Ananya Joshi,WhatsApp,47999,"03/05/2026, 10:29 AM",22800,Eduvanz,Partial,
May-26,YT Referral,DS Meta Ads,FB,DS-B10,09/05/2026,Vijay Chopra,vijay.chopra849@hotmail.com,9920087703,Rahul Menon,Meta Ads,61999,"14/05/2026, 06:24 PM",27000,Eduvanz,Paid,
May-26,ADS Referral,DM Meta Ads,META,DM-B08,26/05/2026,Manish Mehta,manishmehta@outlook.com,6911309603,Priya Sharma,WhatsApp,44999,"18/05/2026, 05:44 PM",20600,Propelld,Loan Disbursed,11/05/2026
May-26,YT,CS Search Ads,GADS,CS-B04,04/05/2026,Uday Chopra,uday.chopra@rediffmail.com,8387668552,Arjun Nair,Organic,64999,"20/05/2026, 11:07 AM",21600,Propelld,Paid,
May-26,ADS,Gen AI Search Ads,GADS,GENAI-B03,25/05/2026,Ishaan Joshi,ishaan.joshi137@gmail.com,9215028678,Ananya Joshi,Organic,69999,"14/05/2026, 04:05 PM",19700,Auxilo,Loan Disbursed,28/05/2026
May-26,ADS,DS Search Ads,SEM,DS-B09,02/05/2026,Amit Singh,amit.singh@rediffmail.com,8593166490,Meera Pillai,Meta Ads,81999,"09/05/2026, 09:30 AM",31800,,Paid,
May-26,ADS,BA Meta Ads,META,BA-B06,28/05/2026,Sneha Joshi,sneha_joshi589@hotmail.com,6059173007,Meera Pillai,Organic,55999,"15/05/2026, 10:39 AM",26300,Propelld,Paid,
May-26,ADS Referral,BA Search Ads,GADS,BA-B05,27/05/2026,Suresh Shetty,sureshshetty@yahoo.com,6298959397,Arjun Nair,Email,51999,"15/05/2026, 04:01 PM",25400,Propelld,Paid,
May-26,YT,BA Meta Ads,META,BA-B05,13/05/2026,Geeta Varma,geetavarma63@outlook.com,8935617483,Suresh Bhat,Meta Ads,51999,"29/05/2026, 11:20 AM",10500,HDFC Credila,Paid,
May-26,YT,DA Meta Ads,INST,DA-B14,01/05/2026,Pradeep Verma,pradeepverma231@hotmail.com,9512069562,Deepak Verma,Meta Ads,64999,"28/05/2026, 12:20 PM",20500,NBFC Direct,Pending,
May-26,ADS Referral,DS Meta Ads,FB,DS-B09,19/05/2026,Anjali Menon,anjali.menon540@yahoo.com,9876316248,Arjun Nair,Organic,65999,"25/05/2026, 07:25 PM",29500,NBFC Direct,Pending,
May-26,ADS,DM Meta Ads,META,DM-B08,09/05/2026,Priya Nair,priya_nair@yahoo.com,9380519557,Deepak Verma,Referral,45999,"29/05/2026, 05:35 PM",19400,,Paid,
May-26,ADS,DS Meta Ads,FB,DS-B09,24/05/2026,Pooja Sharma,poojasharma@outlook.com,9194822108,Kavya Reddy,Email,62999,"29/05/2026, 05:50 PM",24200,Self Finance,Paid,
May-26,ADS,Gen AI Meta Ads,META,GENAI-B03,24/05/2026,Gaurav Mehta,gaurav_mehta662@rediffmail.com,7709297428,Deepak Verma,YouTube,74999,"05/05/2026, 09:02 PM",37000,Self Finance,Paid,
May-26,YT,CS Search Ads,GADS,CS-B04,20/05/2026,Chetan Fernandes,chetan_fernandes119@hotmail.com,9669595831,Vikram Das,Meta Ads,50999,"31/05/2026, 10:51 PM",23100,HDFC Credila,Paid,
May-26,ADS,AI/ML Search Ads,GSN,AIML-B02,04/05/2026,Kavya Patel,kavya_patel911@hotmail.com,9218679772,Arjun Nair,Organic,83999,"21/05/2026, 08:50 PM",30000,Self Finance,Loan Disbursed,
May-26,YT,DS Search Ads,GSN,DS-B09,03/05/2026,Rahul Pandey,rahulpandey847@yahoo.com,9974362236,Suresh Bhat,Meta Ads,62999,"26/05/2026, 04:15 PM",29600,Self Finance,Pending,
May-26,YT,DS Search Ads,SEM,DS-B09,05/05/2026,Varun Chopra,varunchopra@gmail.com,9221127457,Meera Pillai,Organic,66999,"13/05/2026, 08:23 PM",18600,HDFC Credila,Paid,
May-26,ADS,AI/ML Search Ads,SEM,AIML-B02,21/05/2026,Deepak Iyer,deepak.iyer749@gmail.com,7819727888,Sneha Iyer,Referral,76999,"01/05/2026, 09:01 PM",27500,Auxilo,Loan Disbursed,17/05/2026
May-26,ADS,DS Meta Ads,META,DS-B08,14/05/2026,Hemant Shetty,hemant_shetty@rediffmail.com,8103557976,Meera Pillai,Referral,79999,"12/05/2026, 02:52 PM",39500,Auxilo,Paid,
May-26,ADS,DA Search Ads,GADS,DA-B14,19/05/2026,Nandini Agarwal,nandini.agarwal@gmail.com,8465245892,Meera Pillai,Google Ads,52999,"06/05/2026, 09:21 AM",22700,Self Finance,Partial,
May-26,ADS Referral,Gen AI Search Ads,GSN,GENAI-B03,08/05/2026,Harish Agarwal,harishagarwal679@rediffmail.com,7452541726,Arjun Nair,Google Ads,58999,"05/05/2026, 10:50 PM",27000,,Paid,
May-26,YT Referral,BA Search Ads,GSN,BA-B05,23/05/2026,Rahul Pandey,rahul_pandey@yahoo.com,7180726196,Kavya Reddy,Google Ads,57999,"19/05/2026, 11:48 AM",19900,,Paid,
May-26,YT,BA Meta Ads,META,BA-B06,20/05/2026,Suresh Verma,suresh.verma@yahoo.com,6196438040,Arjun Nair,YouTube,56999,"06/05/2026, 11:32 AM",15500,Self Finance,Paid,
May-26,ADS Referral,DS Meta Ads,FB,DS-B08,27/05/2026,Kiran Jain,kiran.jain402@rediffmail.com,7147795072,Sneha Iyer,Google Ads,67999,"19/05/2026, 10:34 PM",15900,Self Finance,Paid,
May-26,YT Referral,AI/ML Search Ads,SEM,AIML-B03,16/05/2026,Yash Reddy,yash_reddy915@hotmail.com,6385819638,Sneha Iyer,Referral,84999,"20/05/2026, 10:19 AM",18400,Self Finance,Partial,
May-26,ADS Referral,DA Search Ads,SEM,DA-B12,20/05/2026,Sandeep Joshi,sandeep.joshi@outlook.com,6280971280,Suresh Bhat,Google Ads,52999,"02/05/2026, 05:05 PM",19800,Auxilo,Paid,
May-26,ADS,Gen AI Meta Ads,META,GENAI-B04,22/05/2026,Tanvi Singh,tanvi.singh515@gmail.com,9238461552,Sneha Iyer,Google Ads,79999,"22/05/2026, 05:00 PM",39100,HDFC Credila,Paid,
May-26,YT,DA Search Ads,SEM,DA-B13,15/05/2026,Sneha Kumar,sneha_kumar@outlook.com,9993819006,Kavya Reddy,Meta Ads,62999,"04/05/2026, 11:32 AM",26400,HDFC Credila,Paid,
May-26,ADS,Gen AI Meta Ads,FB,GENAI-B04,28/05/2026,Kavya Ghosh,kavya.ghosh798@yahoo.com,9983878620,Suresh Bhat,Google Ads,59999,"16/05/2026, 05:51 PM",21800,Self Finance,Paid,
May-26,ADS,DA Meta Ads,INST,DA-B13,14/05/2026,Anjali Yadav,anjaliyadav400@yahoo.com,7953065915,Suresh Bhat,Google Ads,60999,"15/05/2026, 04:10 PM",14200,Propelld,Loan Disbursed,05/05/2026
May-26,YT Referral,DA Search Ads,SEM,DA-B14,10/05/2026,Divya Kapoor,divya_kapoor926@yahoo.com,8467822005,Meera Pillai,Meta Ads,57999,"09/05/2026, 03:28 PM",24800,NBFC Direct,Paid,
May-26,ADS,Gen AI Meta Ads,META,GENAI-B04,25/05/2026,Akash Pandey,akash_pandey@gmail.com,9481471759,Meera Pillai,Google Ads,69999,"05/05/2026, 04:10 PM",28300,Self Finance,Paid,
May-26,YT,DA Meta Ads,FB,DA-B14,04/05/2026,Meera Shah,meera.shah@gmail.com,6989822523,Kavya Reddy,Referral,69999,"20/05/2026, 07:27 PM",19500,Self Finance,Partial,
May-26,YT,DM Meta Ads,INST,DM-B08,09/05/2026,Hemant Kapoor,hemantkapoor@gmail.com,8971972167,Suresh Bhat,Google Ads,49999,"17/05/2026, 08:06 PM",14000,,Paid,
May-26,YT,DS Meta Ads,FB,DS-B09,02/05/2026,Lakshmi Tiwari,lakshmi.tiwari@hotmail.com,7519521883,Vikram Das,Meta Ads,71999,"04/05/2026, 09:59 PM",20300,Propelld,Paid,
May-26,YT,DS Meta Ads,META,DS-B08,01/05/2026,Aditya Mehta,aditya_mehta138@yahoo.com,7196308160,Meera Pillai,Google Ads,64999,"11/05/2026, 11:24 AM",32000,Auxilo,Paid,
May-26,ADS,DM Meta Ads,FB,DM-B08,08/05/2026,Nandini Varma,nandini_varma@outlook.com,6448229632,Arjun Nair,Google Ads,37999,"17/05/2026, 01:51 PM",15400,,Loan Disbursed,
May-26,ADS,DS Search Ads,GADS,DS-B10,16/05/2026,Kiran Naidu,kiran.naidu@hotmail.com,8323673922,Arjun Nair,Google Ads,66999,"06/05/2026, 06:23 PM",22600,,Loan Disbursed,
May-26,ADS,BA Search Ads,GADS,BA-B05,27/05/2026,Rohit Shetty,rohit.shetty499@yahoo.com,6614458265,Kavya Reddy,Meta Ads,55999,"28/05/2026, 11:52 AM",18700,,Loan Disbursed,
May-26,ADS,Gen AI Meta Ads,FB,GENAI-B03,10/05/2026,Amit Naidu,amit.naidu579@rediffmail.com,7392957143,Arjun Nair,Organic,75999,"29/05/2026, 09:35 PM",27200,Eduvanz,Paid,
May-26,ADS,DA Search Ads,GADS,DA-B14,27/05/2026,Gaurav Bose,gaurav.bose794@rediffmail.com,6415222688,Rahul Menon,Meta Ads,56999,"19/05/2026, 08:15 PM",15300,Self Finance,Paid,
May-26,YT Referral,DA Meta Ads,INST,DA-B13,02/05/2026,Priya Gupta,priya.gupta279@hotmail.com,8993369411,Meera Pillai,Google Ads,58999,"05/05/2026, 07:03 PM",17700,Auxilo,Loan Disbursed,04/05/2026
May-26,ADS,AI/ML Search Ads,GSN,AIML-B02,26/05/2026,Tanvi Desai,tanvi_desai@gmail.com,8701612465,Arjun Nair,Google Ads,79999,"18/05/2026, 06:54 PM",16100,NBFC Direct,Partial,
May-26,YT,DM Meta Ads,META,DM-B08,12/05/2026,Mohit Fernandes,mohitfernandes@outlook.com,6551498805,Sneha Iyer,Google Ads,38999,"20/05/2026, 08:49 PM",17500,,Paid,
May-26,YT,DS Search Ads,GADS,DS-B08,06/05/2026,Ravi Kapoor,ravikapoor221@rediffmail.com,9657264090,Suresh Bhat,Google Ads,83999,"15/05/2026, 06:37 PM",39800,Self Finance,Paid,
May-26,ADS Referral,DS Meta Ads,FB,DS-B10,02/05/2026,Rohit Patel,rohit_patel101@rediffmail.com,6725558410,Sneha Iyer,Meta Ads,71999,"09/05/2026, 07:27 PM",26900,Self Finance,Loan Disbursed,
May-26,YT,BA Search Ads,GADS,BA-B05,28/05/2026,Pallavi Kapoor,pallavi.kapoor@gmail.com,6840448156,Kavya Reddy,Referral,52999,"14/05/2026, 03:37 PM",17500,Eduvanz,Partial,
May-26,YT,Gen AI Search Ads,SEM,GENAI-B03,27/05/2026,Gaurav Fernandes,gauravfernandes153@rediffmail.com,7829752746,Kavya Reddy,Google Ads,63999,"22/05/2026, 12:56 PM",28200,,Paid,
May-26,ADS,BA Search Ads,GSN,BA-B06,12/05/2026,Priya Fernandes,priya.fernandes@gmail.com,7703006045,Kavya Reddy,Google Ads,49999,"23/05/2026, 07:04 PM",23700,NBFC Direct,Partial,
May-26,ADS,BA Search Ads,GADS,BA-B05,02/05/2026,Vijay Murthy,vijay_murthy@gmail.com,9036169551,Meera Pillai,Referral,53999,"02/05/2026, 06:41 PM",11700,,Paid,
May-26,ADS,CS Search Ads,GSN,CS-B05,28/05/2026,Rohan Nair,rohan.nair@rediffmail.com,8486511586,Meera Pillai,YouTube,65999,"05/05/2026, 11:27 AM",19400,Auxilo,Paid,
May-26,ADS,DA Meta Ads,FB,DA-B12,15/05/2026,Chetan Agarwal,chetan.agarwal@yahoo.com,6022200932,Kavya Reddy,YouTube,52999,"10/05/2026, 06:34 PM",20000,,Paid,
May-26,ADS,Gen AI Meta Ads,META,GENAI-B03,06/05/2026,Hemant Rajan,hemantrajan538@gmail.com,7212312851,Meera Pillai,Meta Ads,61999,"20/05/2026, 04:27 PM",28500,Auxilo,Loan Disbursed,22/05/2026
May-26,ADS Referral,DA Search Ads,SEM,DA-B12,21/05/2026,Dhruv Jain,dhruvjain@outlook.com,7492087095,Meera Pillai,Google Ads,69999,"23/05/2026, 03:16 PM",32300,Self Finance,Partial,
May-26,ADS Referral,DM Meta Ads,FB,DM-B07,13/05/2026,Amit Patel,amit_patel144@hotmail.com,9156891033,Priya Sharma,YouTube,47999,"20/05/2026, 12:35 PM",22100,Self Finance,Paid,
May-26,ADS Referral,BA Search Ads,GSN,BA-B05,24/05/2026,Amit Varma,amit.varma256@yahoo.com,9107762359,Sneha Iyer,Google Ads,45999,"16/05/2026, 09:01 AM",12700,NBFC Direct,Loan Disbursed,28/05/2026
May-26,ADS,AI/ML Search Ads,GSN,AIML-B03,15/05/2026,Nikhil Desai,nikhildesai147@outlook.com,8082715493,Rahul Menon,YouTube,73999,"07/05/2026, 11:47 AM",19000,Self Finance,Pending,
May-26,ADS,Gen AI Search Ads,GADS,GENAI-B03,01/05/2026,Vijay Gupta,vijay_gupta883@hotmail.com,7904505412,Suresh Bhat,Google Ads,79999,"18/05/2026, 06:08 PM",34400,Self Finance,Paid,
May-26,YT,DM Meta Ads,INST,DM-B08,30/05/2026,Aryan Ghosh,aryan.ghosh@yahoo.com,7260687410,Deepak Verma,Meta Ads,43999,"02/05/2026, 01:25 PM",11600,Self Finance,Partial,
May-26,ADS,BA Search Ads,GSN,BA-B05,11/05/2026,Yash Sharma,yashsharma@rediffmail.com,8873034299,Rahul Menon,Meta Ads,59999,"16/05/2026, 04:30 PM",24600,Self Finance,Partial,
May-26,ADS,Gen AI Meta Ads,META,GENAI-B03,30/05/2026,Kavya Chopra,kavya_chopra@outlook.com,8060412907,Rahul Menon,YouTube,56999,"23/05/2026, 06:30 PM",24300,Self Finance,Loan Disbursed,
May-26,ADS,AI/ML Search Ads,SEM,AIML-B02,07/05/2026,Vishal Kapoor,vishalkapoor860@outlook.com,8913254168,Meera Pillai,Organic,79999,"07/05/2026, 02:25 PM",16100,NBFC Direct,Paid,
May-26,YT Referral,Gen AI Meta Ads,FB,GENAI-B04,02/05/2026,Tanvi Singh,tanvi.singh@outlook.com,9509004138,Rahul Menon,Google Ads,58999,"17/05/2026, 10:14 AM",27700,Self Finance,Pending,
May-26,YT,DA Search Ads,GSN,DA-B12,31/05/2026,Pallavi Tiwari,pallavi_tiwari756@outlook.com,9610898976,Ananya Joshi,Meta Ads,60999,"16/05/2026, 12:33 PM",12800,Self Finance,Paid,
May-26,ADS,CS Search Ads,GADS,CS-B05,28/05/2026,Gaurav Shetty,gauravshetty@hotmail.com,6531006711,Vikram Das,Google Ads,67999,"05/05/2026, 04:14 PM",30700,Self Finance,Paid,
May-26,ADS Referral,DS Meta Ads,FB,DS-B08,24/05/2026,Vijay Rao,vijay_rao@hotmail.com,9977506902,Kavya Reddy,Meta Ads,69999,"21/05/2026, 09:39 AM",24600,Propelld,Paid,
May-26,ADS,DS Search Ads,GSN,DS-B09,10/05/2026,Hemant Yadav,hemantyadav970@yahoo.com,6818784330,Rahul Menon,Organic,68999,"25/05/2026, 02:03 PM",24900,Self Finance,Refunded,
May-26,ADS,BA Search Ads,GADS,BA-B06,06/05/2026,Geeta Kapoor,geeta_kapoor@gmail.com,8833951640,Arjun Nair,Meta Ads,48999,"03/05/2026, 05:15 PM",23000,,Paid,
May-26,ADS,Gen AI Search Ads,GSN,GENAI-B04,19/05/2026,Anjali Jain,anjali_jain@hotmail.com,9490919914,Vikram Das,YouTube,61999,"16/05/2026, 08:16 PM",22600,Eduvanz,Paid,
May-26,ADS,DS Meta Ads,META,DS-B09,02/05/2026,Anjali Mehta,anjalimehta@rediffmail.com,7540864956,Priya Sharma,Organic,72999,"26/05/2026, 02:38 PM",32300,NBFC Direct,Paid,
May-26,ADS,BA Search Ads,GADS,BA-B05,20/05/2026,Arjun Kapoor,arjun_kapoor833@rediffmail.com,8163710021,Deepak Verma,Google Ads,54999,"24/05/2026, 01:03 PM",20000,Propelld,Paid,
May-26,YT,DS Meta Ads,META,DS-B10,23/05/2026,Akash Shetty,akashshetty874@rediffmail.com,9035332335,Deepak Verma,YouTube,75999,"28/05/2026, 09:51 PM",37200,Propelld,Paid,
May-26,ADS,DA Meta Ads,INST,DA-B12,21/05/2026,Aryan Hegde,aryanhegde@rediffmail.com,7856073362,Suresh Bhat,WhatsApp,69999,"18/05/2026, 02:04 PM",20600,,Refunded,
May-26,ADS,Gen AI Meta Ads,FB,GENAI-B04,16/05/2026,Sakshi Pandey,sakshipandey@rediffmail.com,9126238988,Priya Sharma,Google Ads,63999,"12/05/2026, 10:25 PM",24800,Self Finance,Paid,
May-26,ADS,CS Search Ads,GSN,CS-B05,04/05/2026,Sneha Iyer,sneha_iyer825@yahoo.com,6219591849,Kavya Reddy,WhatsApp,64999,"13/05/2026, 10:40 AM",28700,Propelld,Paid,
May-26,YT Referral,DA Meta Ads,META,DA-B14,21/05/2026,Manish Das,manish.das840@rediffmail.com,7607286550,Suresh Bhat,Google Ads,52999,"12/05/2026, 11:05 AM",13700,HDFC Credila,Pending,
May-26,YT,BA Meta Ads,META,BA-B05,19/05/2026,Sonia Joshi,sonia.joshi674@rediffmail.com,8329184569,Kavya Reddy,YouTube,53999,"30/05/2026, 12:09 PM",22300,Propelld,Paid,
May-26,ADS,DS Meta Ads,FB,DS-B09,01/05/2026,Pallavi Shetty,pallavi.shetty@gmail.com,9244602927,Arjun Nair,Google Ads,84999,"30/05/2026, 08:19 PM",36100,Self Finance,Paid,
May-26,ADS,DS Search Ads,GADS,DS-B10,22/05/2026,Kavya Pillai,kavyapillai46@outlook.com,7561682460,Deepak Verma,Organic,67999,"29/05/2026, 02:36 PM",28600,Auxilo,Paid,
May-26,YT,DS Search Ads,GSN,DS-B09,26/05/2026,Aarav Pandey,aaravpandey986@rediffmail.com,8143297115,Meera Pillai,YouTube,65999,"13/05/2026, 11:09 AM",20000,Self Finance,Paid,
May-26,YT,Gen AI Meta Ads,META,GENAI-B03,07/05/2026,Nikhil Rao,nikhil.rao179@gmail.com,9840042319,Suresh Bhat,Referral,65999,"03/05/2026, 05:41 PM",23300,Self Finance,Paid,
May-26,YT Referral,BA Meta Ads,INST,BA-B06,21/05/2026,Sahil Ghosh,sahil_ghosh@hotmail.com,9049150749,Arjun Nair,YouTube,49999,"07/05/2026, 10:21 AM",13100,Self Finance,Paid,
May-26,ADS,Gen AI Search Ads,SEM,GENAI-B03,20/05/2026,Pradeep Varma,pradeep.varma829@gmail.com,9439867904,Kavya Reddy,Google Ads,58999,"29/05/2026, 05:48 PM",18700,Eduvanz,Paid,
May-26,ADS Referral,DM Meta Ads,FB,DM-B07,26/05/2026,Pooja Rajan,poojarajan@yahoo.com,8951226205,Ananya Joshi,Google Ads,40999,"18/05/2026, 03:30 PM",15900,,Paid,
May-26,YT,AI/ML Search Ads,GSN,AIML-B03,19/05/2026,Nikhil Gupta,nikhil_gupta565@hotmail.com,7022865053,Vikram Das,Meta Ads,86999,"16/05/2026, 12:15 PM",40000,Propelld,Paid,
May-26,ADS,DA Search Ads,GADS,DA-B12,08/05/2026,Priya Reddy,priya_reddy777@hotmail.com,8670925615,Rahul Menon,Google Ads,53999,"21/05/2026, 11:07 AM",11100,Self Finance,Paid,
May-26,ADS,DM Meta Ads,META,DM-B07,05/05/2026,Ravi Joshi,ravijoshi@yahoo.com,6059966038,Ananya Joshi,WhatsApp,36999,"16/05/2026, 10:40 PM",18500,Auxilo,Paid,
May-26,YT Referral,DS Search Ads,SEM,DS-B09,26/05/2026,Harish Rao,harish_rao@yahoo.com,9587270030,Meera Pillai,Google Ads,61999,"02/05/2026, 10:49 PM",22200,Self Finance,Paid,
May-26,YT Referral,DA Search Ads,GSN,DA-B12,11/05/2026,Manish Shetty,manish_shetty559@outlook.com,8407649947,Rahul Menon,Google Ads,59999,"21/05/2026, 01:41 PM",26200,Propelld,Pending,
May-26,YT,BA Search Ads,GSN,BA-B06,21/05/2026,Deepa Verma,deepa.verma@hotmail.com,8718287355,Kavya Reddy,Meta Ads,49999,"02/05/2026, 05:10 PM",18400,NBFC Direct,Partial,
May-26,ADS,Gen AI Search Ads,SEM,GENAI-B04,27/05/2026,Sandeep Singh,sandeep.singh@hotmail.com,6336390680,Deepak Verma,Meta Ads,67999,"24/05/2026, 05:39 PM",27700,,Paid,
May-26,ADS,Gen AI Search Ads,GSN,GENAI-B03,19/05/2026,Kritika Kapoor,kritika.kapoor392@yahoo.com,7123201755,Priya Sharma,YouTube,66999,"11/05/2026, 02:05 PM",25000,Self Finance,Partial,
May-26,YT,DM Meta Ads,META,DM-B08,16/05/2026,Gaurav Joshi,gaurav_joshi52@outlook.com,6297190130,Deepak Verma,Meta Ads,39999,"26/05/2026, 05:24 PM",10100,HDFC Credila,Loan Disbursed,11/05/2026
May-26,ADS,BA Meta Ads,INST,BA-B06,21/05/2026,Deepa Fernandes,deepa_fernandes@outlook.com,6259664691,Kavya Reddy,YouTube,52999,"23/05/2026, 01:35 PM",16300,,Refunded,
May-26,ADS,DA Search Ads,GSN,DA-B14,16/05/2026,Geeta Menon,geetamenon844@rediffmail.com,6851060045,Sneha Iyer,Google Ads,68999,"24/05/2026, 09:08 PM",24300,Self Finance,Loan Disbursed,
May-26,YT,DA Meta Ads,FB,DA-B14,06/05/2026,Lakshmi Singh,lakshmi_singh148@rediffmail.com,8410466743,Kavya Reddy,YouTube,51999,"17/05/2026, 04:25 PM",24700,HDFC Credila,Paid,
May-26,ADS Referral,DM Meta Ads,FB,DM-B08,08/05/2026,Ishaan Joshi,ishaan.joshi@hotmail.com,8946939493,Vikram Das,Meta Ads,39999,"22/05/2026, 03:52 PM",17100,Self Finance,Paid,
May-26,YT Referral,Gen AI Search Ads,GSN,GENAI-B03,12/05/2026,Shruti Shetty,shrutishetty@gmail.com,7037797237,Arjun Nair,Meta Ads,59999,"29/05/2026, 06:13 PM",13600,Self Finance,Paid,
May-26,ADS,DS Meta Ads,FB,DS-B08,13/05/2026,Deepa Naidu,deepa_naidu@yahoo.com,9584448277,Kavya Reddy,Meta Ads,78999,"05/05/2026, 04:18 PM",21000,HDFC Credila,Partial,
May-26,ADS,DA Meta Ads,META,DA-B14,06/05/2026,Ishaan Menon,ishaan_menon@gmail.com,9593744930,Sneha Iyer,Referral,50999,"07/05/2026, 12:16 PM",15300,Propelld,Partial,
May-26,YT Referral,Gen AI Search Ads,SEM,GENAI-B04,10/05/2026,Geeta Gupta,geeta.gupta426@outlook.com,6664367916,Vikram Das,Meta Ads,74999,"06/05/2026, 05:14 PM",36100,HDFC Credila,Partial,
May-26,YT,DS Search Ads,GADS,DS-B10,06/05/2026,Harish Kapoor,harishkapoor@hotmail.com,8704602825,Suresh Bhat,WhatsApp,81999,"19/05/2026, 05:38 PM",31700,Eduvanz,Paid,
May-26,YT,CS Search Ads,GSN,CS-B04,16/05/2026,Deepak Verma,deepakverma@outlook.com,6698741276,Meera Pillai,Google Ads,56999,"26/05/2026, 06:55 PM",15200,Propelld,Paid,
May-26,ADS Referral,AI/ML Search Ads,GSN,AIML-B03,28/05/2026,Aditya Patel,aditya_patel@rediffmail.com,7183590505,Arjun Nair,YouTube,89999,"15/05/2026, 04:20 PM",33100,Self Finance,Partial,
May-26,ADS,AI/ML Search Ads,SEM,AIML-B03,02/05/2026,Amit Mehta,amit.mehta@hotmail.com,9445549484,Priya Sharma,Organic,85999,"17/05/2026, 09:56 PM",33200,Eduvanz,Pending,
May-26,ADS,BA Meta Ads,INST,BA-B05,03/05/2026,Meera Das,meeradas@outlook.com,8924823295,Arjun Nair,Google Ads,53999,"11/05/2026, 07:51 PM",20300,Eduvanz,Paid,
May-26,YT Referral,BA Search Ads,GSN,BA-B06,25/05/2026,Gaurav Ghosh,gaurav.ghosh@outlook.com,7223608681,Suresh Bhat,Meta Ads,47999,"06/05/2026, 07:16 PM",21100,Propelld,Partial,
May-26,ADS,DS Search Ads,GADS,DS-B08,30/05/2026,Swati Fernandes,swati_fernandes@rediffmail.com,7945919871,Ananya Joshi,Referral,63999,"11/05/2026, 10:47 AM",23700,Self Finance,Paid,
May-26,ADS,DS Meta Ads,META,DS-B10,25/05/2026,Deepak Yadav,deepakyadav@gmail.com,9762442897,Deepak Verma,Referral,60999,"31/05/2026, 01:41 PM",23200,HDFC Credila,Partial,
May-26,YT,DA Meta Ads,META,DA-B13,22/05/2026,Vinay Das,vinaydas287@hotmail.com,9972458876,Rahul Menon,YouTube,56999,"14/05/2026, 04:11 PM",25900,HDFC Credila,Paid,
May-26,YT Referral,DS Meta Ads,FB,DS-B09,16/05/2026,Harish Kapoor,harishkapoor460@gmail.com,7680048150,Arjun Nair,Meta Ads,83999,"28/05/2026, 08:08 PM",41700,Self Finance,Loan Disbursed,
May-26,YT Referral,DA Meta Ads,META,DA-B14,11/05/2026,Karan Iyer,karan_iyer598@hotmail.com,9987121754,Suresh Bhat,Meta Ads,54999,"24/05/2026, 04:49 PM",22200,Eduvanz,Paid,
May-26,ADS,DM Meta Ads,FB,DM-B08,05/05/2026,Chetan Shetty,chetanshetty636@outlook.com,8607335330,Deepak Verma,Google Ads,49999,"18/05/2026, 11:12 AM",17600,,Loan Disbursed,
May-26,YT,AI/ML Search Ads,GSN,AIML-B03,17/05/2026,Kiran Reddy,kiranreddy813@yahoo.com,6538373754,Arjun Nair,Google Ads,81999,"07/05/2026, 12:20 PM",19300,NBFC Direct,Paid,
May-26,ADS Referral,CS Search Ads,GADS,CS-B05,17/05/2026,Kavya Varma,kavya_varma@hotmail.com,8354000211,Ananya Joshi,Organic,63999,"28/05/2026, 03:01 PM",14000,Self Finance,Paid,
May-26,ADS,CS Search Ads,GADS,CS-B05,13/05/2026,Bhavna Shah,bhavna.shah687@rediffmail.com,6877938158,Meera Pillai,Meta Ads,66999,"04/05/2026, 11:10 AM",16800,Self Finance,Paid,
May-26,ADS Referral,AI/ML Search Ads,GSN,AIML-B02,17/05/2026,Geeta Fernandes,geetafernandes218@gmail.com,8282390738,Priya Sharma,Google Ads,81999,"29/05/2026, 04:28 PM",17700,Self Finance,Paid,
May-26,ADS,BA Meta Ads,META,BA-B06,20/05/2026,Sonia Kapoor,sonia.kapoor@gmail.com,6505697459,Priya Sharma,Google Ads,54999,"23/05/2026, 09:39 AM",20600,Self Finance,Partial,
May-26,ADS,BA Search Ads,GSN,BA-B06,26/05/2026,Kritika Das,kritika.das@gmail.com,6546794634,Sneha Iyer,Organic,58999,"22/05/2026, 06:13 PM",17100,Eduvanz,Paid,
May-26,YT,DS Search Ads,GSN,DS-B08,31/05/2026,Aryan Mehta,aryan.mehta848@outlook.com,6852562878,Priya Sharma,Organic,79999,"28/05/2026, 07:15 PM",25700,Eduvanz,Loan Disbursed,01/05/2026
May-26,YT,DS Meta Ads,FB,DS-B09,03/05/2026,Vishal Mehta,vishal.mehta263@rediffmail.com,8405196315,Sneha Iyer,Google Ads,83999,"10/05/2026, 11:20 AM",21500,Auxilo,Partial,
May-26,ADS Referral,BA Meta Ads,INST,BA-B06,28/05/2026,Rohan Hegde,rohanhegde@hotmail.com,8822934295,Sneha Iyer,YouTube,50999,"17/05/2026, 03:14 PM",18300,Propelld,Paid,
May-26,ADS,DA Search Ads,GADS,DA-B13,06/05/2026,Vishal Tiwari,vishal.tiwari@rediffmail.com,6224799249,Rahul Menon,Google Ads,67999,"29/05/2026, 09:22 PM",19200,Self Finance,Paid,
May-26,ADS,AI/ML Search Ads,SEM,AIML-B02,10/05/2026,Kritika Chopra,kritika_chopra@yahoo.com,6562035348,Arjun Nair,Meta Ads,76999,"04/05/2026, 07:43 PM",31800,Eduvanz,Partial,
May-26,YT,BA Meta Ads,META,BA-B05,28/05/2026,Kritika Bose,kritikabose@rediffmail.com,6024082635,Ananya Joshi,Meta Ads,47999,"12/05/2026, 06:56 PM",23700,Self Finance,Paid,
May-26,YT,DS Search Ads,GADS,DS-B09,05/05/2026,Kavya Reddy,kavya_reddy@hotmail.com,9308826384,Sneha Iyer,YouTube,79999,"19/05/2026, 05:52 PM",36000,,Partial,
May-26,ADS,Gen AI Search Ads,SEM,GENAI-B03,21/05/2026,Sahil Murthy,sahil_murthy35@yahoo.com,8841020942,Vikram Das,Referral,56999,"12/05/2026, 02:19 PM",26800,HDFC Credila,Paid,
May-26,ADS,DM Meta Ads,INST,DM-B08,16/05/2026,Harish Verma,harishverma264@rediffmail.com,8379343585,Deepak Verma,Meta Ads,42999,"26/05/2026, 07:31 PM",20300,Self Finance,Paid,
May-26,ADS,AI/ML Search Ads,SEM,AIML-B02,05/05/2026,Uday Kapoor,uday.kapoor@hotmail.com,6577990851,Sneha Iyer,Google Ads,80999,"26/05/2026, 12:18 PM",40300,Eduvanz,Loan Disbursed,18/05/2026
May-26,ADS Referral,DS Search Ads,GADS,DS-B09,31/05/2026,Lakshmi Menon,lakshmimenon@rediffmail.com,6471664581,Deepak Verma,Organic,72999,"18/05/2026, 01:05 PM",28500,Self Finance,Paid,
May-26,ADS,CS Search Ads,GSN,CS-B04,31/05/2026,Pooja Fernandes,pooja_fernandes400@gmail.com,9544202017,Sneha Iyer,Meta Ads,60999,"18/05/2026, 07:36 PM",30200,Self Finance,Loan Disbursed,
May-26,ADS Referral,Gen AI Meta Ads,META,GENAI-B04,24/05/2026,Sonia Shetty,soniashetty771@rediffmail.com,9729564363,Kavya Reddy,Google Ads,60999,"09/05/2026, 10:45 PM",16500,Propelld,Partial,
May-26,ADS,DS Search Ads,GADS,DS-B10,15/05/2026,Kritika Chopra,kritikachopra@yahoo.com,6432779687,Suresh Bhat,Referral,69999,"21/05/2026, 11:14 AM",24700,Self Finance,Pending,
May-26,YT Referral,Gen AI Search Ads,GSN,GENAI-B04,21/05/2026,Kritika Singh,kritika_singh@yahoo.com,9864737513,Sneha Iyer,Google Ads,55999,"31/05/2026, 10:33 PM",17800,HDFC Credila,Paid,
May-26,ADS,Gen AI Meta Ads,META,GENAI-B04,02/05/2026,Yash Singh,yash_singh@outlook.com,7272346411,Vikram Das,Meta Ads,73999,"04/05/2026, 10:41 AM",26800,Self Finance,Loan Disbursed,
May-26,YT Referral,DA Meta Ads,INST,DA-B13,09/05/2026,Kiran Naidu,kiran_naidu423@hotmail.com,7276162429,Sneha Iyer,Meta Ads,57999,"31/05/2026, 06:07 PM",23800,HDFC Credila,Partial,
May-26,ADS,Gen AI Meta Ads,FB,GENAI-B03,10/05/2026,Pallavi Pandey,pallavi_pandey131@hotmail.com,7276069691,Arjun Nair,WhatsApp,57999,"31/05/2026, 09:20 PM",21800,Auxilo,Paid,
May-26,ADS,Gen AI Search Ads,GADS,GENAI-B04,17/05/2026,Gaurav Rajan,gaurav_rajan@hotmail.com,9012175807,Suresh Bhat,YouTube,67999,"05/05/2026, 10:51 PM",15800,Propelld,Partial,
May-26,ADS,Gen AI Meta Ads,FB,GENAI-B03,19/05/2026,Pradeep Menon,pradeepmenon503@yahoo.com,9754957328,Priya Sharma,YouTube,74999,"26/05/2026, 10:54 AM",33000,,Partial,
May-26,ADS,Gen AI Search Ads,SEM,GENAI-B04,21/05/2026,Chetan Sharma,chetansharma138@yahoo.com,6938795240,Sneha Iyer,Referral,67999,"11/05/2026, 12:26 PM",17000,Self Finance,Paid,
May-26,ADS,Gen AI Search Ads,SEM,GENAI-B04,22/05/2026,Kavya Shah,kavya.shah@outlook.com,7228467624,Meera Pillai,Google Ads,57999,"07/05/2026, 09:30 AM",22000,Self Finance,Paid,
May-26,ADS,DA Meta Ads,META,DA-B13,01/05/2026,Akash Verma,akashverma20@rediffmail.com,7671560149,Vikram Das,Meta Ads,60999,"14/05/2026, 08:58 PM",20400,HDFC Credila,Paid,
May-26,YT,AI/ML Search Ads,GSN,AIML-B03,05/05/2026,Nandini Naidu,nandini.naidu@hotmail.com,7529530314,Arjun Nair,Organic,67999,"21/05/2026, 04:24 PM",31700,Propelld,Paid,
May-26,ADS,Gen AI Meta Ads,FB,GENAI-B04,29/05/2026,Divya Rajan,divya_rajan370@hotmail.com,9041685364,Vikram Das,Google Ads,61999,"21/05/2026, 09:51 AM",18300,Propelld,Partial,
May-26,ADS,Gen AI Search Ads,GADS,GENAI-B03,18/05/2026,Arjun Pandey,arjun.pandey487@outlook.com,7945579960,Priya Sharma,WhatsApp,58999,"26/05/2026, 04:07 PM",28400,Self Finance,Partial,
May-26,ADS,AI/ML Search Ads,SEM,AIML-B02,14/05/2026,Geeta Ghosh,geeta_ghosh121@yahoo.com,8562164902,Priya Sharma,Meta Ads,87999,"29/05/2026, 09:23 AM",29300,Self Finance,Pending,
May-26,ADS Referral,DA Meta Ads,META,DA-B12,03/05/2026,Mohit Naidu,mohit_naidu353@outlook.com,9874663128,Priya Sharma,Meta Ads,57999,"19/05/2026, 01:21 PM",20500,Auxilo,Refunded,
May-26,YT,CS Search Ads,GSN,CS-B05,01/05/2026,Amit Ghosh,amitghosh764@rediffmail.com,9927654355,Sneha Iyer,Google Ads,54999,"17/05/2026, 01:59 PM",14900,Self Finance,Pending,
May-26,ADS,CS Search Ads,GSN,CS-B04,31/05/2026,Rohan Tiwari,rohan_tiwari587@outlook.com,6050656114,Vikram Das,Google Ads,64999,"09/05/2026, 10:16 PM",19700,,Paid,
May-26,YT,DA Search Ads,SEM,DA-B13,08/05/2026,Tanvi Sharma,tanvi.sharma783@gmail.com,7359061919,Sneha Iyer,Meta Ads,63999,"11/05/2026, 09:54 AM",20100,Self Finance,Paid,
May-26,YT Referral,DA Search Ads,GADS,DA-B14,06/05/2026,Karan Bose,karan.bose233@hotmail.com,8668738706,Priya Sharma,Google Ads,52999,"02/05/2026, 01:07 PM",24800,Self Finance,Paid,
May-26,ADS,BA Search Ads,GSN,BA-B06,09/05/2026,Hemant Pillai,hemant.pillai145@yahoo.com,6666199861,Sneha Iyer,YouTube,52999,"14/05/2026, 09:33 AM",14500,Propelld,Partial,
May-26,YT,DA Meta Ads,FB,DA-B13,25/05/2026,Sonia Fernandes,sonia_fernandes@hotmail.com,9484244559,Sneha Iyer,Meta Ads,62999,"02/05/2026, 10:14 PM",29100,,Loan Disbursed,
May-26,ADS Referral,CS Search Ads,GSN,CS-B04,14/05/2026,Nikhil Agarwal,nikhilagarwal60@gmail.com,7951056508,Suresh Bhat,Google Ads,51999,"15/05/2026, 06:08 PM",23500,HDFC Credila,Paid,
May-26,ADS Referral,DA Search Ads,SEM,DA-B14,12/05/2026,Gaurav Sharma,gaurav_sharma@gmail.com,8629758908,Vikram Das,Referral,54999,"30/05/2026, 10:32 AM",21800,Self Finance,Pending,
May-26,YT,DA Search Ads,SEM,DA-B12,21/05/2026,Nandini Joshi,nandini.joshi924@rediffmail.com,7365423357,Suresh Bhat,Meta Ads,50999,"01/05/2026, 12:00 PM",13600,Eduvanz,Partial,
May-26,YT,CS Search Ads,GSN,CS-B05,27/05/2026,Pallavi Hegde,pallavihegde402@hotmail.com,9127620848,Deepak Verma,Referral,56999,"21/05/2026, 02:23 PM",12400,Propelld,Paid,
May-26,ADS Referral,BA Meta Ads,META,BA-B05,02/05/2026,Meera Kumar,meerakumar846@yahoo.com,8855471264,Arjun Nair,Google Ads,52999,"14/05/2026, 02:04 PM",24000,Self Finance,Paid,
May-26,ADS,DA Search Ads,GSN,DA-B13,29/05/2026,Vishal Agarwal,vishal_agarwal@outlook.com,9144161573,Arjun Nair,Meta Ads,51999,"12/05/2026, 03:19 PM",16600,Self Finance,Paid,
May-26,ADS,CS Search Ads,GADS,CS-B04,08/05/2026,Yash Desai,yash.desai@outlook.com,8521611358,Sneha Iyer,Meta Ads,51999,"21/05/2026, 07:03 PM",21200,Eduvanz,Pending,
May-26,ADS Referral,DS Meta Ads,FB,DS-B10,24/05/2026,Dhruv Tiwari,dhruv_tiwari@yahoo.com,6002606933,Priya Sharma,Meta Ads,65999,"28/05/2026, 11:52 AM",23500,Eduvanz,Paid,
May-26,ADS Referral,DA Search Ads,GSN,DA-B13,27/05/2026,Ravi Kapoor,ravi.kapoor311@gmail.com,6794299250,Rahul Menon,Google Ads,50999,"18/05/2026, 09:53 PM",19400,,Paid,
May-26,YT,DA Search Ads,GSN,DA-B12,18/05/2026,Dhruv Rao,dhruv.rao592@outlook.com,9474833527,Rahul Menon,Referral,54999,"04/05/2026, 10:03 AM",20700,,Paid,
May-26,ADS,Gen AI Meta Ads,FB,GENAI-B03,27/05/2026,Deepak Reddy,deepakreddy25@outlook.com,6063703951,Arjun Nair,Meta Ads,62999,"25/05/2026, 04:11 PM",16600,Propelld,Paid,
May-26,YT,DA Meta Ads,INST,DA-B12,15/05/2026,Kavya Mehta,kavyamehta351@yahoo.com,8521923227,Deepak Verma,Organic,59999,"09/05/2026, 10:13 PM",13600,Self Finance,Paid,
May-26,ADS,Gen AI Search Ads,GSN,GENAI-B03,19/05/2026,Sonia Gupta,sonia_gupta@gmail.com,7772239685,Vikram Das,Google Ads,62999,"20/05/2026, 01:39 PM",20300,Self Finance,Partial,
May-26,ADS Referral,DS Search Ads,GSN,DS-B08,29/05/2026,Ishaan Patel,ishaan_patel565@gmail.com,9855499741,Rahul Menon,Organic,63999,"04/05/2026, 07:20 PM",17300,HDFC Credila,Partial,
May-26,ADS,DA Search Ads,GSN,DA-B13,13/05/2026,Ananya Sharma,ananyasharma@outlook.com,9241062349,Ananya Joshi,Meta Ads,51999,"01/05/2026, 10:08 PM",14000,Self Finance,Partial,
May-26,ADS,DA Meta Ads,FB,DA-B13,06/05/2026,Bhavna Menon,bhavna_menon535@yahoo.com,7563213528,Arjun Nair,Meta Ads,68999,"08/05/2026, 12:17 PM",26300,,Pending,
May-26,YT,DA Meta Ads,META,DA-B13,19/05/2026,Deepa Chopra,deepa.chopra155@outlook.com,7230972589,Deepak Verma,Email,55999,"02/05/2026, 01:14 PM",17900,Self Finance,Partial,
May-26,ADS Referral,DA Search Ads,SEM,DA-B14,07/05/2026,Amit Naidu,amit_naidu706@outlook.com,6462419546,Rahul Menon,YouTube,55999,"23/05/2026, 04:51 PM",17700,Self Finance,Paid,
May-26,ADS Referral,DS Search Ads,SEM,DS-B08,26/05/2026,Arjun Hegde,arjun.hegde@outlook.com,7770722292,Priya Sharma,Meta Ads,77999,"26/05/2026, 09:04 PM",37200,Self Finance,Partial,
May-26,YT,CS Search Ads,GADS,CS-B04,05/05/2026,Divya Pillai,divya_pillai212@outlook.com,9736712808,Sneha Iyer,Google Ads,51999,"30/05/2026, 09:38 PM",24600,Eduvanz,Paid,
May-26,ADS,DS Search Ads,SEM,DS-B09,18/05/2026,Shruti Menon,shruti_menon@outlook.com,9050580317,Arjun Nair,YouTube,80999,"04/05/2026, 04:50 PM",28600,Eduvanz,Paid,
May-26,YT Referral,BA Search Ads,GADS,BA-B05,19/05/2026,Sahil Singh,sahilsingh@outlook.com,6393576337,Priya Sharma,Organic,45999,"05/05/2026, 09:30 AM",17500,Propelld,Partial,
May-26,YT Referral,AI/ML Search Ads,GSN,AIML-B03,03/05/2026,Deepak Tiwari,deepak_tiwari597@yahoo.com,9175677439,Vikram Das,Referral,66999,"07/05/2026, 06:24 PM",14100,Auxilo,Paid,
May-26,ADS,DS Meta Ads,FB,DS-B09,13/05/2026,Karan Chopra,karan.chopra391@hotmail.com,8152536200,Rahul Menon,Meta Ads,72999,"09/05/2026, 02:09 PM",29100,Self Finance,Paid,
May-26,ADS,BA Meta Ads,META,BA-B05,24/05/2026,Kritika Patel,kritikapatel@hotmail.com,8364121817,Suresh Bhat,Google Ads,59999,"01/05/2026, 09:10 AM",23000,Self Finance,Pending,
May-26,YT,DA Search Ads,GADS,DA-B12,02/05/2026,Priya Reddy,priyareddy225@gmail.com,8643478022,Ananya Joshi,Google Ads,63999,"03/05/2026, 12:55 PM",26900,,Paid,
May-26,ADS,BA Meta Ads,INST,BA-B06,25/05/2026,Sonia Sharma,sonia_sharma@rediffmail.com,8870538441,Arjun Nair,Google Ads,57999,"10/05/2026, 02:29 PM",22000,HDFC Credila,Partial,
May-26,YT Referral,DM Meta Ads,INST,DM-B08,20/05/2026,Kritika Reddy,kritika_reddy591@outlook.com,6189979960,Suresh Bhat,Meta Ads,42999,"16/05/2026, 08:39 PM",15400,,Partial,
May-26,ADS,Gen AI Search Ads,GADS,GENAI-B04,12/05/2026,Amit Reddy,amit_reddy182@rediffmail.com,6560669330,Rahul Menon,Google Ads,77999,"15/05/2026, 12:55 PM",33700,Self Finance,Paid,
May-26,YT Referral,AI/ML Search Ads,SEM,AIML-B03,21/05/2026,Deepa Rajan,deepa_rajan998@yahoo.com,8332667433,Vikram Das,Meta Ads,66999,"09/05/2026, 09:21 AM",18100,Auxilo,Paid,
May-26,YT,BA Meta Ads,META,BA-B05,22/05/2026,Pradeep Yadav,pradeep_yadav908@gmail.com,8291622944,Rahul Menon,Google Ads,49999,"28/05/2026, 09:55 PM",25000,Self Finance,Pending,
May-26,YT Referral,BA Search Ads,GADS,BA-B05,14/05/2026,Jaya Iyer,jaya_iyer725@yahoo.com,9959220494,Vikram Das,Google Ads,45999,"31/05/2026, 03:53 PM",16900,HDFC Credila,Paid,
May-26,ADS Referral,Gen AI Meta Ads,META,GENAI-B03,24/05/2026,Manish Kumar,manish_kumar500@gmail.com,8099540212,Meera Pillai,YouTube,62999,"30/05/2026, 01:22 PM",17600,Auxilo,Paid,
May-26,YT Referral,DA Meta Ads,FB,DA-B14,04/05/2026,Bhavna Varma,bhavna_varma618@gmail.com,8212127594,Sneha Iyer,Meta Ads,64999,"03/05/2026, 07:49 PM",31600,Propelld,Paid,
May-26,ADS Referral,DA Search Ads,SEM,DA-B13,02/05/2026,Akash Chopra,akashchopra@hotmail.com,6357906334,Meera Pillai,Meta Ads,58999,"08/05/2026, 05:40 PM",13700,Self Finance,Partial,
May-26,ADS,DA Search Ads,GSN,DA-B13,24/05/2026,Sakshi Yadav,sakshi_yadav@hotmail.com,6497228187,Ananya Joshi,Organic,57999,"03/05/2026, 10:49 AM",26500,Self Finance,Loan Disbursed,
May-26,ADS,DA Search Ads,SEM,DA-B14,20/05/2026,Nandini Yadav,nandini.yadav14@rediffmail.com,7066681242,Rahul Menon,YouTube,55999,"25/05/2026, 10:24 AM",24000,NBFC Direct,Refunded,
May-26,ADS Referral,DA Meta Ads,FB,DA-B14,25/05/2026,Hemant Patel,hemantpatel858@hotmail.com,8179925201,Kavya Reddy,Email,56999,"05/05/2026, 02:39 PM",14000,Self Finance,Paid,
May-26,YT,DM Meta Ads,FB,DM-B07,05/05/2026,Shruti Verma,shruti_verma@gmail.com,8014590088,Rahul Menon,Google Ads,48999,"15/05/2026, 04:03 PM",19500,,Paid,
May-26,ADS Referral,BA Search Ads,GSN,BA-B05,02/05/2026,Yash Pillai,yash.pillai782@yahoo.com,8005708474,Meera Pillai,Google Ads,52999,"30/05/2026, 11:06 AM",12000,Eduvanz,Paid,
May-26,ADS,Gen AI Meta Ads,FB,GENAI-B04,14/05/2026,Akash Nair,akash_nair@hotmail.com,6217840877,Sneha Iyer,YouTube,57999,"19/05/2026, 09:24 AM",12500,Propelld,Refunded,
May-26,ADS,BA Meta Ads,INST,BA-B06,27/05/2026,Sonia Tiwari,sonia.tiwari@hotmail.com,7981402916,Deepak Verma,Google Ads,49999,"16/05/2026, 05:26 PM",13900,Eduvanz,Paid,
May-26,ADS Referral,Gen AI Meta Ads,META,GENAI-B04,20/05/2026,Dhruv Shetty,dhruv_shetty@outlook.com,7183324445,Priya Sharma,Google Ads,67999,"25/05/2026, 07:11 PM",14300,Self Finance,Partial,
May-26,YT,DS Search Ads,GSN,DS-B10,05/05/2026,Chetan Naidu,chetan.naidu377@rediffmail.com,6027161481,Deepak Verma,WhatsApp,70999,"11/05/2026, 09:14 PM",32800,,Paid,
May-26,ADS,AI/ML Search Ads,SEM,AIML-B03,07/05/2026,Isha Patel,isha.patel@outlook.com,8826236182,Meera Pillai,YouTube,81999,"29/05/2026, 04:48 PM",20800,,Paid,
May-26,ADS Referral,BA Search Ads,GSN,BA-B05,04/05/2026,Manish Sharma,manish_sharma544@gmail.com,8302086874,Priya Sharma,YouTube,58999,"26/05/2026, 09:57 AM",23500,Self Finance,Paid,
May-26,ADS Referral,DS Meta Ads,META,DS-B09,03/05/2026,Esha Reddy,esha.reddy570@yahoo.com,6455243146,Sneha Iyer,Organic,70999,"29/05/2026, 12:36 PM",17900,,Paid,
May-26,ADS,CS Search Ads,GSN,CS-B04,06/05/2026,Nandini Hegde,nandinihegde60@rediffmail.com,7138365134,Deepak Verma,Referral,50999,"13/05/2026, 07:28 PM",16900,Self Finance,Pending,
May-26,YT,Gen AI Meta Ads,META,GENAI-B03,24/05/2026,Akash Gupta,akash.gupta@outlook.com,6876071149,Sneha Iyer,Organic,71999,"25/05/2026, 03:34 PM",29200,Self Finance,Paid,
May-26,ADS,DS Search Ads,SEM,DS-B09,26/05/2026,Aditya Shah,adityashah@rediffmail.com,9684013869,Sneha Iyer,YouTube,84999,"22/05/2026, 09:05 PM",33900,,Paid,
May-26,ADS,DS Search Ads,GADS,DS-B08,17/05/2026,Uday Verma,udayverma@gmail.com,6788092893,Vikram Das,WhatsApp,62999,"26/05/2026, 01:15 PM",23200,Self Finance,Partial,
May-26,ADS,DS Search Ads,SEM,DS-B08,19/05/2026,Geeta Bose,geeta_bose@gmail.com,7644458346,Vikram Das,YouTube,69999,"24/05/2026, 01:42 PM",25400,Self Finance,Partial,
May-26,YT Referral,CS Search Ads,GSN,CS-B05,21/05/2026,Suresh Tiwari,suresh_tiwari531@gmail.com,6378419989,Arjun Nair,WhatsApp,52999,"07/05/2026, 06:57 PM",26500,Self Finance,Paid,
May-26,YT Referral,BA Search Ads,GSN,BA-B05,05/05/2026,Suresh Murthy,sureshmurthy625@outlook.com,7423299862,Deepak Verma,YouTube,57999,"30/05/2026, 07:39 PM",21800,Self Finance,Pending,
May-26,ADS Referral,DS Meta Ads,FB,DS-B09,05/05/2026,Kiran Joshi,kiran.joshi668@yahoo.com,6630606762,Suresh Bhat,Referral,67999,"18/05/2026, 02:56 PM",22300,Eduvanz,Partial,
May-26,ADS,DS Meta Ads,FB,DS-B10,28/05/2026,Kritika Bose,kritikabose@outlook.com,9660106378,Priya Sharma,Google Ads,62999,"12/05/2026, 08:44 PM",19600,Propelld,Paid,
May-26,ADS,BA Meta Ads,INST,BA-B05,27/05/2026,Deepak Hegde,deepak.hegde801@rediffmail.com,8746791813,Suresh Bhat,Meta Ads,46999,"16/05/2026, 07:19 PM",23300,Propelld,Paid,
May-26,ADS Referral,DM Meta Ads,FB,DM-B08,13/05/2026,Aditya Tiwari,aditya_tiwari928@hotmail.com,7350896573,Rahul Menon,Meta Ads,36999,"03/05/2026, 06:01 PM",11700,Self Finance,Paid,
May-26,YT,DM Meta Ads,FB,DM-B07,31/05/2026,Lakshmi Reddy,lakshmireddy946@outlook.com,7245005696,Rahul Menon,Google Ads,49999,"30/05/2026, 04:12 PM",21400,Propelld,Partial,
May-26,ADS Referral,DA Meta Ads,META,DA-B12,08/05/2026,Nikhil Pandey,nikhil.pandey@yahoo.com,6336392697,Priya Sharma,Organic,57999,"22/05/2026, 09:32 AM",20700,Self Finance,Partial,
May-26,YT,BA Search Ads,GADS,BA-B06,02/05/2026,Sneha Rao,sneha_rao@hotmail.com,9290889159,Kavya Reddy,YouTube,51999,"21/05/2026, 08:26 PM",11700,Self Finance,Paid,
May-26,YT,AI/ML Search Ads,GSN,AIML-B03,20/05/2026,Dhruv Chopra,dhruv.chopra188@yahoo.com,7469581865,Kavya Reddy,Google Ads,75999,"12/05/2026, 02:12 PM",26300,HDFC Credila,Paid,
May-26,ADS Referral,BA Search Ads,GADS,BA-B06,29/05/2026,Vishal Ghosh,vishalghosh@outlook.com,6110880095,Vikram Das,Google Ads,47999,"15/05/2026, 10:12 PM",22300,,Paid,
May-26,YT Referral,AI/ML Search Ads,SEM,AIML-B03,27/05/2026,Shruti Joshi,shrutijoshi146@yahoo.com,6826291389,Suresh Bhat,Meta Ads,65999,"14/05/2026, 10:34 AM",15800,Self Finance,Paid,
May-26,ADS,DA Search Ads,GSN,DA-B14,02/05/2026,Dhruv Rao,dhruv.rao@hotmail.com,7837995540,Priya Sharma,Meta Ads,51999,"08/05/2026, 09:03 PM",20300,Eduvanz,Paid,
May-26,YT,Gen AI Search Ads,SEM,GENAI-B04,12/05/2026,Jaya Kapoor,jaya_kapoor@gmail.com,8494256156,Kavya Reddy,Meta Ads,57999,"01/05/2026, 05:06 PM",24800,NBFC Direct,Paid,
May-26,ADS Referral,BA Meta Ads,INST,BA-B06,27/05/2026,Divya Menon,divyamenon840@outlook.com,6566846636,Vikram Das,Meta Ads,48999,"30/05/2026, 12:38 PM",15200,Self Finance,Pending,
May-26,ADS,Gen AI Meta Ads,FB,GENAI-B03,30/05/2026,Kritika Reddy,kritika_reddy551@hotmail.com,6191197548,Meera Pillai,Meta Ads,75999,"11/05/2026, 10:48 AM",36300,HDFC Credila,Paid,
May-26,ADS,Gen AI Meta Ads,META,GENAI-B03,26/05/2026,Isha Rajan,isharajan@outlook.com,9857299027,Kavya Reddy,Referral,61999,"16/05/2026, 10:51 PM",29700,Self Finance,Partial,
May-26,ADS Referral,Gen AI Meta Ads,FB,GENAI-B03,25/05/2026,Kavya Hegde,kavyahegde@outlook.com,9318516275,Ananya Joshi,Meta Ads,61999,"25/05/2026, 10:12 PM",17400,Propelld,Paid,
May-26,ADS,DM Meta Ads,FB,DM-B08,20/05/2026,Shruti Kumar,shrutikumar476@outlook.com,9101934334,Ananya Joshi,YouTube,49999,"26/05/2026, 12:33 PM",14100,Self Finance,Loan Disbursed,
May-26,ADS,AI/ML Search Ads,GSN,AIML-B03,13/05/2026,Bhavna Mehta,bhavnamehta316@yahoo.com,9823332352,Priya Sharma,Google Ads,74999,"29/05/2026, 01:49 PM",18400,Propelld,Partial,
May-26,ADS,CS Search Ads,GSN,CS-B04,10/05/2026,Jaya Nair,jaya_nair948@hotmail.com,6456669607,Deepak Verma,Google Ads,65999,"15/05/2026, 09:27 PM",14800,Self Finance,Paid,
May-26,ADS,Gen AI Search Ads,GSN,GENAI-B04,03/05/2026,Bhavna Sharma,bhavna_sharma652@rediffmail.com,8563896166,Priya Sharma,Meta Ads,76999,"29/05/2026, 06:00 PM",17200,Eduvanz,Paid,
May-26,ADS Referral,DM Meta Ads,FB,DM-B07,09/05/2026,Harish Singh,harish.singh@rediffmail.com,6281454667,Arjun Nair,Meta Ads,45999,"13/05/2026, 11:02 AM",13700,Self Finance,Paid,
May-26,YT Referral,Gen AI Meta Ads,FB,GENAI-B03,11/05/2026,Amit Singh,amitsingh@outlook.com,8652390924,Suresh Bhat,Google Ads,75999,"17/05/2026, 12:17 PM",20100,,Paid,
May-26,YT Referral,DA Search Ads,GSN,DA-B14,10/05/2026,Rohit Fernandes,rohitfernandes549@rediffmail.com,8571605674,Priya Sharma,Meta Ads,56999,"25/05/2026, 05:29 PM",27300,NBFC Direct,Paid,
May-26,ADS,DM Meta Ads,INST,DM-B07,31/05/2026,Aryan Menon,aryanmenon737@yahoo.com,6202041773,Arjun Nair,YouTube,49999,"24/05/2026, 11:50 AM",20800,Self Finance,Paid,
May-26,YT,AI/ML Search Ads,SEM,AIML-B02,04/05/2026,Anjali Agarwal,anjaliagarwal@outlook.com,7124428162,Ananya Joshi,Google Ads,83999,"08/05/2026, 12:08 PM",20400,,Loan Disbursed,
May-26,ADS,BA Meta Ads,META,BA-B05,11/05/2026,Ananya Pillai,ananya.pillai414@gmail.com,7749595010,Deepak Verma,Meta Ads,48999,"14/05/2026, 10:26 AM",17000,,Partial,
May-26,ADS,AI/ML Search Ads,SEM,AIML-B03,24/05/2026,Mohit Reddy,mohit.reddy@gmail.com,9344678707,Rahul Menon,Referral,80999,"06/05/2026, 03:58 PM",23000,Self Finance,Paid,
May-26,ADS Referral,DA Search Ads,GSN,DA-B12,03/05/2026,Deepak Tiwari,deepaktiwari258@hotmail.com,9870593224,Meera Pillai,Meta Ads,54999,"07/05/2026, 01:53 PM",18900,Eduvanz,Pending,
May-26,YT Referral,Gen AI Meta Ads,FB,GENAI-B04,20/05/2026,Vinay Reddy,vinayreddy273@yahoo.com,6378097151,Deepak Verma,Meta Ads,65999,"01/05/2026, 01:15 PM",14100,HDFC Credila,Loan Disbursed,30/05/2026
May-26,ADS,DA Meta Ads,FB,DA-B12,22/05/2026,Yash Rao,yash.rao131@gmail.com,6655896548,Ananya Joshi,Google Ads,64999,"20/05/2026, 05:09 PM",13600,HDFC Credila,Paid,
May-26,YT,DA Search Ads,GSN,DA-B14,14/05/2026,Sneha Shetty,snehashetty@rediffmail.com,7939656416,Kavya Reddy,WhatsApp,64999,"02/05/2026, 11:47 AM",13200,,Loan Disbursed,
May-26,ADS,Gen AI Search Ads,GADS,GENAI-B04,13/05/2026,Gaurav Yadav,gaurav_yadav887@outlook.com,8279025115,Deepak Verma,YouTube,65999,"25/05/2026, 10:35 PM",25600,HDFC Credila,Paid,
May-26,YT,DA Search Ads,GADS,DA-B13,04/05/2026,Sandeep Pillai,sandeeppillai@gmail.com,6095239532,Rahul Menon,Email,54999,"12/05/2026, 11:00 AM",15000,Self Finance,Partial,
May-26,ADS Referral,DS Meta Ads,META,DS-B08,18/05/2026,Lakshmi Pandey,lakshmi_pandey@gmail.com,8239669451,Rahul Menon,Meta Ads,71999,"31/05/2026, 09:41 AM",15800,Self Finance,Paid,
May-26,ADS,DA Search Ads,SEM,DA-B14,13/05/2026,Vishal Murthy,vishalmurthy@gmail.com,8050627690,Arjun Nair,WhatsApp,62999,"23/05/2026, 12:21 PM",28100,Eduvanz,Loan Disbursed,18/05/2026
May-26,ADS,DS Meta Ads,FB,DS-B10,24/05/2026,Swati Hegde,swati.hegde@yahoo.com,7889200570,Kavya Reddy,YouTube,74999,"10/05/2026, 09:46 AM",26000,Self Finance,Partial,
May-26,ADS,DS Meta Ads,META,DS-B09,08/05/2026,Tanvi Joshi,tanvijoshi26@rediffmail.com,7118705603,Arjun Nair,Meta Ads,64999,"07/05/2026, 07:52 PM",20500,Propelld,Paid,
May-26,ADS,DA Search Ads,GADS,DA-B12,11/05/2026,Karan Rajan,karan.rajan@yahoo.com,9779392443,Sneha Iyer,Meta Ads,69999,"26/05/2026, 02:06 PM",28500,Self Finance,Partial,
May-26,ADS,DA Meta Ads,META,DA-B13,30/05/2026,Rahul Mehta,rahulmehta872@gmail.com,6746341044,Meera Pillai,Google Ads,69999,"21/05/2026, 03:19 PM",19800,Self Finance,Paid,
May-26,ADS,BA Meta Ads,INST,BA-B06,02/05/2026,Isha Hegde,ishahegde@hotmail.com,9065139781,Sneha Iyer,Google Ads,50999,"13/05/2026, 07:14 PM",17300,Self Finance,Partial,
May-26,ADS,DA Search Ads,GADS,DA-B13,28/05/2026,Deepak Kumar,deepak.kumar793@hotmail.com,9272773527,Sneha Iyer,YouTube,57999,"09/05/2026, 08:19 PM",23500,Self Finance,Paid,
May-26,ADS,BA Search Ads,GADS,BA-B05,10/05/2026,Suresh Chopra,suresh_chopra831@rediffmail.com,8086667519,Deepak Verma,Google Ads,53999,"03/05/2026, 09:54 PM",24900,Eduvanz,Paid,
May-26,ADS,DA Meta Ads,INST,DA-B12,10/05/2026,Nikhil Mehta,nikhil.mehta370@gmail.com,9507637601,Deepak Verma,YouTube,51999,"08/05/2026, 02:19 PM",22000,Self Finance,Loan Disbursed,
May-26,ADS,CS Search Ads,GSN,CS-B04,18/05/2026,Hemant Agarwal,hemant_agarwal@rediffmail.com,6454504257,Sneha Iyer,Referral,52999,"12/05/2026, 12:25 PM",23900,Auxilo,Partial,
May-26,ADS Referral,DA Meta Ads,INST,DA-B13,18/05/2026,Isha Rao,isharao@gmail.com,8917874833,Arjun Nair,Meta Ads,61999,"12/05/2026, 03:37 PM",13600,Self Finance,Paid,
May-26,ADS,DA Meta Ads,INST,DA-B14,19/05/2026,Pallavi Gupta,pallavi.gupta692@rediffmail.com,6339358581,Ananya Joshi,Meta Ads,61999,"03/05/2026, 09:14 PM",26000,Self Finance,Paid,
May-26,ADS,DA Meta Ads,META,DA-B13,23/05/2026,Dhruv Reddy,dhruv_reddy@outlook.com,9140009550,Sneha Iyer,Email,66999,"28/05/2026, 06:11 PM",14600,,Paid,
May-26,YT Referral,DA Search Ads,GSN,DA-B14,31/05/2026,Divya Shah,divyashah135@rediffmail.com,6881623373,Vikram Das,Referral,58999,"16/05/2026, 04:46 PM",22800,,Paid,
May-26,YT,DA Search Ads,SEM,DA-B13,22/05/2026,Rahul Rajan,rahul.rajan@outlook.com,9923802378,Deepak Verma,Organic,54999,"02/05/2026, 07:02 PM",13700,Self Finance,Refunded,
May-26,YT,DS Search Ads,SEM,DS-B10,04/05/2026,Aditya Rao,aditya.rao759@yahoo.com,7076002093,Kavya Reddy,YouTube,71999,"27/05/2026, 02:17 PM",31800,,Paid,
May-26,ADS,DA Meta Ads,FB,DA-B13,21/05/2026,Swati Hegde,swati.hegde630@outlook.com,8827209894,Rahul Menon,Organic,53999,"21/05/2026, 02:58 PM",21500,Eduvanz,Partial,
May-26,ADS,CS Search Ads,GSN,CS-B04,13/05/2026,Sneha Sharma,snehasharma@outlook.com,8421469774,Sneha Iyer,Google Ads,64999,"17/05/2026, 10:01 PM",15900,Auxilo,Partial,
May-26,YT Referral,Gen AI Search Ads,GSN,GENAI-B03,20/05/2026,Pallavi Ghosh,pallavi.ghosh@gmail.com,7986865400,Kavya Reddy,Organic,61999,"03/05/2026, 01:50 PM",15500,Propelld,Paid,
May-26,ADS,DA Search Ads,GSN,DA-B14,01/05/2026,Akash Sharma,akash_sharma240@outlook.com,6907360941,Ananya Joshi,Organic,69999,"22/05/2026, 01:18 PM",33200,Propelld,Refunded,
May-26,YT,Gen AI Meta Ads,META,GENAI-B03,21/05/2026,Pallavi Murthy,pallavi.murthy@rediffmail.com,6487854238,Kavya Reddy,Google Ads,69999,"04/05/2026, 05:20 PM",28900,Self Finance,Paid,
May-26,ADS,DS Search Ads,GSN,DS-B08,22/05/2026,Vijay Menon,vijay_menon91@hotmail.com,9982854531,Meera Pillai,Referral,84999,"21/05/2026, 08:52 PM",40100,Propelld,Paid,
May-26,ADS,DA Search Ads,GADS,DA-B13,31/05/2026,Sahil Hegde,sahilhegde478@hotmail.com,6056022485,Priya Sharma,Meta Ads,67999,"30/05/2026, 09:02 PM",25400,,Paid,
May-26,ADS,BA Search Ads,GADS,BA-B05,23/05/2026,Vijay Yadav,vijayyadav331@hotmail.com,8112358318,Kavya Reddy,Meta Ads,54999,"12/05/2026, 03:07 PM",21800,Eduvanz,Paid,
May-26,ADS Referral,DS Meta Ads,FB,DS-B09,18/05/2026,Vijay Das,vijay_das871@yahoo.com,9259614225,Sneha Iyer,Google Ads,63999,"09/05/2026, 08:41 PM",30800,Self Finance,Partial,
May-26,ADS,DA Search Ads,GSN,DA-B14,31/05/2026,Pooja Varma,pooja.varma@hotmail.com,7497693558,Suresh Bhat,YouTube,63999,"05/05/2026, 06:53 PM",18600,Eduvanz,Pending,
May-26,ADS Referral,DA Meta Ads,FB,DA-B14,25/05/2026,Swati Shah,swatishah@outlook.com,6242626453,Deepak Verma,Google Ads,53999,"29/05/2026, 05:26 PM",15200,Self Finance,Paid,
May-26,ADS,DA Meta Ads,META,DA-B12,06/05/2026,Akash Rajan,akashrajan@yahoo.com,8134377549,Meera Pillai,Organic,59999,"15/05/2026, 04:22 PM",23000,HDFC Credila,Partial,
May-26,ADS Referral,DA Meta Ads,FB,DA-B14,16/05/2026,Gaurav Yadav,gaurav.yadav484@rediffmail.com,9416447118,Arjun Nair,Google Ads,54999,"12/05/2026, 05:33 PM",25900,Propelld,Partial,
May-26,ADS,DS Search Ads,GADS,DS-B09,03/05/2026,Vinay Rao,vinayrao@yahoo.com,8015521072,Priya Sharma,Google Ads,73999,"02/05/2026, 02:57 PM",32200,,Refunded,
May-26,ADS,DS Search Ads,SEM,DS-B08,09/05/2026,Sakshi Hegde,sakshi.hegde977@gmail.com,8559592796,Suresh Bhat,Google Ads,67999,"13/05/2026, 02:47 PM",26200,Eduvanz,Paid,
May-26,ADS,DS Search Ads,GADS,DS-B10,18/05/2026,Sandeep Singh,sandeep_singh706@yahoo.com,6195382730,Ananya Joshi,Referral,69999,"06/05/2026, 09:59 AM",33800,Self Finance,Pending,
May-26,ADS Referral,DA Search Ads,GADS,DA-B13,28/05/2026,Kavya Menon,kavya.menon21@gmail.com,6154943327,Kavya Reddy,Meta Ads,56999,"30/05/2026, 08:51 PM",24400,Self Finance,Loan Disbursed,
May-26,ADS,CS Search Ads,GSN,CS-B04,27/05/2026,Vinay Yadav,vinay_yadav@gmail.com,9997410182,Ananya Joshi,YouTube,61999,"25/05/2026, 03:56 PM",21100,Self Finance,Paid,
May-26,YT,CS Search Ads,GSN,CS-B04,02/05/2026,Sonia Jain,soniajain369@yahoo.com,6503664663,Suresh Bhat,Meta Ads,52999,"06/05/2026, 07:59 PM",23600,Self Finance,Pending,
May-26,YT,DS Search Ads,GADS,DS-B09,10/05/2026,Anjali Mehta,anjali.mehta209@hotmail.com,7398946123,Deepak Verma,Google Ads,65999,"31/05/2026, 03:25 PM",21800,HDFC Credila,Paid,
May-26,ADS,DS Meta Ads,META,DS-B09,04/05/2026,Ishaan Gupta,ishaan.gupta@outlook.com,9537196087,Meera Pillai,Meta Ads,82999,"27/05/2026, 05:26 PM",31200,Propelld,Partial,
May-26,ADS,DA Meta Ads,INST,DA-B12,28/05/2026,Ishaan Pillai,ishaan.pillai@gmail.com,7210662798,Sneha Iyer,YouTube,55999,"25/05/2026, 10:26 PM",14200,Propelld,Paid,
May-26,ADS,DA Search Ads,GSN,DA-B13,01/05/2026,Meera Fernandes,meerafernandes54@hotmail.com,7864321577,Rahul Menon,Google Ads,64999,"21/05/2026, 12:35 PM",25000,Self Finance,Paid,
May-26,ADS,Gen AI Search Ads,GADS,GENAI-B03,29/05/2026,Tanvi Pillai,tanvi_pillai@hotmail.com,9908230916,Kavya Reddy,WhatsApp,74999,"04/05/2026, 12:45 PM",32900,Self Finance,Pending,
May-26,ADS Referral,DA Search Ads,GSN,DA-B12,21/05/2026,Vinay Desai,vinaydesai893@hotmail.com,8876026128,Sneha Iyer,YouTube,52999,"18/05/2026, 03:43 PM",17000,NBFC Direct,Pending,
May-26,ADS,DS Search Ads,GSN,DS-B10,18/05/2026,Swati Mehta,swati.mehta@yahoo.com,7187351296,Meera Pillai,Google Ads,83999,"11/05/2026, 05:07 PM",23900,Eduvanz,Paid,
May-26,YT,DA Meta Ads,META,DA-B12,02/05/2026,Divya Singh,divyasingh@gmail.com,7379892064,Deepak Verma,Email,59999,"01/05/2026, 09:26 AM",14900,,Partial,
May-26,YT Referral,DS Meta Ads,FB,DS-B10,18/05/2026,Ishaan Iyer,ishaan.iyer@yahoo.com,6042041366,Rahul Menon,Google Ads,61999,"31/05/2026, 04:30 PM",28500,NBFC Direct,Paid,
May-26,ADS,DA Meta Ads,FB,DA-B14,28/05/2026,Sahil Murthy,sahil.murthy603@yahoo.com,7360933138,Kavya Reddy,WhatsApp,58999,"15/05/2026, 06:22 PM",26200,,Pending,
May-26,YT,DS Search Ads,SEM,DS-B10,31/05/2026,Sakshi Kumar,sakshi_kumar@yahoo.com,9076463460,Meera Pillai,YouTube,77999,"08/05/2026, 11:04 AM",28100,Self Finance,Paid,
May-26,YT Referral,DM Meta Ads,INST,DM-B08,26/05/2026,Sakshi Jain,sakshi_jain991@gmail.com,8656231076,Kavya Reddy,Meta Ads,37999,"17/05/2026, 03:14 PM",8600,Propelld,Paid,
May-26,ADS,CS Search Ads,GSN,CS-B04,21/05/2026,Lakshmi Patel,lakshmi_patel@yahoo.com,6761647802,Rahul Menon,YouTube,54999,"21/05/2026, 02:21 PM",19800,,Partial,
May-26,ADS Referral,DS Meta Ads,FB,DS-B10,01/05/2026,Karan Fernandes,karanfernandes179@hotmail.com,7185966958,Rahul Menon,Meta Ads,62999,"07/05/2026, 01:48 PM",13000,Self Finance,Paid,
May-26,ADS,BA Meta Ads,META,BA-B05,15/05/2026,Deepak Rajan,deepak.rajan586@yahoo.com,9819410518,Ananya Joshi,WhatsApp,59999,"27/05/2026, 09:46 AM",22200,HDFC Credila,Paid,
May-26,ADS,DS Search Ads,SEM,DS-B08,27/05/2026,Vijay Ghosh,vijay_ghosh261@gmail.com,7334923216,Meera Pillai,YouTube,77999,"23/05/2026, 04:03 PM",19600,Self Finance,Loan Disbursed,
May-26,ADS,BA Meta Ads,INST,BA-B06,03/05/2026,Amit Rajan,amit_rajan@hotmail.com,8128530653,Rahul Menon,Meta Ads,45999,"15/05/2026, 01:13 PM",13300,Self Finance,Loan Disbursed,
May-26,YT Referral,CS Search Ads,GADS,CS-B04,04/05/2026,Swati Menon,swatimenon@rediffmail.com,9216663658,Kavya Reddy,YouTube,56999,"20/05/2026, 01:38 PM",21300,Auxilo,Paid,
May-26,ADS,DM Meta Ads,META,DM-B07,31/05/2026,Deepak Pillai,deepak.pillai@rediffmail.com,7078073129,Deepak Verma,Google Ads,45999,"24/05/2026, 04:25 PM",14900,Self Finance,Pending,
May-26,YT,DM Meta Ads,INST,DM-B08,13/05/2026,Dhruv Murthy,dhruv_murthy@outlook.com,9549791964,Deepak Verma,YouTube,42999,"22/05/2026, 10:29 AM",20800,Propelld,Paid,
May-26,YT Referral,DS Search Ads,SEM,DS-B08,20/05/2026,Divya Verma,divyaverma@rediffmail.com,6623886273,Ananya Joshi,Google Ads,64999,"26/05/2026, 01:22 PM",31100,,Pending,
May-26,YT Referral,Gen AI Search Ads,SEM,GENAI-B03,22/05/2026,Sandeep Menon,sandeep_menon@outlook.com,8240577396,Vikram Das,Meta Ads,67999,"17/05/2026, 08:52 PM",23300,Eduvanz,Paid,
May-26,YT Referral,BA Meta Ads,META,BA-B05,14/05/2026,Nikhil Shetty,nikhilshetty65@rediffmail.com,6465589338,Meera Pillai,WhatsApp,46999,"30/05/2026, 03:19 PM",23100,Self Finance,Paid,
May-26,ADS Referral,Gen AI Meta Ads,META,GENAI-B03,03/05/2026,Hemant Joshi,hemant.joshi222@rediffmail.com,9786079049,Kavya Reddy,Google Ads,68999,"11/05/2026, 10:47 PM",16300,Self Finance,Pending,
May-26,ADS,CS Search Ads,GADS,CS-B04,24/05/2026,Esha Sharma,esha.sharma@gmail.com,8589082032,Deepak Verma,Meta Ads,57999,"19/05/2026, 12:52 PM",20200,Self Finance,Pending,
May-26,ADS,Gen AI Search Ads,GADS,GENAI-B03,31/05/2026,Tanvi Nair,tanvi_nair887@yahoo.com,7531953467,Meera Pillai,Referral,67999,"11/05/2026, 10:12 AM",20500,Propelld,Paid,
May-26,ADS,Gen AI Search Ads,GSN,GENAI-B03,16/05/2026,Varun Fernandes,varun.fernandes813@rediffmail.com,9361479576,Arjun Nair,Meta Ads,74999,"03/05/2026, 10:06 PM",20400,,Paid,
May-26,YT,BA Search Ads,GSN,BA-B05,14/05/2026,Varun Desai,varundesai154@gmail.com,6389126518,Ananya Joshi,YouTube,58999,"01/05/2026, 12:17 PM",20300,Auxilo,Paid,
May-26,ADS,DA Search Ads,SEM,DA-B13,22/05/2026,Ananya Chopra,ananya.chopra342@outlook.com,9517470019,Arjun Nair,Referral,58999,"15/05/2026, 04:01 PM",21200,NBFC Direct,Partial,
May-26,YT Referral,DM Meta Ads,INST,DM-B08,08/05/2026,Harish Das,harish_das@gmail.com,6923374180,Arjun Nair,Google Ads,47999,"19/05/2026, 12:51 PM",18300,Propelld,Paid,
May-26,ADS,DS Meta Ads,META,DS-B09,31/05/2026,Ananya Shah,ananya.shah@rediffmail.com,7892831388,Vikram Das,Google Ads,83999,"14/05/2026, 03:21 PM",23700,Self Finance,Partial,
May-26,ADS,DA Meta Ads,META,DA-B12,22/05/2026,Suresh Hegde,suresh_hegde14@outlook.com,7135194507,Rahul Menon,Meta Ads,64999,"05/05/2026, 10:41 PM",24100,Auxilo,Paid,
May-26,ADS,DA Meta Ads,INST,DA-B13,20/05/2026,Pallavi Reddy,pallavi.reddy634@rediffmail.com,6410697729,Deepak Verma,YouTube,61999,"14/05/2026, 08:29 PM",24700,Eduvanz,Paid,
May-26,ADS Referral,AI/ML Search Ads,GSN,AIML-B03,22/05/2026,Arjun Rajan,arjunrajan@hotmail.com,8772967976,Ananya Joshi,Organic,80999,"26/05/2026, 01:16 PM",35700,,Partial,
May-26,ADS,DM Meta Ads,INST,DM-B08,13/05/2026,Bhavna Pandey,bhavna.pandey156@gmail.com,6876007926,Deepak Verma,Meta Ads,48999,"09/05/2026, 04:22 PM",15800,Eduvanz,Paid,
May-26,ADS,DM Meta Ads,META,DM-B08,29/05/2026,Bhavna Chopra,bhavnachopra@hotmail.com,9401840101,Rahul Menon,Google Ads,46999,"08/05/2026, 10:00 AM",14000,Propelld,Partial,
May-26,ADS,BA Meta Ads,INST,BA-B06,29/05/2026,Ananya Verma,ananya.verma@gmail.com,8615043169,Kavya Reddy,Meta Ads,54999,"21/05/2026, 09:36 AM",14100,Self Finance,Pending,
May-26,ADS Referral,Gen AI Meta Ads,FB,GENAI-B03,28/05/2026,Yash Desai,yashdesai@gmail.com,8797348720,Priya Sharma,Meta Ads,68999,"12/05/2026, 01:37 PM",22100,Eduvanz,Partial,
May-26,ADS Referral,DA Search Ads,GADS,DA-B13,18/05/2026,Sandeep Kumar,sandeepkumar86@rediffmail.com,6994923483,Arjun Nair,Referral,55999,"22/05/2026, 12:52 PM",14200,HDFC Credila,Paid,
May-26,YT,CS Search Ads,GADS,CS-B04,21/05/2026,Mohit Mehta,mohitmehta767@rediffmail.com,6082077008,Ananya Joshi,Google Ads,64999,"23/05/2026, 04:53 PM",20400,Self Finance,Pending,
May-26,ADS,DA Meta Ads,FB,DA-B12,15/05/2026,Karan Pillai,karan.pillai151@gmail.com,8212574586,Ananya Joshi,Referral,50999,"09/05/2026, 11:12 AM",15900,Self Finance,Refunded,
May-26,ADS,BA Meta Ads,META,BA-B05,29/05/2026,Pooja Chopra,pooja.chopra145@gmail.com,9645839366,Deepak Verma,Referral,56999,"09/05/2026, 09:08 AM",18700,,Pending,
May-26,ADS,DA Search Ads,SEM,DA-B14,08/05/2026,Shruti Hegde,shruti_hegde@outlook.com,8134260577,Sneha Iyer,Meta Ads,62999,"20/05/2026, 02:01 PM",12700,HDFC Credila,Partial,
May-26,ADS,DA Meta Ads,INST,DA-B14,17/05/2026,Priya Das,priya_das653@outlook.com,7088548222,Deepak Verma,Meta Ads,61999,"09/05/2026, 04:27 PM",26800,Eduvanz,Paid,
May-26,ADS,Gen AI Search Ads,GADS,GENAI-B04,07/05/2026,Sneha Yadav,sneha_yadav347@gmail.com,8227727385,Sneha Iyer,YouTube,64999,"30/05/2026, 11:57 AM",32400,Self Finance,Partial,
May-26,YT,DS Meta Ads,META,DS-B08,22/05/2026,Sandeep Reddy,sandeepreddy51@gmail.com,6818036468,Sneha Iyer,Referral,83999,"21/05/2026, 03:55 PM",19800,Self Finance,Partial,
May-26,YT,DA Search Ads,GSN,DA-B13,08/05/2026,Dhruv Jain,dhruv.jain182@outlook.com,9610278733,Vikram Das,Organic,51999,"04/05/2026, 12:46 PM",13100,Self Finance,Paid,
May-26,ADS,BA Meta Ads,META,BA-B05,07/05/2026,Sonia Varma,sonia.varma246@rediffmail.com,6846935924,Ananya Joshi,Meta Ads,59999,"31/05/2026, 01:50 PM",26000,,Paid,
May-26,ADS,DA Meta Ads,INST,DA-B14,03/05/2026,Meera Rao,meerarao171@rediffmail.com,6791587154,Ananya Joshi,Google Ads,51999,"30/05/2026, 02:53 PM",17700,Propelld,Paid,
May-26,ADS,DA Search Ads,GSN,DA-B13,13/05/2026,Kritika Murthy,kritikamurthy690@hotmail.com,9020511329,Meera Pillai,Google Ads,66999,"19/05/2026, 12:56 PM",17100,Propelld,Paid,
May-26,ADS,CS Search Ads,GSN,CS-B05,13/05/2026,Aryan Mehta,aryan_mehta282@yahoo.com,6915259255,Sneha Iyer,Google Ads,53999,"19/05/2026, 10:40 AM",17800,Self Finance,Partial,
May-26,ADS Referral,DA Search Ads,GSN,DA-B12,28/05/2026,Vinay Verma,vinay.verma947@gmail.com,9117193067,Deepak Verma,YouTube,58999,"17/05/2026, 04:57 PM",23000,Self Finance,Paid,
May-26,YT Referral,DA Meta Ads,INST,DA-B12,05/05/2026,Esha Shetty,esha.shetty@gmail.com,6614613008,Deepak Verma,Meta Ads,69999,"21/05/2026, 02:47 PM",32500,Auxilo,Paid,
May-26,YT,BA Search Ads,GADS,BA-B05,01/05/2026,Vishal Das,vishaldas@rediffmail.com,6884669415,Arjun Nair,Google Ads,48999,"02/05/2026, 09:51 PM",20800,Self Finance,Paid,
May-26,YT Referral,DS Search Ads,SEM,DS-B10,21/05/2026,Uday Shah,udayshah479@yahoo.com,7086350250,Deepak Verma,Meta Ads,69999,"12/05/2026, 05:53 PM",26100,,Paid,
May-26,YT,CS Search Ads,GADS,CS-B04,11/05/2026,Rohit Patel,rohit_patel@gmail.com,9547609410,Meera Pillai,Google Ads,60999,"14/05/2026, 12:07 PM",16500,Eduvanz,Partial,
May-26,ADS Referral,BA Search Ads,GSN,BA-B05,12/05/2026,Sonia Chopra,soniachopra@gmail.com,6559735250,Deepak Verma,YouTube,49999,"27/05/2026, 10:38 PM",19800,,Paid,
May-26,YT,DM Meta Ads,INST,DM-B07,05/05/2026,Arjun Ghosh,arjunghosh962@outlook.com,7102865412,Kavya Reddy,Email,36999,"22/05/2026, 09:29 PM",10500,NBFC Direct,Paid,
May-26,YT,BA Meta Ads,INST,BA-B05,21/05/2026,Ishaan Reddy,ishaanreddy442@rediffmail.com,8225200166,Vikram Das,Email,58999,"30/05/2026, 02:33 PM",19500,Self Finance,Pending,
May-26,YT,DM Meta Ads,META,DM-B08,31/05/2026,Lakshmi Fernandes,lakshmi_fernandes204@rediffmail.com,7720929065,Priya Sharma,Referral,35999,"18/05/2026, 08:45 PM",17300,,Paid,
May-26,YT,DS Search Ads,GADS,DS-B10,25/05/2026,Manish Naidu,manish_naidu@hotmail.com,7414996528,Kavya Reddy,Meta Ads,62999,"19/05/2026, 04:23 PM",29800,Propelld,Partial,
May-26,YT,AI/ML Search Ads,SEM,AIML-B02,25/05/2026,Geeta Ghosh,geeta_ghosh926@rediffmail.com,6417237739,Ananya Joshi,Google Ads,65999,"06/05/2026, 06:55 PM",25100,HDFC Credila,Loan Disbursed,08/05/2026
May-26,YT Referral,DA Meta Ads,INST,DA-B14,12/05/2026,Aryan Reddy,aryanreddy900@outlook.com,6030593418,Vikram Das,Google Ads,57999,"03/05/2026, 07:37 PM",23600,Self Finance,Pending,
May-26,ADS Referral,Gen AI Search Ads,SEM,GENAI-B03,16/05/2026,Swati Verma,swati_verma@rediffmail.com,7573941716,Priya Sharma,Organic,56999,"01/05/2026, 08:39 PM",17100,Propelld,Partial,
May-26,ADS Referral,DA Meta Ads,META,DA-B14,15/05/2026,Akash Shetty,akash_shetty@rediffmail.com,6081082191,Meera Pillai,Organic,60999,"24/05/2026, 02:36 PM",18500,Eduvanz,Loan Disbursed,09/05/2026
May-26,YT,Gen AI Search Ads,SEM,GENAI-B03,22/05/2026,Sakshi Yadav,sakshi.yadav@hotmail.com,7886496521,Sneha Iyer,Meta Ads,58999,"27/05/2026, 09:38 AM",19300,Self Finance,Loan Disbursed,
May-26,YT Referral,BA Search Ads,GSN,BA-B05,24/05/2026,Geeta Nair,geeta_nair433@yahoo.com,8045142659,Suresh Bhat,Meta Ads,54999,"24/05/2026, 08:07 PM",26000,,Paid,
May-26,YT,Gen AI Search Ads,GADS,GENAI-B03,05/05/2026,Tanvi Rajan,tanvirajan657@yahoo.com,9804176263,Sneha Iyer,YouTube,61999,"06/05/2026, 12:52 PM",23900,Auxilo,Loan Disbursed,12/05/2026
May-26,YT,Gen AI Meta Ads,FB,GENAI-B04,04/05/2026,Tanvi Yadav,tanvi.yadav@hotmail.com,8861677058,Kavya Reddy,Google Ads,59999,"29/05/2026, 05:33 PM",16700,Self Finance,Partial,
May-26,YT,CS Search Ads,GSN,CS-B05,21/05/2026,Priya Joshi,priyajoshi@yahoo.com,9860484195,Priya Sharma,Meta Ads,59999,"16/05/2026, 03:15 PM",13700,Propelld,Paid,
May-26,YT,BA Search Ads,GSN,BA-B06,06/05/2026,Amit Pillai,amit.pillai@hotmail.com,8061055501,Rahul Menon,Referral,52999,"22/05/2026, 09:44 AM",21500,,Paid,
May-26,ADS,AI/ML Search Ads,SEM,AIML-B02,10/05/2026,Bhavna Yadav,bhavnayadav857@yahoo.com,9670963994,Sneha Iyer,Referral,83999,"03/05/2026, 01:01 PM",34200,Self Finance,Pending,
May-26,ADS Referral,DS Search Ads,GADS,DS-B08,20/05/2026,Aryan Rajan,aryanrajan@outlook.com,9871964104,Arjun Nair,Meta Ads,62999,"26/05/2026, 09:55 AM",20600,Self Finance,Loan Disbursed,
May-26,YT Referral,DM Meta Ads,FB,DM-B07,10/05/2026,Kiran Menon,kiran_menon821@rediffmail.com,8703787171,Deepak Verma,Email,42999,"20/05/2026, 11:45 AM",13800,Propelld,Paid,
May-26,YT,Gen AI Meta Ads,META,GENAI-B04,15/05/2026,Hemant Yadav,hemantyadav9@rediffmail.com,7741213958,Suresh Bhat,Google Ads,73999,"20/05/2026, 12:14 PM",29600,Self Finance,Pending,
May-26,YT,Gen AI Meta Ads,FB,GENAI-B03,25/05/2026,Manish Chopra,manish_chopra895@outlook.com,8720551247,Priya Sharma,YouTube,64999,"01/05/2026, 04:24 PM",17200,Propelld,Paid,
May-26,ADS Referral,DM Meta Ads,FB,DM-B07,20/05/2026,Jaya Naidu,jayanaidu@rediffmail.com,7739925787,Sneha Iyer,Meta Ads,38999,"07/05/2026, 12:30 PM",19100,Self Finance,Paid,
May-26,ADS,DA Meta Ads,FB,DA-B12,23/05/2026,Sahil Joshi,sahiljoshi715@outlook.com,9135425989,Vikram Das,WhatsApp,50999,"16/05/2026, 01:04 PM",13800,,Paid,
May-26,ADS,Gen AI Meta Ads,META,GENAI-B04,17/05/2026,Vinay Iyer,vinay.iyer106@gmail.com,6800264627,Kavya Reddy,Google Ads,61999,"03/05/2026, 09:05 PM",17100,Eduvanz,Paid,
May-26,YT Referral,CS Search Ads,GSN,CS-B04,01/05/2026,Divya Shah,divya_shah927@rediffmail.com,9885021490,Suresh Bhat,YouTube,53999,"17/05/2026, 11:08 AM",15500,Propelld,Partial,
May-26,YT,CS Search Ads,GADS,CS-B04,07/05/2026,Yash Pillai,yash_pillai328@rediffmail.com,9134765976,Kavya Reddy,Google Ads,52999,"03/05/2026, 01:45 PM",15100,Self Finance,Paid,
May-26,ADS,Gen AI Meta Ads,META,GENAI-B03,05/05/2026,Pooja Chopra,pooja.chopra@yahoo.com,8374997274,Arjun Nair,YouTube,66999,"31/05/2026, 11:03 AM",13600,Eduvanz,Paid,
May-26,ADS,DS Search Ads,SEM,DS-B08,04/05/2026,Uday Varma,uday_varma592@gmail.com,6489768063,Arjun Nair,YouTube,77999,"15/05/2026, 01:00 PM",29400,Self Finance,Paid,
May-26,ADS Referral,DS Search Ads,GSN,DS-B10,07/05/2026,Nikhil Rao,nikhil.rao@gmail.com,9438375768,Ananya Joshi,YouTube,77999,"13/05/2026, 10:57 AM",37800,Self Finance,Paid,
May-26,ADS Referral,DS Meta Ads,FB,DS-B10,31/05/2026,Yash Kapoor,yash.kapoor@gmail.com,7431194837,Meera Pillai,Meta Ads,75999,"02/05/2026, 09:06 PM",16100,Self Finance,Paid,
May-26,ADS Referral,DS Search Ads,GADS,DS-B10,21/05/2026,Deepak Menon,deepakmenon208@rediffmail.com,8075743130,Ananya Joshi,Meta Ads,83999,"30/05/2026, 10:57 AM",37100,,Loan Disbursed,
May-26,ADS,AI/ML Search Ads,GSN,AIML-B03,15/05/2026,Kavya Gupta,kavya_gupta@yahoo.com,7675893840,Sneha Iyer,Organic,71999,"12/05/2026, 02:53 PM",34800,,Paid,
May-26,ADS Referral,CS Search Ads,GSN,CS-B05,30/05/2026,Kavya Mehta,kavya.mehta437@yahoo.com,7731627123,Meera Pillai,YouTube,62999,"11/05/2026, 10:55 AM",26600,Auxilo,Loan Disbursed,17/05/2026
May-26,YT Referral,DS Meta Ads,FB,DS-B10,28/05/2026,Nandini Rao,nandinirao29@gmail.com,9022742339,Ananya Joshi,Referral,64999,"07/05/2026, 06:02 PM",14300,Eduvanz,Pending,
May-26,YT Referral,DA Search Ads,GADS,DA-B12,12/05/2026,Divya Rajan,divya_rajan756@gmail.com,9015096732,Sneha Iyer,Meta Ads,61999,"25/05/2026, 09:00 PM",14300,Self Finance,Paid,
May-26,ADS,DS Search Ads,GSN,DS-B09,12/05/2026,Vishal Mehta,vishalmehta708@hotmail.com,6894165317,Arjun Nair,YouTube,60999,"04/05/2026, 09:43 PM",18300,NBFC Direct,Paid,
May-26,ADS,AI/ML Search Ads,GSN,AIML-B02,24/05/2026,Priya Shah,priyashah@hotmail.com,9107981075,Sneha Iyer,Google Ads,77999,"29/05/2026, 04:26 PM",18300,Propelld,Paid,
May-26,ADS,Gen AI Meta Ads,META,GENAI-B04,24/05/2026,Isha Desai,isha_desai@rediffmail.com,9026249453,Arjun Nair,Google Ads,75999,"12/05/2026, 09:41 AM",27100,Eduvanz,Loan Disbursed,23/05/2026
May-26,ADS Referral,DA Meta Ads,META,DA-B12,23/05/2026,Vinay Verma,vinayverma909@rediffmail.com,6813189045,Sneha Iyer,Organic,68999,"08/05/2026, 03:24 PM",19600,Self Finance,Paid,
May-26,YT Referral,BA Search Ads,GADS,BA-B05,26/05/2026,Gaurav Pandey,gaurav.pandey@gmail.com,6444286869,Rahul Menon,Referral,48999,"05/05/2026, 06:42 PM",23600,HDFC Credila,Paid,
May-26,YT,Gen AI Search Ads,GADS,GENAI-B03,27/05/2026,Harish Naidu,harish_naidu@outlook.com,9922231093,Priya Sharma,YouTube,78999,"01/05/2026, 09:12 PM",33900,Auxilo,Refunded,
May-26,ADS Referral,DS Meta Ads,META,DS-B08,21/05/2026,Sakshi Reddy,sakshi.reddy644@rediffmail.com,9366139869,Kavya Reddy,Email,77999,"29/05/2026, 02:49 PM",19900,Auxilo,Partial,
May-26,ADS,BA Meta Ads,INST,BA-B05,14/05/2026,Kavya Fernandes,kavya.fernandes@yahoo.com,8510921871,Ananya Joshi,Meta Ads,45999,"16/05/2026, 06:29 PM",12000,Self Finance,Paid,
May-26,ADS Referral,DA Meta Ads,INST,DA-B14,04/05/2026,Vishal Patel,vishal_patel@outlook.com,8654993543,Deepak Verma,Email,66999,"26/05/2026, 06:41 PM",27400,Auxilo,Paid,
May-26,ADS,DA Meta Ads,INST,DA-B13,31/05/2026,Yash Naidu,yashnaidu406@hotmail.com,6489972553,Meera Pillai,Google Ads,60999,"15/05/2026, 04:56 PM",30200,Self Finance,Paid,
May-26,YT Referral,AI/ML Search Ads,SEM,AIML-B02,26/05/2026,Pradeep Varma,pradeep.varma@gmail.com,6604190227,Ananya Joshi,YouTube,72999,"13/05/2026, 10:46 PM",22700,Eduvanz,Partial,
May-26,ADS Referral,DS Meta Ads,FB,DS-B09,08/05/2026,Rahul Kapoor,rahul_kapoor@outlook.com,6196338381,Vikram Das,Meta Ads,72999,"18/05/2026, 09:11 AM",24400,Eduvanz,Loan Disbursed,14/05/2026
May-26,ADS,DM Meta Ads,META,DM-B08,03/05/2026,Arjun Menon,arjun.menon668@gmail.com,7895404034,Suresh Bhat,YouTube,37999,"25/05/2026, 09:35 AM",11100,Eduvanz,Paid,
May-26,ADS,DS Meta Ads,META,DS-B09,21/05/2026,Dhruv Desai,dhruv_desai116@gmail.com,6275729235,Sneha Iyer,YouTube,83999,"28/05/2026, 03:25 PM",27400,Self Finance,Partial,
May-26,ADS,AI/ML Search Ads,SEM,AIML-B03,14/05/2026,Arjun Kumar,arjunkumar848@hotmail.com,6096797460,Rahul Menon,Organic,77999,"22/05/2026, 09:56 AM",30600,Self Finance,Paid,
May-26,ADS,DA Search Ads,GADS,DA-B14,20/05/2026,Hemant Nair,hemantnair@yahoo.com,7430746944,Kavya Reddy,Meta Ads,57999,"07/05/2026, 09:12 PM",23000,Eduvanz,Partial,
May-26,YT Referral,Gen AI Meta Ads,META,GENAI-B03,08/05/2026,Harish Reddy,harishreddy478@gmail.com,8208982930,Vikram Das,YouTube,76999,"31/05/2026, 10:48 AM",19100,Propelld,Partial,
May-26,YT Referral,DA Meta Ads,META,DA-B12,21/05/2026,Jaya Rajan,jayarajan@yahoo.com,7019121153,Sneha Iyer,Meta Ads,61999,"17/05/2026, 05:29 PM",24000,Auxilo,Paid,
May-26,YT,DS Meta Ads,FB,DS-B10,30/05/2026,Dhruv Naidu,dhruv_naidu370@gmail.com,9507363255,Vikram Das,Organic,77999,"07/05/2026, 09:44 PM",36000,,Loan Disbursed,
May-26,ADS Referral,DS Meta Ads,META,DS-B09,05/05/2026,Yash Kapoor,yash_kapoor993@rediffmail.com,8665455046,Deepak Verma,Email,71999,"12/05/2026, 01:41 PM",20700,Auxilo,Paid,
May-26,ADS,DS Search Ads,GADS,DS-B08,22/05/2026,Priya Singh,priyasingh@rediffmail.com,8101196869,Rahul Menon,Google Ads,65999,"17/05/2026, 05:01 PM",23400,Propelld,Partial,
May-26,ADS Referral,Gen AI Meta Ads,FB,GENAI-B04,28/05/2026,Mohit Hegde,mohithegde@outlook.com,7314445497,Arjun Nair,Google Ads,66999,"26/05/2026, 10:30 PM",23100,,Paid,
May-26,ADS,DM Meta Ads,FB,DM-B08,31/05/2026,Rohit Shah,rohit_shah@hotmail.com,9332701299,Rahul Menon,Referral,46999,"02/05/2026, 01:24 PM",15500,Propelld,Paid,
May-26,YT,Gen AI Meta Ads,META,GENAI-B04,21/05/2026,Deepak Fernandes,deepak_fernandes@outlook.com,9394449679,Rahul Menon,Referral,69999,"17/05/2026, 08:43 PM",28100,,Pending,
May-26,ADS,Gen AI Meta Ads,FB,GENAI-B03,04/05/2026,Pallavi Tiwari,pallavi.tiwari851@hotmail.com,6620780707,Arjun Nair,YouTube,79999,"06/05/2026, 02:47 PM",33800,Self Finance,Partial,
May-26,YT,DA Search Ads,GADS,DA-B12,09/05/2026,Aryan Kapoor,aryankapoor275@yahoo.com,8173083711,Suresh Bhat,Referral,62999,"22/05/2026, 03:33 PM",30500,HDFC Credila,Paid,
May-26,ADS Referral,DA Search Ads,GADS,DA-B12,21/05/2026,Amit Shah,amitshah119@yahoo.com,7220841114,Sneha Iyer,YouTube,60999,"04/05/2026, 05:20 PM",19700,Self Finance,Paid,
May-26,YT Referral,DA Search Ads,GADS,DA-B14,19/05/2026,Bhavna Singh,bhavna_singh@outlook.com,9739072210,Meera Pillai,Meta Ads,65999,"02/05/2026, 08:27 PM",14000,HDFC Credila,Paid,
May-26,YT,Gen AI Meta Ads,FB,GENAI-B03,06/05/2026,Sneha Ghosh,snehaghosh471@gmail.com,6476776450,Arjun Nair,Google Ads,75999,"18/05/2026, 12:48 PM",35600,,Paid,
May-26,ADS,DS Search Ads,GSN,DS-B10,15/05/2026,Deepak Sharma,deepaksharma464@outlook.com,8937894849,Meera Pillai,Meta Ads,75999,"15/05/2026, 03:24 PM",25700,NBFC Direct,Refunded,
May-26,ADS,Gen AI Meta Ads,META,GENAI-B03,02/05/2026,Rohan Iyer,rohan.iyer699@hotmail.com,6694147876,Kavya Reddy,Google Ads,68999,"27/05/2026, 06:05 PM",24700,Propelld,Paid,
May-26,ADS,DM Meta Ads,FB,DM-B07,04/05/2026,Pooja Bose,poojabose242@outlook.com,8595253168,Kavya Reddy,Google Ads,45999,"31/05/2026, 06:03 PM",11100,Eduvanz,Paid,
May-26,YT Referral,Gen AI Meta Ads,FB,GENAI-B03,16/05/2026,Vijay Kapoor,vijay.kapoor272@rediffmail.com,9964186394,Kavya Reddy,Google Ads,55999,"29/05/2026, 04:24 PM",14200,HDFC Credila,Paid,
May-26,ADS,DS Search Ads,SEM,DS-B09,22/05/2026,Gaurav Verma,gaurav_verma@outlook.com,9184687162,Arjun Nair,WhatsApp,79999,"12/05/2026, 10:40 PM",38100,Propelld,Paid,
May-26,YT,DA Search Ads,SEM,DA-B13,20/05/2026,Sonia Kumar,sonia_kumar824@gmail.com,9810353947,Deepak Verma,YouTube,59999,"24/05/2026, 07:34 PM",26100,Self Finance,Partial,
May-26,ADS,DA Meta Ads,FB,DA-B14,27/05/2026,Vishal Nair,vishalnair372@rediffmail.com,9951374046,Kavya Reddy,Organic,62999,"21/05/2026, 04:20 PM",14900,Self Finance,Partial,
May-26,YT,DA Meta Ads,INST,DA-B12,06/05/2026,Sahil Bose,sahil.bose191@rediffmail.com,8856224092,Deepak Verma,YouTube,55999,"05/05/2026, 10:47 PM",14900,Eduvanz,Paid,
May-26,YT,DS Search Ads,GSN,DS-B09,30/05/2026,Swati Menon,swati.menon901@rediffmail.com,6050513822,Vikram Das,Meta Ads,75999,"24/05/2026, 07:12 PM",25700,HDFC Credila,Partial,
May-26,YT Referral,DA Meta Ads,INST,DA-B14,16/05/2026,Deepa Reddy,deepa_reddy@rediffmail.com,9461781537,Sneha Iyer,Google Ads,58999,"10/05/2026, 09:07 PM",21600,Self Finance,Paid,
May-26,YT,DM Meta Ads,INST,DM-B08,16/05/2026,Pallavi Fernandes,pallavi.fernandes@rediffmail.com,9608516888,Arjun Nair,YouTube,47999,"06/05/2026, 09:31 PM",18600,Self Finance,Pending,
May-26,ADS,Gen AI Search Ads,GSN,GENAI-B03,21/05/2026,Swati Iyer,swati_iyer@rediffmail.com,6988944606,Priya Sharma,Organic,71999,"25/05/2026, 02:18 PM",32000,Self Finance,Paid,
May-26,ADS,DM Meta Ads,INST,DM-B08,24/05/2026,Shruti Patel,shruti.patel536@gmail.com,6511871122,Arjun Nair,Google Ads,45999,"03/05/2026, 06:44 PM",19500,Self Finance,Loan Disbursed,
May-26,ADS,Gen AI Meta Ads,META,GENAI-B04,29/05/2026,Harish Patel,harishpatel688@hotmail.com,6455344700,Arjun Nair,Referral,70999,"19/05/2026, 02:10 PM",29800,Self Finance,Refunded,
May-26,YT,Gen AI Search Ads,GADS,GENAI-B03,13/05/2026,Yash Pillai,yash_pillai21@yahoo.com,9311268254,Rahul Menon,Referral,58999,"27/05/2026, 05:53 PM",17200,HDFC Credila,Paid,
May-26,YT,DM Meta Ads,META,DM-B08,04/05/2026,Pallavi Mehta,pallavimehta@rediffmail.com,7492910293,Deepak Verma,Meta Ads,41999,"08/05/2026, 02:13 PM",13100,Eduvanz,Loan Disbursed,15/05/2026
May-26,ADS,BA Search Ads,GADS,BA-B05,14/05/2026,Pradeep Kumar,pradeepkumar@hotmail.com,8665393246,Arjun Nair,Referral,55999,"04/05/2026, 05:56 PM",15000,Propelld,Loan Disbursed,14/05/2026
May-26,ADS,DA Search Ads,GADS,DA-B14,28/05/2026,Kiran Reddy,kiran.reddy@yahoo.com,6799419059,Deepak Verma,YouTube,58999,"06/05/2026, 08:31 PM",20200,Propelld,Paid,
May-26,ADS Referral,DA Search Ads,GSN,DA-B13,08/05/2026,Rohit Tiwari,rohittiwari@rediffmail.com,9767572573,Rahul Menon,Google Ads,51999,"13/05/2026, 10:59 AM",23500,Self Finance,Partial,
May-26,ADS,CS Search Ads,GADS,CS-B04,25/05/2026,Ravi Verma,ravi_verma942@hotmail.com,9425660710,Sneha Iyer,Meta Ads,54999,"03/05/2026, 11:03 AM",16900,Self Finance,Paid,
May-26,ADS Referral,CS Search Ads,GADS,CS-B05,19/05/2026,Jaya Pillai,jaya_pillai336@rediffmail.com,9713350877,Kavya Reddy,Google Ads,57999,"07/05/2026, 11:07 AM",17900,Eduvanz,Paid,
May-26,YT,Gen AI Search Ads,SEM,GENAI-B03,21/05/2026,Kavya Hegde,kavyahegde957@hotmail.com,6671208174,Ananya Joshi,YouTube,58999,"14/05/2026, 07:29 PM",23000,Eduvanz,Loan Disbursed,22/05/2026
May-26,YT Referral,DM Meta Ads,FB,DM-B08,21/05/2026,Akash Ghosh,akashghosh13@yahoo.com,9257315099,Deepak Verma,WhatsApp,47999,"28/05/2026, 04:42 PM",14700,,Paid,
May-26,YT Referral,DM Meta Ads,FB,DM-B08,14/05/2026,Deepak Patel,deepak.patel467@rediffmail.com,8674871392,Suresh Bhat,Referral,44999,"29/05/2026, 06:30 PM",16200,,Loan Disbursed,
May-26,ADS,AI/ML Search Ads,SEM,AIML-B03,08/05/2026,Rahul Shah,rahul_shah@yahoo.com,6257640895,Rahul Menon,Organic,81999,"18/05/2026, 09:07 PM",24400,Self Finance,Loan Disbursed,
May-26,ADS Referral,DS Search Ads,GADS,DS-B09,22/05/2026,Dhruv Joshi,dhruv_joshi55@hotmail.com,8922607840,Suresh Bhat,Meta Ads,78999,"11/05/2026, 05:02 PM",25200,Propelld,Paid,
May-26,YT,DA Search Ads,SEM,DA-B12,20/05/2026,Bhavna Kumar,bhavna.kumar730@outlook.com,7951911409,Kavya Reddy,Meta Ads,52999,"20/05/2026, 11:29 AM",21900,HDFC Credila,Paid,
May-26,ADS,CS Search Ads,GSN,CS-B04,18/05/2026,Uday Verma,uday_verma800@hotmail.com,7831548831,Suresh Bhat,YouTube,55999,"12/05/2026, 07:07 PM",23100,Self Finance,Paid,
May-26,YT,Gen AI Meta Ads,FB,GENAI-B04,24/05/2026,Meera Rajan,meera.rajan@yahoo.com,8942514951,Ananya Joshi,Organic,55999,"28/05/2026, 06:43 PM",23700,Self Finance,Partial,
May-26,YT,DS Meta Ads,FB,DS-B08,08/05/2026,Ravi Mehta,ravimehta@hotmail.com,6260330020,Suresh Bhat,Google Ads,83999,"19/05/2026, 04:32 PM",28400,Propelld,Partial,
May-26,ADS,DS Meta Ads,META,DS-B09,11/05/2026,Ananya Fernandes,ananyafernandes846@hotmail.com,8824344094,Arjun Nair,Meta Ads,71999,"22/05/2026, 03:05 PM",24300,,Paid,
May-26,ADS,Gen AI Meta Ads,FB,GENAI-B04,06/05/2026,Shruti Rao,shruti.rao15@outlook.com,6353481478,Ananya Joshi,YouTube,55999,"22/05/2026, 09:39 PM",14500,Eduvanz,Refunded,
May-26,YT,AI/ML Search Ads,GSN,AIML-B03,15/05/2026,Deepak Murthy,deepak_murthy537@outlook.com,9271513245,Sneha Iyer,Google Ads,87999,"11/05/2026, 09:18 AM",40100,Auxilo,Loan Disbursed,13/05/2026
May-26,YT,DA Search Ads,SEM,DA-B14,02/05/2026,Yash Patel,yashpatel@hotmail.com,7642779913,Suresh Bhat,Organic,51999,"10/05/2026, 10:19 PM",13500,HDFC Credila,Paid,
May-26,YT,DS Search Ads,GADS,DS-B09,27/05/2026,Isha Verma,ishaverma@rediffmail.com,8843225213,Arjun Nair,Organic,68999,"07/05/2026, 08:24 PM",13900,Self Finance,Paid,
May-26,ADS Referral,BA Meta Ads,META,BA-B06,11/05/2026,Rahul Rajan,rahul_rajan773@rediffmail.com,9167845902,Deepak Verma,Organic,50999,"23/05/2026, 09:23 AM",12500,Self Finance,Partial,
May-26,YT,DA Meta Ads,FB,DA-B14,29/05/2026,Vinay Naidu,vinaynaidu934@outlook.com,9055074432,Vikram Das,Meta Ads,50999,"14/05/2026, 06:43 PM",17600,HDFC Credila,Paid,
May-26,ADS,AI/ML Search Ads,GSN,AIML-B03,18/05/2026,Sakshi Iyer,sakshi_iyer@outlook.com,6788517627,Kavya Reddy,Organic,77999,"24/05/2026, 02:49 PM",22400,Eduvanz,Paid,
May-26,YT Referral,DA Meta Ads,META,DA-B13,03/05/2026,Suresh Pillai,suresh.pillai28@yahoo.com,9227772608,Priya Sharma,Google Ads,64999,"27/05/2026, 05:09 PM",22300,Self Finance,Paid,
May-26,YT,DA Meta Ads,META,DA-B12,24/05/2026,Ananya Agarwal,ananyaagarwal@yahoo.com,7595841197,Kavya Reddy,YouTube,58999,"16/05/2026, 12:43 PM",17900,HDFC Credila,Partial,
May-26,ADS,Gen AI Meta Ads,FB,GENAI-B04,12/05/2026,Tanvi Pandey,tanvipandey@outlook.com,8247156219,Priya Sharma,YouTube,66999,"02/05/2026, 10:06 PM",19500,,Paid,
May-26,ADS,BA Search Ads,GADS,BA-B06,17/05/2026,Manish Nair,manishnair@rediffmail.com,9515577955,Priya Sharma,YouTube,47999,"30/05/2026, 03:58 PM",14600,Self Finance,Paid,
May-26,ADS,DS Search Ads,SEM,DS-B09,11/05/2026,Chetan Rao,chetan.rao72@rediffmail.com,7572328020,Arjun Nair,Meta Ads,69999,"24/05/2026, 04:44 PM",23500,Self Finance,Paid,
May-26,YT Referral,DA Search Ads,SEM,DA-B14,26/05/2026,Mohit Kumar,mohitkumar383@yahoo.com,8060539968,Meera Pillai,Referral,62999,"19/05/2026, 10:04 AM",22800,,Pending,
May-26,ADS Referral,DM Meta Ads,INST,DM-B08,14/05/2026,Hemant Iyer,hemant_iyer357@gmail.com,7870553265,Rahul Menon,Email,42999,"25/05/2026, 01:17 PM",9700,,Paid,
May-26,ADS,Gen AI Search Ads,SEM,GENAI-B04,23/05/2026,Ananya Pillai,ananyapillai457@outlook.com,6249876532,Suresh Bhat,Organic,65999,"20/05/2026, 08:55 PM",27900,Auxilo,Partial,
May-26,YT Referral,DA Meta Ads,INST,DA-B14,15/05/2026,Vishal Jain,vishal.jain49@rediffmail.com,7713985235,Priya Sharma,Referral,66999,"08/05/2026, 01:14 PM",20000,Eduvanz,Paid,
May-26,YT Referral,DA Meta Ads,INST,DA-B13,26/05/2026,Sonia Patel,sonia.patel@hotmail.com,8270358311,Vikram Das,Email,50999,"01/05/2026, 02:09 PM",14200,Auxilo,Loan Disbursed,17/05/2026
May-26,ADS,DS Meta Ads,FB,DS-B09,11/05/2026,Harish Ghosh,harishghosh@gmail.com,7711598221,Ananya Joshi,Google Ads,65999,"20/05/2026, 02:41 PM",15200,Eduvanz,Loan Disbursed,13/05/2026
May-26,YT,BA Search Ads,GSN,BA-B05,10/05/2026,Amit Iyer,amit.iyer941@outlook.com,9681822227,Arjun Nair,YouTube,54999,"13/05/2026, 10:09 AM",18600,,Refunded,
May-26,YT Referral,BA Meta Ads,INST,BA-B06,08/05/2026,Priya Reddy,priya_reddy135@gmail.com,6720150365,Kavya Reddy,Google Ads,59999,"16/05/2026, 06:09 PM",16700,,Paid,
May-26,YT,CS Search Ads,GSN,CS-B04,29/05/2026,Isha Sharma,ishasharma36@gmail.com,9902653021,Deepak Verma,Organic,52999,"03/05/2026, 01:13 PM",20600,HDFC Credila,Partial,
May-26,ADS,BA Search Ads,GSN,BA-B05,05/05/2026,Swati Hegde,swati.hegde958@rediffmail.com,7933309621,Kavya Reddy,Google Ads,47999,"14/05/2026, 04:05 PM",14300,Self Finance,Paid,
May-26,ADS,DS Search Ads,GADS,DS-B08,17/05/2026,Aarav Mehta,aarav_mehta643@rediffmail.com,8586347384,Rahul Menon,YouTube,72999,"02/05/2026, 02:10 PM",24300,Self Finance,Pending,
May-26,YT,DA Search Ads,SEM,DA-B13,14/05/2026,Manish Desai,manish.desai13@outlook.com,9403137231,Meera Pillai,Meta Ads,58999,"17/05/2026, 09:24 PM",18500,HDFC Credila,Pending,
May-26,YT,DS Meta Ads,META,DS-B08,26/05/2026,Isha Chopra,ishachopra@hotmail.com,7605669593,Deepak Verma,Referral,78999,"03/05/2026, 11:26 AM",34800,Self Finance,Loan Disbursed,
May-26,ADS,CS Search Ads,GADS,CS-B05,29/05/2026,Rohit Iyer,rohit_iyer865@gmail.com,9127929493,Vikram Das,WhatsApp,54999,"27/05/2026, 10:20 PM",13700,Self Finance,Pending,
May-26,ADS,DA Meta Ads,META,DA-B14,03/05/2026,Kritika Murthy,kritika.murthy436@rediffmail.com,7169222603,Sneha Iyer,WhatsApp,60999,"17/05/2026, 06:04 PM",14200,,Partial,
May-26,YT,BA Search Ads,GSN,BA-B06,27/05/2026,Deepa Pandey,deepapandey@outlook.com,9689487129,Rahul Menon,Meta Ads,55999,"30/05/2026, 07:23 PM",12100,NBFC Direct,Partial,
May-26,ADS,DM Meta Ads,INST,DM-B07,31/05/2026,Tanvi Iyer,tanvi.iyer@hotmail.com,7516212025,Deepak Verma,YouTube,42999,"18/05/2026, 10:16 PM",16800,Self Finance,Loan Disbursed,
May-26,YT,Gen AI Search Ads,GADS,GENAI-B04,23/05/2026,Meera Pandey,meerapandey@hotmail.com,9279251029,Rahul Menon,Meta Ads,64999,"10/05/2026, 03:59 PM",25100,Self Finance,Partial,
May-26,YT,Gen AI Search Ads,GADS,GENAI-B03,22/05/2026,Nikhil Shetty,nikhil_shetty@rediffmail.com,6117698545,Sneha Iyer,Referral,61999,"07/05/2026, 11:57 AM",23500,Self Finance,Partial,
May-26,ADS Referral,DM Meta Ads,META,DM-B07,05/05/2026,Priya Rajan,priya_rajan@yahoo.com,7795465552,Deepak Verma,Meta Ads,35999,"22/05/2026, 11:17 AM",13200,Eduvanz,Pending,
May-26,YT,DA Meta Ads,INST,DA-B13,06/05/2026,Ananya Patel,ananya.patel@rediffmail.com,7591534373,Kavya Reddy,Google Ads,61999,"11/05/2026, 10:56 PM",13800,Self Finance,Paid,
May-26,ADS Referral,DS Search Ads,GADS,DS-B10,24/05/2026,Kiran Rajan,kiranrajan310@gmail.com,7690427129,Rahul Menon,Referral,68999,"01/05/2026, 03:53 PM",26800,,Paid,
May-26,ADS,DA Search Ads,GSN,DA-B12,04/05/2026,Arjun Fernandes,arjunfernandes466@outlook.com,9421023152,Vikram Das,YouTube,61999,"11/05/2026, 05:14 PM",27100,NBFC Direct,Paid,
May-26,ADS,DS Search Ads,GSN,DS-B08,15/05/2026,Vinay Iyer,vinay.iyer971@rediffmail.com,9249883449,Arjun Nair,WhatsApp,78999,"07/05/2026, 09:08 PM",22900,NBFC Direct,Pending,
May-26,YT,DA Meta Ads,FB,DA-B13,10/05/2026,Amit Varma,amitvarma@yahoo.com,7935023446,Priya Sharma,Google Ads,63999,"22/05/2026, 05:10 PM",14500,HDFC Credila,Paid,
May-26,ADS,AI/ML Search Ads,SEM,AIML-B02,30/05/2026,Shruti Nair,shruti.nair324@outlook.com,6278665156,Suresh Bhat,Google Ads,83999,"18/05/2026, 06:39 PM",23200,Self Finance,Refunded,
May-26,ADS Referral,Gen AI Meta Ads,META,GENAI-B04,12/05/2026,Akash Kumar,akashkumar118@gmail.com,9967614195,Sneha Iyer,YouTube,76999,"02/05/2026, 02:24 PM",27200,,Paid,
May-26,ADS,Gen AI Meta Ads,META,GENAI-B03,22/05/2026,Rahul Verma,rahul_verma@yahoo.com,6200299266,Ananya Joshi,Organic,77999,"18/05/2026, 08:08 PM",35600,Self Finance,Partial,
May-26,YT,Gen AI Meta Ads,FB,GENAI-B03,13/05/2026,Deepak Patel,deepak_patel@gmail.com,7265089466,Meera Pillai,Google Ads,66999,"08/05/2026, 10:36 PM",26300,NBFC Direct,Partial,
May-26,YT Referral,DS Search Ads,GSN,DS-B08,23/05/2026,Mohit Das,mohitdas724@outlook.com,7103121086,Meera Pillai,Referral,68999,"18/05/2026, 07:12 PM",31500,Eduvanz,Loan Disbursed,15/05/2026
May-26,ADS Referral,DM Meta Ads,FB,DM-B08,02/05/2026,Deepak Yadav,deepak_yadav@gmail.com,7790058503,Deepak Verma,YouTube,46999,"06/05/2026, 05:20 PM",12300,Propelld,Partial,
May-26,ADS Referral,DA Search Ads,GADS,DA-B12,14/05/2026,Yash Menon,yash.menon255@yahoo.com,9810080256,Priya Sharma,Referral,50999,"27/05/2026, 03:28 PM",22600,Self Finance,Pending,
May-26,YT,DS Meta Ads,META,DS-B10,13/05/2026,Akash Verma,akashverma@rediffmail.com,8479871757,Suresh Bhat,Meta Ads,65999,"04/05/2026, 03:18 PM",25700,HDFC Credila,Pending,
May-26,ADS,DA Meta Ads,INST,DA-B13,13/05/2026,Chetan Rao,chetan.rao823@outlook.com,6658901712,Vikram Das,Meta Ads,55999,"06/05/2026, 09:25 AM",16100,Self Finance,Partial,
May-26,ADS,Gen AI Search Ads,GADS,GENAI-B03,05/05/2026,Gaurav Ghosh,gaurav.ghosh@yahoo.com,9479718637,Rahul Menon,Google Ads,62999,"30/05/2026, 08:32 PM",23500,,Paid,
May-26,ADS,DA Search Ads,SEM,DA-B12,26/05/2026,Swati Agarwal,swati.agarwal@rediffmail.com,9227068729,Deepak Verma,YouTube,57999,"09/05/2026, 12:09 PM",17000,Propelld,Pending,
May-26,ADS,DM Meta Ads,META,DM-B08,31/05/2026,Ananya Menon,ananya_menon54@outlook.com,7532146970,Meera Pillai,Google Ads,48999,"20/05/2026, 10:28 AM",12100,Eduvanz,Partial,
May-26,ADS Referral,Gen AI Search Ads,GADS,GENAI-B03,11/05/2026,Priya Naidu,priya_naidu@outlook.com,6642291820,Priya Sharma,Email,68999,"24/05/2026, 08:38 PM",14200,Self Finance,Paid,
May-26,ADS,CS Search Ads,GSN,CS-B04,21/05/2026,Kavya Fernandes,kavya_fernandes407@hotmail.com,8449101748,Ananya Joshi,Meta Ads,63999,"04/05/2026, 07:17 PM",28100,Self Finance,Paid,
May-26,ADS Referral,DA Meta Ads,INST,DA-B14,13/05/2026,Sneha Yadav,sneha.yadav@gmail.com,7715900523,Ananya Joshi,Referral,51999,"28/05/2026, 06:24 PM",19000,Self Finance,Refunded,
May-26,YT Referral,AI/ML Search Ads,SEM,AIML-B02,31/05/2026,Anjali Desai,anjali_desai898@yahoo.com,9462830055,Priya Sharma,YouTube,78999,"24/05/2026, 11:48 AM",19100,Self Finance,Paid,
May-26,YT,DS Search Ads,GADS,DS-B10,06/05/2026,Mohit Naidu,mohitnaidu378@outlook.com,9090014571,Kavya Reddy,Referral,66999,"09/05/2026, 07:09 PM",20400,Propelld,Pending,
May-26,ADS Referral,DM Meta Ads,FB,DM-B07,10/05/2026,Suresh Naidu,suresh.naidu@outlook.com,7027935163,Sneha Iyer,YouTube,47999,"07/05/2026, 09:29 PM",23200,Eduvanz,Paid,
May-26,ADS,DA Search Ads,GSN,DA-B14,18/05/2026,Gaurav Murthy,gaurav_murthy@outlook.com,9732538375,Priya Sharma,Google Ads,57999,"10/05/2026, 06:31 PM",21500,Self Finance,Paid,
May-26,YT Referral,DS Search Ads,SEM,DS-B08,15/05/2026,Aditya Bose,aditya_bose@hotmail.com,7162798824,Kavya Reddy,Email,81999,"05/05/2026, 11:57 AM",22100,,Pending,
May-26,ADS Referral,BA Meta Ads,META,BA-B06,21/05/2026,Mohit Iyer,mohit.iyer@yahoo.com,6102753771,Deepak Verma,YouTube,51999,"10/05/2026, 12:58 PM",19300,Self Finance,Paid,
May-26,YT,DS Meta Ads,META,DS-B10,18/05/2026,Nandini Varma,nandinivarma407@hotmail.com,9194290017,Rahul Menon,Organic,82999,"16/05/2026, 05:13 PM",20800,Eduvanz,Refunded,
May-26,ADS,DS Meta Ads,META,DS-B08,13/05/2026,Akash Kapoor,akashkapoor558@hotmail.com,6160529257,Deepak Verma,YouTube,83999,"03/05/2026, 05:27 PM",27000,Eduvanz,Paid,
May-26,YT Referral,CS Search Ads,GADS,CS-B05,24/05/2026,Tanvi Fernandes,tanvi_fernandes@gmail.com,9752873163,Priya Sharma,YouTube,68999,"11/05/2026, 03:15 PM",30300,Self Finance,Paid,
May-26,YT,Gen AI Meta Ads,FB,GENAI-B04,05/05/2026,Rohit Singh,rohit.singh539@gmail.com,8264001030,Vikram Das,Meta Ads,64999,"12/05/2026, 06:38 PM",30900,Propelld,Paid,
May-26,ADS Referral,DA Meta Ads,META,DA-B12,22/05/2026,Pradeep Patel,pradeep.patel231@yahoo.com,9990217731,Priya Sharma,Email,60999,"08/05/2026, 09:24 AM",13000,Propelld,Paid,
May-26,YT Referral,Gen AI Meta Ads,META,GENAI-B04,08/05/2026,Swati Fernandes,swatifernandes@yahoo.com,8355317888,Meera Pillai,YouTube,62999,"05/05/2026, 02:01 PM",25200,Propelld,Paid,
May-26,ADS,DA Meta Ads,INST,DA-B14,25/05/2026,Gaurav Desai,gauravdesai@yahoo.com,9795751773,Arjun Nair,Google Ads,62999,"25/05/2026, 06:39 PM",19200,HDFC Credila,Paid,
May-26,ADS,DM Meta Ads,INST,DM-B07,30/05/2026,Bhavna Joshi,bhavna_joshi@yahoo.com,9173851629,Sneha Iyer,Google Ads,40999,"09/05/2026, 06:17 PM",19000,Auxilo,Paid,
May-26,ADS Referral,DM Meta Ads,INST,DM-B07,20/05/2026,Uday Gupta,uday_gupta241@outlook.com,8685827035,Sneha Iyer,Google Ads,43999,"25/05/2026, 06:12 PM",12200,Self Finance,Pending,
May-26,ADS,DA Search Ads,GSN,DA-B14,26/05/2026,Suresh Gupta,suresh.gupta476@gmail.com,6367876315,Suresh Bhat,Google Ads,54999,"29/05/2026, 08:17 PM",20100,Self Finance,Pending,
May-26,ADS Referral,Gen AI Meta Ads,META,GENAI-B04,03/05/2026,Rohit Bose,rohit_bose922@hotmail.com,7979497952,Meera Pillai,Google Ads,57999,"14/05/2026, 05:46 PM",17000,,Paid,
May-26,ADS Referral,DA Meta Ads,META,DA-B13,19/05/2026,Shruti Fernandes,shruti_fernandes798@rediffmail.com,7721091335,Sneha Iyer,Meta Ads,61999,"10/05/2026, 03:20 PM",12900,HDFC Credila,Paid,
May-26,ADS,DS Search Ads,GSN,DS-B08,28/05/2026,Swati Jain,swatijain@outlook.com,7598026068,Priya Sharma,Organic,66999,"23/05/2026, 07:38 PM",23700,HDFC Credila,Paid,
May-26,YT Referral,DS Search Ads,SEM,DS-B09,05/05/2026,Swati Das,swatidas420@outlook.com,8518694214,Deepak Verma,Organic,72999,"30/05/2026, 06:07 PM",28900,Self Finance,Partial,
May-26,YT,DA Meta Ads,INST,DA-B14,12/05/2026,Ishaan Shah,ishaanshah28@rediffmail.com,7598617264,Arjun Nair,Referral,50999,"19/05/2026, 10:26 PM",15600,Propelld,Partial,
May-26,YT,DA Meta Ads,INST,DA-B14,20/05/2026,Vijay Yadav,vijay.yadav@hotmail.com,9270040106,Arjun Nair,Meta Ads,68999,"12/05/2026, 01:20 PM",25100,Eduvanz,Paid,
May-26,ADS,DA Search Ads,GSN,DA-B14,02/05/2026,Kiran Yadav,kiran.yadav@yahoo.com,7657523986,Suresh Bhat,WhatsApp,57999,"08/05/2026, 03:18 PM",25700,Self Finance,Refunded,
May-26,ADS,DS Meta Ads,META,DS-B09,09/05/2026,Geeta Hegde,geeta.hegde674@outlook.com,6623951244,Meera Pillai,Meta Ads,61999,"12/05/2026, 11:48 AM",22600,,Paid,
May-26,YT Referral,Gen AI Search Ads,SEM,GENAI-B03,17/05/2026,Sneha Fernandes,sneha_fernandes98@yahoo.com,9121993384,Deepak Verma,Meta Ads,79999,"18/05/2026, 01:26 PM",30100,Self Finance,Loan Disbursed,
May-26,ADS Referral,DM Meta Ads,INST,DM-B08,15/05/2026,Pradeep Fernandes,pradeepfernandes670@outlook.com,8656258891,Arjun Nair,YouTube,40999,"29/05/2026, 02:07 PM",18800,HDFC Credila,Pending,
May-26,YT Referral,DS Meta Ads,FB,DS-B08,10/05/2026,Ravi Yadav,ravi.yadav741@rediffmail.com,7249117443,Vikram Das,Referral,77999,"13/05/2026, 11:38 AM",31600,Eduvanz,Paid,
May-26,ADS,AI/ML Search Ads,GSN,AIML-B03,26/05/2026,Mohit Kumar,mohitkumar@outlook.com,7646678115,Sneha Iyer,Organic,66999,"25/05/2026, 06:25 PM",21800,Propelld,Paid,
May-26,ADS,Gen AI Search Ads,SEM,GENAI-B04,01/05/2026,Gaurav Varma,gauravvarma@gmail.com,7205435331,Vikram Das,YouTube,74999,"03/05/2026, 11:21 AM",19200,,Paid,
May-26,ADS,Gen AI Search Ads,SEM,GENAI-B04,05/05/2026,Bhavna Pandey,bhavnapandey468@hotmail.com,8493712081,Meera Pillai,Google Ads,56999,"18/05/2026, 09:11 PM",18500,,Paid,
May-26,YT,DA Search Ads,SEM,DA-B13,30/05/2026,Amit Agarwal,amitagarwal840@gmail.com,8823810456,Kavya Reddy,YouTube,63999,"19/05/2026, 07:49 PM",15600,Propelld,Paid,
May-26,ADS,DS Search Ads,SEM,DS-B09,06/05/2026,Arjun Naidu,arjun.naidu162@rediffmail.com,7456353801,Priya Sharma,YouTube,65999,"02/05/2026, 09:51 AM",17900,NBFC Direct,Pending,
May-26,ADS,DS Search Ads,GADS,DS-B10,11/05/2026,Pradeep Naidu,pradeep_naidu@yahoo.com,7420182378,Meera Pillai,Google Ads,79999,"27/05/2026, 06:40 PM",31500,Eduvanz,Paid,
May-26,ADS,DA Search Ads,GSN,DA-B12,29/05/2026,Yash Kapoor,yashkapoor@gmail.com,9204884068,Rahul Menon,Google Ads,57999,"25/05/2026, 05:16 PM",23300,,Paid,
May-26,YT,Gen AI Search Ads,SEM,GENAI-B04,03/05/2026,Pallavi Joshi,pallavijoshi207@gmail.com,7017573581,Arjun Nair,Meta Ads,71999,"05/05/2026, 11:14 AM",27000,Self Finance,Paid,
May-26,ADS,Gen AI Meta Ads,META,GENAI-B04,18/05/2026,Geeta Yadav,geeta.yadav@yahoo.com,9942040153,Suresh Bhat,Google Ads,71999,"09/05/2026, 04:57 PM",29400,Self Finance,Loan Disbursed,
May-26,ADS,BA Meta Ads,META,BA-B05,21/05/2026,Gaurav Bose,gauravbose@outlook.com,6764121931,Kavya Reddy,Meta Ads,58999,"31/05/2026, 10:31 PM",22000,Self Finance,Loan Disbursed,
May-26,ADS,DS Search Ads,GADS,DS-B10,17/05/2026,Mohit Chopra,mohit.chopra773@gmail.com,7502778621,Kavya Reddy,Email,64999,"25/05/2026, 01:18 PM",32000,HDFC Credila,Paid,
May-26,ADS,DS Search Ads,SEM,DS-B10,19/05/2026,Kiran Menon,kiran_menon@hotmail.com,6141669615,Ananya Joshi,Meta Ads,83999,"25/05/2026, 11:24 AM",38200,Auxilo,Paid,
May-26,ADS,DM Meta Ads,FB,DM-B08,03/05/2026,Meera Pandey,meerapandey114@yahoo.com,7319135001,Deepak Verma,Google Ads,42999,"18/05/2026, 09:25 PM",14600,Self Finance,Paid,
May-26,ADS,DA Search Ads,GSN,DA-B14,21/05/2026,Dhruv Yadav,dhruvyadav575@hotmail.com,8814120289,Vikram Das,Google Ads,58999,"08/05/2026, 01:48 PM",19800,,Partial,
May-26,YT Referral,DS Search Ads,SEM,DS-B08,10/05/2026,Arjun Yadav,arjunyadav827@rediffmail.com,8655926946,Priya Sharma,Organic,70999,"25/05/2026, 06:28 PM",28200,Self Finance,Paid,
May-26,ADS,Gen AI Meta Ads,META,GENAI-B04,14/05/2026,Gaurav Nair,gaurav.nair@outlook.com,8373744165,Suresh Bhat,Meta Ads,73999,"02/05/2026, 08:10 PM",18200,Self Finance,Paid,
May-26,ADS,Gen AI Search Ads,GSN,GENAI-B03,30/05/2026,Esha Singh,eshasingh@gmail.com,8248364433,Suresh Bhat,Google Ads,55999,"07/05/2026, 09:07 AM",22900,Self Finance,Paid,
May-26,ADS,Gen AI Search Ads,GSN,GENAI-B03,22/05/2026,Meera Joshi,meera_joshi@yahoo.com,9988879286,Vikram Das,Meta Ads,57999,"16/05/2026, 08:07 PM",23800,,Pending,
May-26,YT,DA Meta Ads,INST,DA-B14,23/05/2026,Esha Singh,esha.singh398@yahoo.com,6201819654,Arjun Nair,Google Ads,61999,"05/05/2026, 09:41 AM",13600,HDFC Credila,Paid,
May-26,ADS Referral,Gen AI Search Ads,GSN,GENAI-B04,18/05/2026,Bhavna Rao,bhavna.rao463@hotmail.com,6280428760,Deepak Verma,Organic,58999,"16/05/2026, 05:13 PM",15600,Self Finance,Partial,
May-26,YT,BA Meta Ads,META,BA-B05,05/05/2026,Aditya Ghosh,aditya_ghosh586@outlook.com,7735252820,Vikram Das,Meta Ads,54999,"21/05/2026, 11:39 AM",13700,Self Finance,Partial,
May-26,YT Referral,DA Search Ads,SEM,DA-B14,18/05/2026,Pradeep Fernandes,pradeep.fernandes@yahoo.com,7684039376,Kavya Reddy,Referral,58999,"13/05/2026, 10:29 PM",12500,Auxilo,Partial,
May-26,ADS,Gen AI Meta Ads,META,GENAI-B03,25/05/2026,Pallavi Shah,pallavi_shah@outlook.com,6978470710,Rahul Menon,Meta Ads,58999,"02/05/2026, 05:38 PM",15800,,Loan Disbursed,
May-26,ADS,DM Meta Ads,FB,DM-B08,08/05/2026,Esha Bose,eshabose@hotmail.com,9386899910,Meera Pillai,YouTube,36999,"10/05/2026, 08:00 PM",8500,Self Finance,Pending,
May-26,ADS,DA Search Ads,SEM,DA-B14,29/05/2026,Pradeep Menon,pradeepmenon501@yahoo.com,9517409775,Rahul Menon,Google Ads,56999,"23/05/2026, 10:07 AM",15100,,Paid,
May-26,YT,DM Meta Ads,FB,DM-B08,30/05/2026,Ananya Iyer,ananya.iyer237@rediffmail.com,8958901883,Vikram Das,Google Ads,39999,"23/05/2026, 10:45 AM",12000,,Partial,
May-26,YT,DS Meta Ads,META,DS-B09,26/05/2026,Tanvi Nair,tanvi_nair@outlook.com,9179605204,Suresh Bhat,Google Ads,62999,"03/05/2026, 02:05 PM",17100,Propelld,Paid,
May-26,ADS,DS Search Ads,SEM,DS-B08,27/05/2026,Meera Kapoor,meerakapoor616@hotmail.com,8029108667,Rahul Menon,Google Ads,82999,"31/05/2026, 12:46 PM",27000,HDFC Credila,Paid,
May-26,YT,DS Search Ads,SEM,DS-B09,03/05/2026,Priya Iyer,priyaiyer@outlook.com,7918099198,Deepak Verma,Meta Ads,74999,"31/05/2026, 10:13 AM",15200,Self Finance,Pending,
May-26,ADS,DM Meta Ads,INST,DM-B08,10/05/2026,Jaya Pillai,jaya.pillai@gmail.com,6149195612,Rahul Menon,YouTube,49999,"16/05/2026, 11:29 AM",17000,Propelld,Paid,
May-26,ADS,DA Meta Ads,INST,DA-B14,01/05/2026,Pooja Hegde,poojahegde@hotmail.com,7440266307,Rahul Menon,Meta Ads,58999,"08/05/2026, 10:15 PM",21100,,Paid,
May-26,YT Referral,Gen AI Meta Ads,FB,GENAI-B03,13/05/2026,Deepa Kumar,deepakumar@gmail.com,7428260270,Vikram Das,Referral,67999,"14/05/2026, 03:19 PM",24100,,Partial,
May-26,ADS,DS Search Ads,GSN,DS-B08,24/05/2026,Yash Pillai,yashpillai13@rediffmail.com,7937245205,Rahul Menon,Organic,64999,"10/05/2026, 03:21 PM",25000,,Pending,
May-26,ADS,DS Search Ads,SEM,DS-B08,06/05/2026,Gaurav Sharma,gaurav_sharma786@hotmail.com,6921797868,Priya Sharma,WhatsApp,73999,"22/05/2026, 12:13 PM",36100,NBFC Direct,Paid,
May-26,YT,DS Meta Ads,FB,DS-B08,20/05/2026,Ishaan Menon,ishaan.menon@yahoo.com,6043227937,Meera Pillai,Meta Ads,62999,"24/05/2026, 05:40 PM",23900,Self Finance,Paid,
May-26,ADS,CS Search Ads,GSN,CS-B05,27/05/2026,Geeta Sharma,geeta_sharma734@outlook.com,6500693675,Meera Pillai,Google Ads,55999,"03/05/2026, 11:24 AM",19200,Self Finance,Pending,
May-26,YT Referral,DA Search Ads,GADS,DA-B13,05/05/2026,Akash Desai,akash.desai587@hotmail.com,9353034319,Suresh Bhat,Meta Ads,66999,"24/05/2026, 11:47 AM",29800,,Paid,
May-26,ADS,DS Search Ads,GADS,DS-B10,30/05/2026,Ravi Shah,ravi.shah287@rediffmail.com,6622008089,Deepak Verma,Email,69999,"31/05/2026, 09:01 AM",22400,Eduvanz,Partial,
May-26,ADS,CS Search Ads,GSN,CS-B05,16/05/2026,Karan Ghosh,karan.ghosh712@hotmail.com,8508498742,Priya Sharma,Meta Ads,65999,"05/05/2026, 10:01 AM",27400,Propelld,Paid,
May-26,ADS Referral,AI/ML Search Ads,SEM,AIML-B03,12/05/2026,Yash Bose,yash_bose346@gmail.com,7041520573,Meera Pillai,Meta Ads,69999,"15/05/2026, 09:44 PM",31200,Auxilo,Paid,
May-26,YT,CS Search Ads,GSN,CS-B04,01/05/2026,Shruti Mehta,shrutimehta349@gmail.com,6122446782,Arjun Nair,Google Ads,51999,"28/05/2026, 06:46 PM",22800,Self Finance,Paid,
May-26,ADS,DA Search Ads,SEM,DA-B12,09/05/2026,Nikhil Verma,nikhil.verma@gmail.com,9832548962,Kavya Reddy,Organic,64999,"09/05/2026, 03:18 PM",24500,Propelld,Paid,
May-26,YT,DM Meta Ads,INST,DM-B07,24/05/2026,Kritika Yadav,kritika.yadav@rediffmail.com,6290816645,Arjun Nair,Google Ads,45999,"16/05/2026, 07:23 PM",17100,Auxilo,Paid,
May-26,ADS,Gen AI Search Ads,GADS,GENAI-B04,13/05/2026,Deepa Jain,deepa.jain975@yahoo.com,6847015337,Suresh Bhat,Meta Ads,60999,"01/05/2026, 02:12 PM",29500,Propelld,Paid,
May-26,ADS Referral,CS Search Ads,GADS,CS-B05,16/05/2026,Bhavna Fernandes,bhavna_fernandes@hotmail.com,7354071448,Suresh Bhat,YouTube,67999,"11/05/2026, 10:04 PM",15800,Eduvanz,Paid,
May-26,ADS,DM Meta Ads,META,DM-B07,19/05/2026,Divya Naidu,divya.naidu@yahoo.com,9931943384,Deepak Verma,Meta Ads,35999,"09/05/2026, 05:31 PM",11800,Auxilo,Paid,
May-26,ADS,DM Meta Ads,FB,DM-B07,27/05/2026,Rahul Shah,rahul_shah197@rediffmail.com,6872648680,Kavya Reddy,YouTube,37999,"16/05/2026, 06:54 PM",10200,Eduvanz,Paid,
May-26,YT Referral,Gen AI Search Ads,GADS,GENAI-B04,13/05/2026,Sneha Pillai,sneha.pillai329@yahoo.com,6280578607,Sneha Iyer,Meta Ads,76999,"16/05/2026, 08:17 PM",17300,Eduvanz,Partial,
May-26,YT,DM Meta Ads,META,DM-B07,24/05/2026,Suresh Kumar,sureshkumar791@gmail.com,8421252013,Rahul Menon,Organic,47999,"04/05/2026, 05:07 PM",10200,,Loan Disbursed,
May-26,ADS Referral,DS Meta Ads,FB,DS-B09,30/05/2026,Akash Joshi,akash.joshi726@hotmail.com,6030213143,Rahul Menon,Meta Ads,69999,"05/05/2026, 07:40 PM",34100,NBFC Direct,Paid,
May-26,YT Referral,Gen AI Meta Ads,META,GENAI-B04,08/05/2026,Swati Jain,swatijain@rediffmail.com,9406059397,Meera Pillai,Google Ads,64999,"04/05/2026, 01:49 PM",31800,Self Finance,Partial,
May-26,ADS,CS Search Ads,GSN,CS-B05,04/05/2026,Isha Rajan,isha_rajan@gmail.com,8245229794,Suresh Bhat,YouTube,57999,"25/05/2026, 10:50 AM",13800,,Pending,
May-26,YT,DA Meta Ads,FB,DA-B13,21/05/2026,Tanvi Shetty,tanvi_shetty429@yahoo.com,9508826131,Rahul Menon,Google Ads,62999,"21/05/2026, 02:56 PM",22000,Self Finance,Paid,
May-26,ADS,DS Search Ads,GADS,DS-B09,25/05/2026,Sneha Bose,sneha.bose@rediffmail.com,9226317335,Rahul Menon,YouTube,66999,"13/05/2026, 10:04 AM",32600,HDFC Credila,Paid,
May-26,YT,Gen AI Meta Ads,META,GENAI-B03,12/05/2026,Varun Shah,varun.shah186@gmail.com,7799309550,Priya Sharma,Organic,76999,"21/05/2026, 07:15 PM",24000,Self Finance,Partial,
May-26,ADS,Gen AI Meta Ads,FB,GENAI-B03,10/05/2026,Harish Tiwari,harish.tiwari@outlook.com,9047326825,Rahul Menon,Google Ads,72999,"05/05/2026, 03:14 PM",15100,HDFC Credila,Paid,
May-26,YT Referral,Gen AI Meta Ads,META,GENAI-B04,01/05/2026,Mohit Desai,mohitdesai205@gmail.com,6899258038,Sneha Iyer,Meta Ads,55999,"08/05/2026, 12:40 PM",17000,Propelld,Paid,
May-26,ADS,DA Search Ads,SEM,DA-B14,23/05/2026,Amit Shetty,amitshetty949@outlook.com,8222591665,Deepak Verma,YouTube,66999,"09/05/2026, 12:10 PM",21900,Self Finance,Paid,
May-26,YT,Gen AI Search Ads,SEM,GENAI-B03,31/05/2026,Deepa Chopra,deepa_chopra226@gmail.com,9372076796,Arjun Nair,Google Ads,76999,"08/05/2026, 05:33 PM",35500,Self Finance,Paid,
May-26,ADS,DA Meta Ads,INST,DA-B13,25/05/2026,Hemant Rao,hemant_rao671@gmail.com,6802213927,Meera Pillai,Meta Ads,53999,"14/05/2026, 11:03 AM",14300,Self Finance,Paid,
May-26,YT,Gen AI Meta Ads,META,GENAI-B04,25/05/2026,Gaurav Hegde,gaurav_hegde847@gmail.com,9439101588,Rahul Menon,WhatsApp,77999,"20/05/2026, 02:07 PM",18900,Self Finance,Pending,
May-26,ADS Referral,Gen AI Search Ads,GSN,GENAI-B04,25/05/2026,Divya Das,divyadas@gmail.com,7562019448,Kavya Reddy,Google Ads,63999,"09/05/2026, 11:13 AM",17700,Self Finance,Loan Disbursed,
May-26,ADS,DM Meta Ads,META,DM-B08,06/05/2026,Jaya Das,jaya_das885@hotmail.com,8390071558,Meera Pillai,Google Ads,49999,"02/05/2026, 05:21 PM",20900,Propelld,Partial,
May-26,YT,Gen AI Search Ads,GADS,GENAI-B03,11/05/2026,Suresh Varma,suresh_varma581@yahoo.com,9849211270,Vikram Das,WhatsApp,59999,"11/05/2026, 02:23 PM",28800,Self Finance,Paid,
May-26,ADS,BA Meta Ads,META,BA-B05,23/05/2026,Rohit Singh,rohit_singh@hotmail.com,6772208727,Vikram Das,WhatsApp,54999,"07/05/2026, 03:42 PM",26400,NBFC Direct,Paid,
May-26,ADS,BA Search Ads,GADS,BA-B06,06/05/2026,Vishal Reddy,vishalreddy@yahoo.com,8011394055,Suresh Bhat,Meta Ads,56999,"26/05/2026, 02:40 PM",22300,Self Finance,Partial,
May-26,ADS Referral,DA Search Ads,SEM,DA-B14,07/05/2026,Kritika Yadav,kritikayadav812@rediffmail.com,7022481620,Meera Pillai,Referral,53999,"21/05/2026, 10:02 PM",20200,,Paid,
May-26,YT,DA Meta Ads,INST,DA-B12,12/05/2026,Rohit Chopra,rohit.chopra225@yahoo.com,6103446196,Sneha Iyer,Referral,56999,"07/05/2026, 07:38 PM",18400,,Loan Disbursed,
May-26,ADS,DA Search Ads,GSN,DA-B12,15/05/2026,Vinay Verma,vinayverma966@yahoo.com,7403398400,Vikram Das,YouTube,69999,"20/05/2026, 09:55 PM",20100,Propelld,Paid,
May-26,ADS Referral,BA Search Ads,GADS,BA-B05,25/05/2026,Gaurav Nair,gauravnair253@yahoo.com,7956009518,Priya Sharma,YouTube,45999,"26/05/2026, 05:47 PM",13600,Self Finance,Paid,
May-26,YT,Gen AI Meta Ads,FB,GENAI-B04,24/05/2026,Kiran Menon,kiran_menon@yahoo.com,9651449726,Deepak Verma,Meta Ads,72999,"12/05/2026, 01:31 PM",20000,Eduvanz,Paid,
May-26,YT,Gen AI Search Ads,GADS,GENAI-B04,14/05/2026,Aarav Kumar,aaravkumar988@gmail.com,8880969565,Sneha Iyer,Organic,59999,"12/05/2026, 10:22 AM",13600,,Partial,
May-26,YT Referral,AI/ML Search Ads,GSN,AIML-B03,12/05/2026,Pradeep Ghosh,pradeep_ghosh942@outlook.com,7783498615,Ananya Joshi,WhatsApp,82999,"10/05/2026, 12:42 PM",21100,Propelld,Paid,
May-26,ADS,DS Meta Ads,META,DS-B08,30/05/2026,Vishal Kapoor,vishal_kapoor@outlook.com,8074300803,Ananya Joshi,Meta Ads,75999,"07/05/2026, 04:25 PM",15600,Propelld,Paid,
May-26,YT,DM Meta Ads,META,DM-B08,11/05/2026,Kritika Fernandes,kritikafernandes756@hotmail.com,9752997981,Sneha Iyer,Meta Ads,41999,"17/05/2026, 05:07 PM",18800,Propelld,Paid,
May-26,YT Referral,DA Meta Ads,META,DA-B14,25/05/2026,Sonia Singh,sonia_singh97@rediffmail.com,6170555947,Suresh Bhat,Google Ads,50999,"27/05/2026, 04:00 PM",24100,Self Finance,Paid,
May-26,ADS,DS Search Ads,GSN,DS-B10,11/05/2026,Pooja Rao,pooja.rao@yahoo.com,7489426835,Priya Sharma,Organic,68999,"02/05/2026, 04:14 PM",17800,,Pending,
May-26,ADS,DS Search Ads,SEM,DS-B08,04/05/2026,Harish Rajan,harish_rajan@gmail.com,9092101226,Rahul Menon,Google Ads,62999,"17/05/2026, 04:19 PM",17800,Self Finance,Paid,
May-26,YT Referral,DA Meta Ads,INST,DA-B14,03/05/2026,Rohan Shah,rohan.shah@hotmail.com,9644064880,Sneha Iyer,Google Ads,61999,"10/05/2026, 03:26 PM",25400,Eduvanz,Loan Disbursed,08/05/2026
May-26,ADS Referral,AI/ML Search Ads,SEM,AIML-B02,14/05/2026,Yash Kumar,yash.kumar344@rediffmail.com,8965382302,Rahul Menon,Meta Ads,65999,"19/05/2026, 10:06 AM",15000,HDFC Credila,Paid,
May-26,YT,Gen AI Meta Ads,META,GENAI-B04,18/05/2026,Bhavna Varma,bhavnavarma@gmail.com,9412418037,Vikram Das,Referral,72999,"31/05/2026, 02:41 PM",16700,Auxilo,Paid,
May-26,ADS,DA Meta Ads,INST,DA-B12,21/05/2026,Shruti Chopra,shruti_chopra785@outlook.com,6283562948,Vikram Das,Google Ads,56999,"16/05/2026, 10:11 AM",18800,Propelld,Loan Disbursed,29/05/2026
May-26,YT,DS Search Ads,SEM,DS-B09,10/05/2026,Swati Singh,swati_singh@rediffmail.com,8517411928,Sneha Iyer,Meta Ads,78999,"30/05/2026, 03:34 PM",39300,Propelld,Loan Disbursed,16/05/2026
May-26,YT,DM Meta Ads,FB,DM-B07,15/05/2026,Pradeep Gupta,pradeep_gupta126@yahoo.com,6441016774,Arjun Nair,YouTube,43999,"03/05/2026, 02:16 PM",9400,Eduvanz,Loan Disbursed,21/05/2026
May-26,ADS,DM Meta Ads,FB,DM-B08,07/05/2026,Aarav Gupta,aarav_gupta58@yahoo.com,9397065467,Sneha Iyer,YouTube,36999,"14/05/2026, 09:53 PM",8000,Propelld,Pending,
Jun-26,ADS,BA Search Ads,GADS,BA-B06,08/06/2026,Manish Kapoor,manishkapoor@yahoo.com,8304070456,Vikram Das,Meta Ads,57999,"17/06/2026, 10:22 AM",15800,Eduvanz,Paid,
Jun-26,ADS Referral,DS Meta Ads,META,DS-B09,10/06/2026,Sneha Joshi,sneha.joshi515@hotmail.com,6993303599,Arjun Nair,YouTube,69999,"10/06/2026, 02:23 PM",16800,Self Finance,Partial,
Jun-26,ADS Referral,Gen AI Search Ads,SEM,GENAI-B04,08/06/2026,Esha Ghosh,esha_ghosh438@outlook.com,6030345792,Priya Sharma,Google Ads,78999,"17/06/2026, 07:26 PM",18900,Propelld,Paid,
Jun-26,ADS Referral,Gen AI Meta Ads,META,GENAI-B03,26/06/2026,Isha Verma,isha.verma@hotmail.com,7443596689,Arjun Nair,Google Ads,68999,"19/06/2026, 02:19 PM",28400,Auxilo,Paid,
Jun-26,YT Referral,DS Meta Ads,META,DS-B10,05/06/2026,Anjali Das,anjali.das@rediffmail.com,8917251557,Deepak Verma,YouTube,62999,"30/06/2026, 03:30 PM",19100,Propelld,Paid,
Jun-26,ADS Referral,DA Meta Ads,META,DA-B14,16/06/2026,Pallavi Nair,pallavi.nair226@gmail.com,7425198831,Vikram Das,YouTube,50999,"01/06/2026, 09:50 AM",22700,Auxilo,Paid,
Jun-26,ADS,Gen AI Meta Ads,META,GENAI-B03,28/06/2026,Harish Reddy,harish_reddy@outlook.com,8165771636,Sneha Iyer,Google Ads,76999,"26/06/2026, 12:39 PM",28100,Self Finance,Loan Disbursed,
Jun-26,ADS Referral,DS Meta Ads,FB,DS-B10,20/06/2026,Ananya Patel,ananya_patel162@yahoo.com,6797406949,Ananya Joshi,Google Ads,65999,"28/06/2026, 11:13 AM",20100,Propelld,Paid,
Jun-26,YT,AI/ML Search Ads,SEM,AIML-B03,16/06/2026,Tanvi Joshi,tanvijoshi@yahoo.com,7585599223,Deepak Verma,Google Ads,66999,"16/06/2026, 08:26 PM",25000,Propelld,Partial,
Jun-26,ADS,AI/ML Search Ads,SEM,AIML-B03,12/06/2026,Amit Bose,amit_bose@hotmail.com,7950831815,Meera Pillai,YouTube,84999,"11/06/2026, 01:31 PM",39400,Eduvanz,Paid,
Jun-26,YT,AI/ML Search Ads,SEM,AIML-B02,08/06/2026,Lakshmi Naidu,lakshminaidu@hotmail.com,9266633124,Sneha Iyer,Google Ads,81999,"25/06/2026, 10:39 PM",27500,Eduvanz,Partial,
Jun-26,ADS Referral,DM Meta Ads,INST,DM-B07,07/06/2026,Amit Chopra,amit.chopra@rediffmail.com,7756230976,Rahul Menon,Referral,36999,"01/06/2026, 11:33 AM",12000,Propelld,Paid,
Jun-26,YT Referral,DA Search Ads,GADS,DA-B13,11/06/2026,Ravi Desai,ravidesai684@yahoo.com,8692236740,Deepak Verma,Meta Ads,65999,"06/06/2026, 05:46 PM",27800,,Paid,
Jun-26,ADS,BA Meta Ads,INST,BA-B06,13/06/2026,Kiran Naidu,kiran_naidu@rediffmail.com,9206091882,Deepak Verma,Meta Ads,59999,"12/06/2026, 09:15 PM",20500,Self Finance,Loan Disbursed,
Jun-26,ADS,Gen AI Search Ads,SEM,GENAI-B03,06/06/2026,Hemant Pandey,hemantpandey956@hotmail.com,6531898489,Rahul Menon,Organic,56999,"29/06/2026, 06:09 PM",15500,Self Finance,Paid,
Jun-26,ADS,DA Meta Ads,INST,DA-B12,17/06/2026,Manish Kapoor,manish_kapoor866@rediffmail.com,7691833922,Kavya Reddy,Meta Ads,64999,"22/06/2026, 07:55 PM",29400,NBFC Direct,Paid,
Jun-26,ADS,Gen AI Search Ads,GADS,GENAI-B04,08/06/2026,Aditya Agarwal,adityaagarwal@hotmail.com,7495021240,Vikram Das,Meta Ads,66999,"04/06/2026, 04:42 PM",20000,Propelld,Pending,
Jun-26,YT Referral,Gen AI Search Ads,SEM,GENAI-B03,07/06/2026,Bhavna Kapoor,bhavna_kapoor582@outlook.com,7075450712,Kavya Reddy,Google Ads,77999,"15/06/2026, 10:02 AM",20700,HDFC Credila,Pending,
Jun-26,ADS,Gen AI Meta Ads,META,GENAI-B03,10/06/2026,Gaurav Reddy,gauravreddy883@gmail.com,9767656319,Rahul Menon,Organic,65999,"26/06/2026, 08:58 PM",30700,,Paid,
Jun-26,YT,Gen AI Search Ads,SEM,GENAI-B04,15/06/2026,Isha Rajan,isha_rajan@outlook.com,8468234051,Deepak Verma,Referral,61999,"17/06/2026, 12:26 PM",15700,Self Finance,Loan Disbursed,
Jun-26,YT Referral,BA Meta Ads,META,BA-B06,13/06/2026,Meera Shah,meera_shah@rediffmail.com,7118134952,Priya Sharma,Referral,47999,"16/06/2026, 08:29 PM",13600,Propelld,Loan Disbursed,19/06/2026
Jun-26,ADS,DS Meta Ads,META,DS-B08,26/06/2026,Sonia Pillai,soniapillai278@gmail.com,9876259943,Priya Sharma,Google Ads,63999,"02/06/2026, 04:11 PM",30100,Auxilo,Loan Disbursed,09/06/2026
Jun-26,ADS,DA Meta Ads,FB,DA-B13,11/06/2026,Anjali Desai,anjali_desai203@outlook.com,6829823941,Priya Sharma,YouTube,55999,"30/06/2026, 11:57 AM",24500,Self Finance,Paid,
Jun-26,ADS Referral,DS Search Ads,GADS,DS-B10,23/06/2026,Deepa Singh,deepa_singh@gmail.com,8318933245,Suresh Bhat,Google Ads,62999,"23/06/2026, 09:22 PM",13900,,Loan Disbursed,
Jun-26,YT Referral,DM Meta Ads,FB,DM-B07,05/06/2026,Lakshmi Kapoor,lakshmi.kapoor276@yahoo.com,6664508607,Sneha Iyer,YouTube,36999,"23/06/2026, 03:06 PM",8900,Self Finance,Paid,
Jun-26,ADS Referral,Gen AI Search Ads,SEM,GENAI-B03,13/06/2026,Divya Jain,divya.jain313@rediffmail.com,9080799987,Ananya Joshi,YouTube,58999,"14/06/2026, 04:25 PM",14100,Eduvanz,Paid,
Jun-26,ADS Referral,AI/ML Search Ads,GSN,AIML-B03,23/06/2026,Ravi Pillai,ravi.pillai@yahoo.com,9258190914,Rahul Menon,YouTube,88999,"11/06/2026, 01:10 PM",19300,Self Finance,Paid,
Jun-26,YT,DA Search Ads,GADS,DA-B14,11/06/2026,Uday Patel,uday.patel925@gmail.com,8234414572,Priya Sharma,Email,61999,"04/06/2026, 07:49 PM",15900,Propelld,Paid,
Jun-26,ADS Referral,DM Meta Ads,INST,DM-B07,30/06/2026,Deepak Agarwal,deepak.agarwal@rediffmail.com,7430046451,Deepak Verma,YouTube,41999,"29/06/2026, 04:10 PM",19800,,Loan Disbursed,
Jun-26,ADS Referral,Gen AI Search Ads,SEM,GENAI-B04,25/06/2026,Varun Menon,varun_menon792@gmail.com,6724138053,Ananya Joshi,Meta Ads,65999,"21/06/2026, 10:46 AM",16100,Eduvanz,Paid,
Jun-26,YT,CS Search Ads,GSN,CS-B05,09/06/2026,Varun Verma,varunverma@outlook.com,9359948863,Arjun Nair,YouTube,54999,"06/06/2026, 03:53 PM",26400,Self Finance,Partial,
Jun-26,ADS Referral,DM Meta Ads,FB,DM-B08,09/06/2026,Chetan Iyer,chetan_iyer@rediffmail.com,9686008384,Meera Pillai,Meta Ads,38999,"17/06/2026, 02:29 PM",11000,Propelld,Paid,
Jun-26,ADS,DS Search Ads,SEM,DS-B08,26/06/2026,Mohit Nair,mohit_nair@gmail.com,6451621431,Arjun Nair,YouTube,77999,"10/06/2026, 09:02 AM",17900,Eduvanz,Paid,
Jun-26,YT,DA Search Ads,SEM,DA-B14,14/06/2026,Manish Patel,manish_patel@hotmail.com,9952759438,Sneha Iyer,Organic,62999,"30/06/2026, 12:22 PM",29300,,Paid,
Jun-26,ADS,DS Search Ads,SEM,DS-B09,26/06/2026,Sonia Yadav,sonia_yadav@gmail.com,7572285246,Priya Sharma,Google Ads,81999,"04/06/2026, 12:11 PM",27100,Eduvanz,Paid,
Jun-26,ADS Referral,DA Meta Ads,META,DA-B14,23/06/2026,Pradeep Gupta,pradeep.gupta@rediffmail.com,7660822834,Ananya Joshi,Referral,50999,"11/06/2026, 04:23 PM",23100,,Paid,
Jun-26,YT,DA Meta Ads,FB,DA-B12,15/06/2026,Geeta Ghosh,geeta.ghosh312@gmail.com,6055605506,Suresh Bhat,Referral,62999,"30/06/2026, 07:33 PM",20500,Auxilo,Paid,
Jun-26,YT,DS Search Ads,GADS,DS-B10,01/06/2026,Divya Rao,divya_rao454@yahoo.com,8950090686,Sneha Iyer,Meta Ads,63999,"07/06/2026, 06:25 PM",22600,,Paid,
Jun-26,ADS,Gen AI Meta Ads,FB,GENAI-B03,11/06/2026,Ravi Bose,ravi.bose@yahoo.com,7610355570,Deepak Verma,Google Ads,59999,"20/06/2026, 09:37 AM",15900,,Pending,
Jun-26,YT Referral,DA Search Ads,GADS,DA-B12,03/06/2026,Dhruv Reddy,dhruvreddy927@rediffmail.com,8504010943,Deepak Verma,Meta Ads,63999,"02/06/2026, 11:13 AM",20600,NBFC Direct,Paid,
Jun-26,ADS,BA Meta Ads,META,BA-B06,28/06/2026,Geeta Verma,geeta.verma@hotmail.com,6086375014,Kavya Reddy,Organic,50999,"11/06/2026, 03:37 PM",18400,Self Finance,Loan Disbursed,
Jun-26,YT,DS Meta Ads,META,DS-B10,24/06/2026,Mohit Sharma,mohit_sharma563@rediffmail.com,7435528392,Sneha Iyer,Meta Ads,71999,"03/06/2026, 06:35 PM",35000,Self Finance,Partial,
Jun-26,ADS,AI/ML Search Ads,GSN,AIML-B03,10/06/2026,Anjali Chopra,anjali_chopra@gmail.com,7805475642,Arjun Nair,Google Ads,65999,"19/06/2026, 05:38 PM",26600,Self Finance,Partial,
Jun-26,ADS Referral,BA Search Ads,GSN,BA-B06,21/06/2026,Rahul Jain,rahul_jain@yahoo.com,8784629510,Deepak Verma,Email,48999,"21/06/2026, 10:45 AM",15700,Eduvanz,Paid,
Jun-26,YT,Gen AI Meta Ads,META,GENAI-B04,19/06/2026,Jaya Shah,jaya.shah@yahoo.com,9520983247,Priya Sharma,YouTube,61999,"01/06/2026, 04:58 PM",13600,Eduvanz,Pending,
Jun-26,ADS Referral,DA Search Ads,SEM,DA-B13,23/06/2026,Rahul Rao,rahul.rao411@rediffmail.com,7071100058,Sneha Iyer,Google Ads,50999,"27/06/2026, 09:58 AM",21600,NBFC Direct,Partial,
Jun-26,ADS Referral,DS Meta Ads,FB,DS-B09,07/06/2026,Deepak Singh,deepaksingh572@outlook.com,7071026272,Priya Sharma,Meta Ads,77999,"07/06/2026, 01:07 PM",27700,NBFC Direct,Loan Disbursed,20/06/2026
Jun-26,YT,DS Search Ads,SEM,DS-B09,22/06/2026,Sahil Hegde,sahilhegde964@hotmail.com,9589481803,Deepak Verma,Google Ads,82999,"19/06/2026, 10:46 PM",31700,Self Finance,Paid,
Jun-26,YT,CS Search Ads,GADS,CS-B04,06/06/2026,Isha Patel,isha_patel485@rediffmail.com,9418193197,Deepak Verma,Referral,53999,"15/06/2026, 01:34 PM",24800,Auxilo,Paid,
Jun-26,ADS Referral,DS Meta Ads,FB,DS-B09,10/06/2026,Ishaan Kapoor,ishaankapoor988@gmail.com,6910597312,Sneha Iyer,Google Ads,68999,"23/06/2026, 03:31 PM",14700,Self Finance,Pending,
Jun-26,ADS,DA Meta Ads,FB,DA-B12,11/06/2026,Bhavna Tiwari,bhavnatiwari@hotmail.com,8259323156,Arjun Nair,Meta Ads,67999,"27/06/2026, 11:02 AM",24600,Self Finance,Pending,
Jun-26,YT Referral,BA Meta Ads,META,BA-B05,26/06/2026,Amit Mehta,amitmehta681@rediffmail.com,8994911235,Vikram Das,Organic,52999,"06/06/2026, 09:53 AM",23500,NBFC Direct,Paid,
Jun-26,YT Referral,DS Search Ads,GADS,DS-B08,10/06/2026,Vinay Nair,vinaynair@gmail.com,6845383262,Vikram Das,Meta Ads,72999,"13/06/2026, 12:43 PM",20600,Self Finance,Loan Disbursed,
Jun-26,YT,DA Search Ads,GADS,DA-B13,30/06/2026,Sneha Kapoor,snehakapoor@hotmail.com,7796206977,Suresh Bhat,Organic,60999,"03/06/2026, 09:31 AM",23000,Self Finance,Paid,
Jun-26,ADS,Gen AI Meta Ads,META,GENAI-B03,02/06/2026,Divya Joshi,divya.joshi613@yahoo.com,7746634838,Priya Sharma,Referral,77999,"12/06/2026, 07:04 PM",18700,Self Finance,Paid,
Jun-26,ADS,DM Meta Ads,META,DM-B07,28/06/2026,Ananya Nair,ananyanair@gmail.com,8551339064,Meera Pillai,Organic,49999,"05/06/2026, 05:44 PM",13800,Auxilo,Paid,
Jun-26,ADS,AI/ML Search Ads,SEM,AIML-B02,21/06/2026,Mohit Kapoor,mohit.kapoor@yahoo.com,6173943904,Vikram Das,Referral,86999,"13/06/2026, 03:48 PM",24100,Self Finance,Paid,
Jun-26,YT,DA Meta Ads,META,DA-B14,12/06/2026,Manish Yadav,manishyadav@outlook.com,7217012589,Suresh Bhat,Meta Ads,67999,"29/06/2026, 09:42 PM",17700,Self Finance,Partial,
Jun-26,ADS Referral,DS Search Ads,GSN,DS-B09,23/06/2026,Divya Nair,divya_nair@hotmail.com,6532951839,Rahul Menon,WhatsApp,81999,"09/06/2026, 09:30 PM",29700,Propelld,Pending,
Jun-26,ADS,DS Search Ads,SEM,DS-B09,04/06/2026,Geeta Reddy,geeta_reddy643@outlook.com,9304815579,Arjun Nair,Email,81999,"15/06/2026, 11:26 AM",24000,Eduvanz,Paid,
Jun-26,YT Referral,DA Search Ads,SEM,DA-B14,11/06/2026,Aditya Shetty,aditya_shetty839@gmail.com,7993663489,Kavya Reddy,Meta Ads,51999,"16/06/2026, 07:03 PM",17600,Self Finance,Paid,
Jun-26,ADS,DM Meta Ads,INST,DM-B08,15/06/2026,Akash Nair,akash_nair49@gmail.com,6894548295,Rahul Menon,Meta Ads,47999,"23/06/2026, 12:46 PM",13600,Propelld,Partial,
Jun-26,ADS,DM Meta Ads,FB,DM-B07,14/06/2026,Karan Sharma,karansharma611@yahoo.com,7417055115,Sneha Iyer,YouTube,45999,"09/06/2026, 01:59 PM",18500,Self Finance,Partial,
Jun-26,YT Referral,DA Search Ads,SEM,DA-B12,05/06/2026,Shruti Agarwal,shrutiagarwal859@outlook.com,9143748462,Sneha Iyer,Google Ads,52999,"15/06/2026, 07:40 PM",24300,Eduvanz,Partial,
Jun-26,ADS,Gen AI Search Ads,SEM,GENAI-B04,09/06/2026,Divya Joshi,divya_joshi@rediffmail.com,6194012549,Priya Sharma,Google Ads,70999,"23/06/2026, 06:39 PM",35100,Propelld,Paid,
Jun-26,ADS,AI/ML Search Ads,GSN,AIML-B02,30/06/2026,Divya Shah,divya_shah@gmail.com,8738549656,Priya Sharma,Google Ads,81999,"27/06/2026, 07:15 PM",38500,Self Finance,Paid,
Jun-26,ADS,DS Search Ads,GSN,DS-B10,02/06/2026,Suresh Menon,suresh_menon345@gmail.com,8791645260,Deepak Verma,Meta Ads,72999,"08/06/2026, 09:01 PM",29700,Self Finance,Paid,
Jun-26,ADS Referral,AI/ML Search Ads,GSN,AIML-B02,16/06/2026,Divya Iyer,divya.iyer575@gmail.com,6244787688,Vikram Das,Google Ads,87999,"15/06/2026, 08:22 PM",27800,Propelld,Paid,
Jun-26,ADS,DM Meta Ads,INST,DM-B07,12/06/2026,Sahil Patel,sahil.patel@gmail.com,8209633598,Suresh Bhat,YouTube,49999,"23/06/2026, 08:52 PM",22800,Eduvanz,Paid,
Jun-26,ADS,DA Search Ads,GSN,DA-B12,01/06/2026,Lakshmi Desai,lakshmi_desai@gmail.com,9461435777,Priya Sharma,WhatsApp,63999,"28/06/2026, 03:25 PM",22700,Propelld,Loan Disbursed,19/06/2026
Jun-26,ADS,DM Meta Ads,INST,DM-B07,19/06/2026,Mohit Fernandes,mohit.fernandes@rediffmail.com,6431318024,Ananya Joshi,YouTube,43999,"02/06/2026, 03:57 PM",10800,Self Finance,Pending,
Jun-26,ADS,DS Meta Ads,META,DS-B08,29/06/2026,Rohan Naidu,rohan.naidu42@rediffmail.com,8506165490,Kavya Reddy,Meta Ads,67999,"19/06/2026, 08:09 PM",23100,,Paid,
Jun-26,ADS,DS Meta Ads,META,DS-B10,17/06/2026,Pooja Nair,poojanair@yahoo.com,8774581445,Priya Sharma,YouTube,64999,"28/06/2026, 09:26 PM",13200,NBFC Direct,Paid,
Jun-26,ADS,Gen AI Search Ads,GADS,GENAI-B03,13/06/2026,Pooja Nair,pooja_nair@yahoo.com,9197779548,Priya Sharma,Google Ads,57999,"19/06/2026, 09:34 AM",14500,,Paid,
Jun-26,ADS,DM Meta Ads,INST,DM-B08,02/06/2026,Gaurav Chopra,gaurav.chopra371@outlook.com,6329577076,Rahul Menon,Google Ads,40999,"08/06/2026, 03:52 PM",18900,Self Finance,Pending,
Jun-26,ADS,DS Meta Ads,FB,DS-B08,14/06/2026,Jaya Iyer,jaya.iyer@yahoo.com,7573313555,Rahul Menon,YouTube,73999,"14/06/2026, 11:55 AM",31300,HDFC Credila,Paid,
Jun-26,ADS,DS Meta Ads,META,DS-B09,02/06/2026,Rohit Varma,rohit.varma@outlook.com,9939219985,Arjun Nair,Organic,67999,"22/06/2026, 11:58 AM",14500,Self Finance,Paid,
Jun-26,ADS,DA Meta Ads,META,DA-B13,06/06/2026,Nandini Chopra,nandini_chopra@gmail.com,9901238085,Vikram Das,Meta Ads,50999,"10/06/2026, 07:46 PM",15500,Self Finance,Paid,
Jun-26,ADS Referral,DA Search Ads,GADS,DA-B13,16/06/2026,Kritika Menon,kritikamenon840@hotmail.com,9875306025,Priya Sharma,Google Ads,64999,"26/06/2026, 01:51 PM",24000,Propelld,Loan Disbursed,07/06/2026
Jun-26,ADS,CS Search Ads,GADS,CS-B05,14/06/2026,Vijay Reddy,vijayreddy@hotmail.com,6479982290,Rahul Menon,Meta Ads,58999,"26/06/2026, 12:40 PM",26000,Eduvanz,Partial,
Jun-26,ADS,DA Search Ads,GSN,DA-B12,16/06/2026,Pallavi Agarwal,pallaviagarwal111@rediffmail.com,7171076585,Ananya Joshi,Meta Ads,53999,"21/06/2026, 03:44 PM",23000,Eduvanz,Partial,
Jun-26,ADS,DS Search Ads,GSN,DS-B09,08/06/2026,Kiran Kapoor,kirankapoor301@hotmail.com,8530208795,Ananya Joshi,Organic,64999,"16/06/2026, 08:22 PM",32200,Self Finance,Paid,
Jun-26,ADS Referral,DS Search Ads,GADS,DS-B09,27/06/2026,Sandeep Varma,sandeepvarma8@outlook.com,6433142354,Arjun Nair,YouTube,72999,"20/06/2026, 10:45 AM",23000,Eduvanz,Partial,
Jun-26,YT,DS Search Ads,GADS,DS-B08,09/06/2026,Jaya Naidu,jayanaidu827@rediffmail.com,9342111474,Ananya Joshi,Organic,77999,"06/06/2026, 03:55 PM",30000,Auxilo,Loan Disbursed,16/06/2026
Jun-26,YT Referral,DM Meta Ads,META,DM-B07,21/06/2026,Kavya Gupta,kavyagupta587@gmail.com,9954111845,Deepak Verma,Meta Ads,37999,"06/06/2026, 06:44 PM",16300,,Paid,
Jun-26,YT,DA Search Ads,GADS,DA-B13,15/06/2026,Yash Shetty,yash.shetty@rediffmail.com,7111656600,Priya Sharma,Meta Ads,67999,"09/06/2026, 10:15 AM",30400,,Paid,
Jun-26,ADS,Gen AI Search Ads,GADS,GENAI-B03,30/06/2026,Manish Naidu,manish_naidu97@hotmail.com,7216841225,Arjun Nair,Google Ads,58999,"13/06/2026, 06:30 PM",22000,Self Finance,Paid,
Jun-26,ADS,DA Meta Ads,FB,DA-B12,01/06/2026,Vishal Jain,vishaljain@yahoo.com,8718464348,Meera Pillai,Meta Ads,62999,"05/06/2026, 02:58 PM",21300,,Partial,
Jun-26,ADS Referral,DS Search Ads,SEM,DS-B08,30/06/2026,Geeta Hegde,geeta.hegde718@gmail.com,9016439444,Vikram Das,YouTube,60999,"20/06/2026, 06:00 PM",14300,NBFC Direct,Refunded,
Jun-26,ADS,DS Search Ads,GADS,DS-B09,26/06/2026,Divya Naidu,divya.naidu@hotmail.com,8121748167,Rahul Menon,Google Ads,64999,"24/06/2026, 06:39 PM",25800,Auxilo,Paid,
Jun-26,YT,DS Search Ads,SEM,DS-B08,19/06/2026,Vishal Kapoor,vishal.kapoor@hotmail.com,9570092366,Suresh Bhat,Referral,76999,"25/06/2026, 07:11 PM",30700,Self Finance,Paid,
Jun-26,ADS,DA Search Ads,GSN,DA-B14,02/06/2026,Chetan Pillai,chetan.pillai@outlook.com,8216760729,Suresh Bhat,YouTube,67999,"29/06/2026, 09:18 PM",17900,Self Finance,Loan Disbursed,
Jun-26,ADS,DA Meta Ads,FB,DA-B14,08/06/2026,Aditya Hegde,aditya.hegde557@rediffmail.com,7711180835,Deepak Verma,Google Ads,51999,"22/06/2026, 04:33 PM",18900,HDFC Credila,Partial,
Jun-26,YT,DA Search Ads,GSN,DA-B14,17/06/2026,Pooja Verma,poojaverma@hotmail.com,9958610482,Sneha Iyer,Meta Ads,56999,"12/06/2026, 09:45 PM",27500,Propelld,Paid,
Jun-26,ADS,DM Meta Ads,FB,DM-B07,15/06/2026,Meera Tiwari,meera_tiwari601@rediffmail.com,6485849482,Rahul Menon,Google Ads,38999,"12/06/2026, 10:24 PM",11400,Eduvanz,Paid,
Jun-26,ADS,BA Search Ads,GADS,BA-B05,09/06/2026,Kavya Verma,kavya.verma655@hotmail.com,9482694370,Suresh Bhat,Google Ads,54999,"11/06/2026, 12:47 PM",23700,Propelld,Paid,
Jun-26,YT,Gen AI Search Ads,GSN,GENAI-B03,24/06/2026,Vishal Varma,vishal_varma@outlook.com,9245334614,Vikram Das,Meta Ads,58999,"09/06/2026, 02:48 PM",26800,Self Finance,Paid,
Jun-26,ADS,DA Meta Ads,META,DA-B12,10/06/2026,Ishaan Sharma,ishaan_sharma@rediffmail.com,8845346565,Arjun Nair,Meta Ads,61999,"07/06/2026, 09:46 AM",26800,,Paid,
Jun-26,ADS,BA Search Ads,GSN,BA-B06,17/06/2026,Varun Singh,varun_singh419@outlook.com,6040957387,Vikram Das,Meta Ads,59999,"19/06/2026, 09:57 PM",25800,Propelld,Paid,
Jun-26,ADS,Gen AI Meta Ads,META,GENAI-B03,27/06/2026,Nikhil Joshi,nikhil_joshi724@hotmail.com,6465157171,Rahul Menon,Organic,68999,"25/06/2026, 04:19 PM",32000,Self Finance,Partial,
Jun-26,ADS,DA Search Ads,GADS,DA-B12,03/06/2026,Esha Nair,esha.nair332@rediffmail.com,7686666025,Meera Pillai,Organic,66999,"01/06/2026, 02:29 PM",31000,HDFC Credila,Paid,
Jun-26,YT,DA Meta Ads,FB,DA-B12,29/06/2026,Rohan Tiwari,rohantiwari@yahoo.com,7271512816,Suresh Bhat,Meta Ads,50999,"03/06/2026, 09:54 AM",19300,,Paid,
Jun-26,ADS,DA Search Ads,SEM,DA-B13,20/06/2026,Sandeep Shah,sandeep.shah501@gmail.com,6304414451,Ananya Joshi,Google Ads,55999,"19/06/2026, 12:56 PM",22300,Propelld,Refunded,
Jun-26,ADS,DA Search Ads,GADS,DA-B13,06/06/2026,Bhavna Chopra,bhavna.chopra@outlook.com,9592751249,Arjun Nair,Organic,61999,"03/06/2026, 07:21 PM",30900,Eduvanz,Paid,
Jun-26,ADS Referral,DS Meta Ads,FB,DS-B09,25/06/2026,Vishal Varma,vishal_varma@rediffmail.com,8137320995,Suresh Bhat,Organic,61999,"08/06/2026, 11:04 AM",24600,,Paid,
Jun-26,YT,AI/ML Search Ads,SEM,AIML-B03,30/06/2026,Aditya Shah,aditya_shah139@yahoo.com,7351698588,Arjun Nair,YouTube,82999,"03/06/2026, 12:01 PM",17000,Self Finance,Paid,
Jun-26,ADS,DM Meta Ads,META,DM-B08,03/06/2026,Kritika Tiwari,kritika.tiwari@hotmail.com,8734027475,Arjun Nair,Meta Ads,42999,"12/06/2026, 10:10 AM",21300,HDFC Credila,Paid,
Jun-26,ADS,DS Meta Ads,FB,DS-B09,13/06/2026,Deepak Singh,deepak.singh@gmail.com,6525047091,Ananya Joshi,YouTube,66999,"13/06/2026, 11:13 AM",32300,Propelld,Paid,
Jun-26,ADS Referral,DM Meta Ads,FB,DM-B07,02/06/2026,Harish Hegde,harish.hegde@yahoo.com,9297736574,Vikram Das,Meta Ads,42999,"23/06/2026, 11:46 AM",12800,Auxilo,Paid,
Jun-26,YT,DA Meta Ads,FB,DA-B13,22/06/2026,Aarav Naidu,aarav_naidu341@hotmail.com,6256939940,Suresh Bhat,YouTube,50999,"28/06/2026, 05:10 PM",18800,Self Finance,Partial,
Jun-26,ADS,DA Meta Ads,META,DA-B13,16/06/2026,Pradeep Varma,pradeep_varma665@gmail.com,6840379048,Sneha Iyer,Google Ads,52999,"12/06/2026, 01:21 PM",13500,Eduvanz,Loan Disbursed,06/06/2026
Jun-26,ADS,DM Meta Ads,INST,DM-B07,26/06/2026,Pooja Pillai,pooja.pillai918@yahoo.com,8846542589,Meera Pillai,Meta Ads,47999,"25/06/2026, 09:41 PM",17700,,Paid,
Jun-26,ADS,DM Meta Ads,META,DM-B08,30/06/2026,Swati Chopra,swatichopra97@gmail.com,7491652230,Arjun Nair,Google Ads,42999,"18/06/2026, 06:46 PM",17900,Self Finance,Pending,
Jun-26,ADS,BA Search Ads,GSN,BA-B05,26/06/2026,Gaurav Gupta,gaurav_gupta@yahoo.com,7383636335,Deepak Verma,WhatsApp,57999,"22/06/2026, 09:01 AM",13400,NBFC Direct,Paid,
Jun-26,ADS,BA Meta Ads,META,BA-B05,30/06/2026,Pooja Verma,poojaverma@hotmail.com,7299742055,Meera Pillai,Google Ads,52999,"23/06/2026, 02:17 PM",17800,Self Finance,Paid,
Jun-26,ADS,CS Search Ads,GSN,CS-B05,15/06/2026,Kritika Nair,kritikanair@hotmail.com,9760309870,Sneha Iyer,Email,52999,"27/06/2026, 07:25 PM",19700,Self Finance,Pending,
Jun-26,ADS,Gen AI Search Ads,GADS,GENAI-B03,16/06/2026,Karan Nair,karannair@yahoo.com,6673313206,Priya Sharma,YouTube,70999,"18/06/2026, 06:17 PM",28800,,Partial,
Jun-26,ADS,DS Search Ads,SEM,DS-B09,17/06/2026,Bhavna Shetty,bhavna.shetty969@outlook.com,9978572831,Priya Sharma,Google Ads,67999,"05/06/2026, 12:59 PM",26000,,Paid,
Jun-26,ADS,Gen AI Meta Ads,META,GENAI-B03,02/06/2026,Pradeep Gupta,pradeep.gupta@outlook.com,7550066861,Deepak Verma,Meta Ads,57999,"29/06/2026, 04:53 PM",16100,HDFC Credila,Paid,
Jun-26,YT,DA Search Ads,GSN,DA-B14,27/06/2026,Manish Pandey,manishpandey@rediffmail.com,6776606282,Vikram Das,Google Ads,59999,"24/06/2026, 05:17 PM",14800,Eduvanz,Loan Disbursed,23/06/2026
Jun-26,YT Referral,DS Search Ads,GSN,DS-B08,10/06/2026,Mohit Shetty,mohit_shetty@yahoo.com,9473105643,Sneha Iyer,YouTube,83999,"30/06/2026, 09:16 AM",36000,Auxilo,Paid,
Jun-26,YT Referral,CS Search Ads,GADS,CS-B04,24/06/2026,Ravi Pandey,ravi.pandey822@rediffmail.com,7611907286,Meera Pillai,Meta Ads,58999,"28/06/2026, 01:35 PM",14700,Self Finance,Partial,
Jun-26,YT,BA Meta Ads,INST,BA-B06,21/06/2026,Nikhil Yadav,nikhil.yadav880@hotmail.com,7372385083,Sneha Iyer,Google Ads,46999,"19/06/2026, 02:12 PM",10600,Self Finance,Paid,
Jun-26,ADS,Gen AI Search Ads,SEM,GENAI-B04,18/06/2026,Rohit Singh,rohit_singh@rediffmail.com,9481255456,Priya Sharma,Referral,61999,"09/06/2026, 09:06 PM",17800,,Pending,
Jun-26,ADS Referral,DA Search Ads,GSN,DA-B13,24/06/2026,Pooja Tiwari,pooja_tiwari@rediffmail.com,9698628368,Suresh Bhat,Google Ads,56999,"28/06/2026, 10:18 PM",14700,Eduvanz,Paid,
Jun-26,ADS Referral,Gen AI Search Ads,SEM,GENAI-B03,21/06/2026,Kritika Jain,kritika.jain831@rediffmail.com,7896500709,Sneha Iyer,Meta Ads,71999,"22/06/2026, 09:52 AM",16100,HDFC Credila,Pending,
Jun-26,ADS,CS Search Ads,GSN,CS-B04,17/06/2026,Harish Shetty,harish_shetty854@yahoo.com,7607837184,Priya Sharma,Google Ads,56999,"23/06/2026, 10:30 PM",23500,HDFC Credila,Paid,
Jun-26,YT,BA Search Ads,GADS,BA-B06,06/06/2026,Nandini Patel,nandinipatel@rediffmail.com,6158402478,Vikram Das,YouTube,51999,"25/06/2026, 10:38 PM",17900,Self Finance,Paid,
Jun-26,YT,Gen AI Search Ads,GSN,GENAI-B04,27/06/2026,Uday Rao,uday.rao351@hotmail.com,8812774305,Kavya Reddy,Referral,57999,"18/06/2026, 08:16 PM",12200,NBFC Direct,Paid,
Jun-26,ADS,CS Search Ads,GADS,CS-B05,03/06/2026,Sahil Joshi,sahil_joshi@outlook.com,7217448641,Ananya Joshi,Meta Ads,52999,"21/06/2026, 09:27 AM",22200,Auxilo,Paid,
Jun-26,YT,DS Search Ads,GSN,DS-B10,15/06/2026,Bhavna Ghosh,bhavna.ghosh830@gmail.com,6156712693,Deepak Verma,Google Ads,73999,"16/06/2026, 10:44 PM",31300,Auxilo,Paid,
Jun-26,ADS Referral,CS Search Ads,GADS,CS-B04,27/06/2026,Sonia Kapoor,soniakapoor692@yahoo.com,7169404480,Sneha Iyer,Referral,56999,"09/06/2026, 10:08 PM",21600,Eduvanz,Paid,
Jun-26,ADS Referral,DA Search Ads,SEM,DA-B12,11/06/2026,Sandeep Sharma,sandeep_sharma@gmail.com,7146882214,Sneha Iyer,Meta Ads,65999,"23/06/2026, 04:50 PM",19000,Propelld,Partial,
Jun-26,ADS Referral,DA Search Ads,GADS,DA-B12,17/06/2026,Deepa Naidu,deepa.naidu@gmail.com,9229689056,Arjun Nair,YouTube,61999,"20/06/2026, 05:35 PM",16900,,Refunded,
Jun-26,YT Referral,DA Search Ads,GSN,DA-B12,30/06/2026,Swati Gupta,swati_gupta@hotmail.com,6127091827,Deepak Verma,Google Ads,61999,"28/06/2026, 10:11 PM",17400,Self Finance,Pending,
Jun-26,ADS,DM Meta Ads,META,DM-B08,22/06/2026,Harish Shah,harishshah603@outlook.com,8141511674,Vikram Das,Meta Ads,43999,"08/06/2026, 10:13 AM",13000,,Paid,
Jun-26,YT Referral,DA Meta Ads,INST,DA-B12,13/06/2026,Sonia Ghosh,sonia_ghosh623@hotmail.com,7221356084,Ananya Joshi,Meta Ads,62999,"22/06/2026, 12:25 PM",31400,Self Finance,Paid,
Jun-26,ADS,DS Meta Ads,META,DS-B10,24/06/2026,Dhruv Bose,dhruv.bose@hotmail.com,6617723724,Kavya Reddy,Google Ads,60999,"20/06/2026, 10:46 AM",21900,HDFC Credila,Paid,
Jun-26,YT,Gen AI Meta Ads,META,GENAI-B04,15/06/2026,Harish Chopra,harish_chopra@yahoo.com,7876706355,Ananya Joshi,Email,59999,"12/06/2026, 09:48 PM",14700,Auxilo,Paid,
Jun-26,ADS,DS Search Ads,GADS,DS-B09,02/06/2026,Ananya Gupta,ananyagupta677@gmail.com,7568241915,Ananya Joshi,Meta Ads,70999,"29/06/2026, 03:56 PM",34000,Eduvanz,Loan Disbursed,04/06/2026
Jun-26,YT Referral,DS Search Ads,GSN,DS-B08,28/06/2026,Rohan Shah,rohanshah127@rediffmail.com,7491500747,Deepak Verma,YouTube,77999,"26/06/2026, 12:13 PM",34400,,Paid,
Jun-26,YT,DA Search Ads,GADS,DA-B12,05/06/2026,Pooja Varma,pooja.varma919@hotmail.com,6998987519,Deepak Verma,Google Ads,68999,"03/06/2026, 10:04 AM",29400,Propelld,Paid,
Jun-26,ADS Referral,BA Search Ads,GADS,BA-B06,23/06/2026,Aryan Bose,aryanbose@gmail.com,9372241165,Ananya Joshi,Referral,57999,"20/06/2026, 08:44 PM",21000,Self Finance,Partial,
Jun-26,ADS,Gen AI Search Ads,GSN,GENAI-B03,20/06/2026,Suresh Mehta,sureshmehta@hotmail.com,6214177366,Priya Sharma,Meta Ads,64999,"16/06/2026, 06:10 PM",29000,NBFC Direct,Partial,
Jun-26,ADS,BA Search Ads,GSN,BA-B06,06/06/2026,Deepa Hegde,deepahegde774@yahoo.com,9602494155,Kavya Reddy,Referral,48999,"27/06/2026, 07:55 PM",11300,Eduvanz,Loan Disbursed,07/06/2026
Jun-26,YT,BA Meta Ads,META,BA-B05,13/06/2026,Varun Varma,varun_varma@outlook.com,8728480599,Vikram Das,YouTube,49999,"21/06/2026, 08:16 PM",20900,Self Finance,Paid,
Jun-26,ADS,DM Meta Ads,FB,DM-B07,20/06/2026,Deepa Jain,deepa_jain449@yahoo.com,7802545671,Arjun Nair,Referral,42999,"11/06/2026, 10:41 AM",20300,Self Finance,Paid,
Jun-26,ADS,DS Meta Ads,FB,DS-B08,05/06/2026,Harish Chopra,harishchopra@gmail.com,7693537782,Priya Sharma,YouTube,84999,"23/06/2026, 11:20 AM",41300,NBFC Direct,Paid,
Jun-26,YT,BA Search Ads,GADS,BA-B06,28/06/2026,Gaurav Agarwal,gaurav.agarwal909@rediffmail.com,6358758288,Arjun Nair,YouTube,54999,"29/06/2026, 11:10 AM",21400,Self Finance,Paid,
Jun-26,ADS Referral,DA Search Ads,GADS,DA-B12,23/06/2026,Sneha Nair,sneha.nair@gmail.com,8462799241,Deepak Verma,WhatsApp,60999,"25/06/2026, 10:42 AM",21500,,Paid,
Jun-26,ADS Referral,Gen AI Meta Ads,META,GENAI-B04,16/06/2026,Aarav Verma,aarav.verma@gmail.com,7660246808,Kavya Reddy,Organic,68999,"25/06/2026, 05:14 PM",26700,Eduvanz,Partial,
Jun-26,YT,Gen AI Meta Ads,FB,GENAI-B04,29/06/2026,Esha Gupta,esha.gupta918@rediffmail.com,7949911733,Kavya Reddy,Meta Ads,62999,"22/06/2026, 08:46 PM",19500,Self Finance,Paid,
Jun-26,ADS,BA Meta Ads,META,BA-B06,03/06/2026,Nandini Tiwari,nandini_tiwari253@yahoo.com,8042823895,Priya Sharma,Meta Ads,50999,"28/06/2026, 11:19 AM",14400,Self Finance,Pending,
Jun-26,YT,DA Search Ads,GADS,DA-B12,07/06/2026,Sahil Patel,sahil.patel798@rediffmail.com,6718675916,Ananya Joshi,Meta Ads,55999,"16/06/2026, 04:48 PM",26500,Propelld,Paid,
Jun-26,ADS Referral,DA Search Ads,GADS,DA-B12,26/06/2026,Meera Verma,meera.verma505@hotmail.com,9369437827,Vikram Das,WhatsApp,59999,"16/06/2026, 10:32 PM",24700,,Partial,
Jun-26,ADS,Gen AI Search Ads,GADS,GENAI-B04,14/06/2026,Vijay Singh,vijay_singh629@outlook.com,9088523816,Kavya Reddy,Email,64999,"04/06/2026, 09:58 PM",19800,HDFC Credila,Paid,
Jun-26,ADS Referral,DA Meta Ads,FB,DA-B13,21/06/2026,Rohit Mehta,rohitmehta@rediffmail.com,6986901490,Kavya Reddy,Referral,51999,"02/06/2026, 10:57 PM",13800,Self Finance,Paid,
Jun-26,YT,DA Meta Ads,META,DA-B12,23/06/2026,Kavya Patel,kavya_patel982@rediffmail.com,7269949283,Sneha Iyer,Organic,54999,"25/06/2026, 09:15 AM",22700,Auxilo,Paid,
Jun-26,ADS Referral,DA Search Ads,GSN,DA-B12,12/06/2026,Pradeep Kumar,pradeepkumar876@gmail.com,9412257416,Priya Sharma,Email,55999,"23/06/2026, 09:30 AM",17000,,Loan Disbursed,
Jun-26,YT,Gen AI Search Ads,GSN,GENAI-B03,24/06/2026,Mohit Patel,mohit.patel659@rediffmail.com,7375254094,Suresh Bhat,Meta Ads,73999,"20/06/2026, 03:15 PM",35800,HDFC Credila,Partial,
Jun-26,YT,BA Search Ads,GADS,BA-B06,22/06/2026,Divya Desai,divyadesai36@hotmail.com,8367628314,Rahul Menon,Referral,53999,"26/06/2026, 04:20 PM",13500,NBFC Direct,Refunded,
Jun-26,ADS Referral,DA Meta Ads,INST,DA-B12,29/06/2026,Anjali Hegde,anjali_hegde166@yahoo.com,9219915931,Priya Sharma,WhatsApp,67999,"02/06/2026, 05:00 PM",16700,,Paid,
Jun-26,YT,BA Search Ads,GSN,BA-B06,27/06/2026,Divya Pandey,divya_pandey877@rediffmail.com,7409687126,Meera Pillai,YouTube,59999,"14/06/2026, 06:20 PM",18300,Eduvanz,Partial,
Jun-26,ADS,Gen AI Search Ads,SEM,GENAI-B04,28/06/2026,Pallavi Naidu,pallavi_naidu187@gmail.com,9320578093,Rahul Menon,Organic,57999,"07/06/2026, 01:09 PM",19400,Propelld,Loan Disbursed,21/06/2026
Jun-26,YT Referral,BA Search Ads,GSN,BA-B05,02/06/2026,Pradeep Varma,pradeep_varma676@gmail.com,8329720997,Priya Sharma,Organic,56999,"25/06/2026, 08:52 PM",19900,Self Finance,Paid,
Jun-26,ADS,Gen AI Search Ads,GADS,GENAI-B03,10/06/2026,Amit Patel,amit_patel365@gmail.com,9595755359,Arjun Nair,WhatsApp,64999,"14/06/2026, 02:56 PM",22000,NBFC Direct,Paid,
Jun-26,YT,BA Meta Ads,META,BA-B05,13/06/2026,Rahul Patel,rahul.patel159@outlook.com,7486674433,Rahul Menon,Meta Ads,51999,"14/06/2026, 01:40 PM",17500,HDFC Credila,Partial,
Jun-26,ADS Referral,BA Search Ads,GADS,BA-B05,19/06/2026,Vinay Tiwari,vinay.tiwari29@yahoo.com,6807225268,Sneha Iyer,Meta Ads,48999,"23/06/2026, 06:24 PM",11200,Eduvanz,Paid,
Jun-26,ADS,AI/ML Search Ads,SEM,AIML-B03,14/06/2026,Pooja Agarwal,poojaagarwal@yahoo.com,7840415150,Rahul Menon,Google Ads,80999,"09/06/2026, 10:28 PM",27900,Propelld,Pending,
Jun-26,ADS,DA Meta Ads,INST,DA-B13,14/06/2026,Sonia Desai,soniadesai@gmail.com,7883019935,Sneha Iyer,Google Ads,55999,"12/06/2026, 09:29 AM",17500,Self Finance,Partial,
Jun-26,ADS,DA Search Ads,GADS,DA-B13,29/06/2026,Kavya Iyer,kavya.iyer@hotmail.com,6366886293,Deepak Verma,Google Ads,60999,"01/06/2026, 06:44 PM",29600,HDFC Credila,Paid,
Jun-26,ADS Referral,DS Search Ads,GADS,DS-B09,22/06/2026,Geeta Ghosh,geeta_ghosh279@yahoo.com,7800297935,Suresh Bhat,Meta Ads,81999,"04/06/2026, 02:06 PM",29500,,Paid,
Jun-26,ADS,Gen AI Meta Ads,META,GENAI-B03,05/06/2026,Vijay Menon,vijay.menon@yahoo.com,6429698635,Kavya Reddy,Referral,72999,"05/06/2026, 04:31 PM",25000,Self Finance,Partial,
Jun-26,YT,BA Search Ads,GSN,BA-B05,14/06/2026,Ravi Agarwal,ravi_agarwal816@outlook.com,8487306067,Kavya Reddy,Referral,52999,"14/06/2026, 08:36 PM",17900,,Pending,
Jun-26,YT Referral,DS Meta Ads,FB,DS-B10,20/06/2026,Harish Mehta,harish_mehta@rediffmail.com,7999023545,Rahul Menon,Google Ads,68999,"29/06/2026, 11:10 AM",17100,,Loan Disbursed,
Jun-26,YT Referral,DA Search Ads,GSN,DA-B13,17/06/2026,Pallavi Hegde,pallavihegde691@gmail.com,8238300439,Suresh Bhat,Email,59999,"09/06/2026, 01:42 PM",29300,Self Finance,Paid,
Jun-26,ADS Referral,DA Search Ads,GADS,DA-B13,07/06/2026,Nikhil Singh,nikhil_singh@hotmail.com,7248631405,Deepak Verma,Google Ads,60999,"30/06/2026, 10:06 AM",17800,HDFC Credila,Paid,
Jun-26,YT Referral,BA Search Ads,GADS,BA-B05,05/06/2026,Rahul Singh,rahulsingh32@hotmail.com,7436286518,Sneha Iyer,Google Ads,56999,"28/06/2026, 09:25 PM",17500,Self Finance,Partial,
Jun-26,ADS,AI/ML Search Ads,GSN,AIML-B02,26/06/2026,Shruti Tiwari,shruti_tiwari294@hotmail.com,6761300872,Rahul Menon,WhatsApp,68999,"24/06/2026, 01:52 PM",26600,Self Finance,Paid,
Jun-26,ADS,DA Search Ads,GADS,DA-B13,05/06/2026,Harish Sharma,harishsharma792@hotmail.com,6831230745,Meera Pillai,Meta Ads,64999,"10/06/2026, 09:34 PM",31400,Auxilo,Paid,
Jun-26,ADS,DA Meta Ads,FB,DA-B14,01/06/2026,Suresh Bose,suresh.bose196@rediffmail.com,9098358058,Vikram Das,Organic,61999,"11/06/2026, 12:08 PM",15400,Auxilo,Refunded,
Jun-26,ADS,DS Search Ads,GSN,DS-B08,30/06/2026,Ishaan Singh,ishaan_singh840@gmail.com,6236873388,Deepak Verma,Meta Ads,70999,"17/06/2026, 08:16 PM",16000,Self Finance,Paid,
Jun-26,YT Referral,DS Search Ads,GADS,DS-B08,09/06/2026,Pooja Agarwal,pooja.agarwal95@rediffmail.com,6826946999,Sneha Iyer,Organic,80999,"28/06/2026, 04:12 PM",37300,Propelld,Paid,
Jun-26,YT,DA Search Ads,GSN,DA-B12,16/06/2026,Esha Desai,eshadesai@hotmail.com,8514930175,Deepak Verma,YouTube,66999,"21/06/2026, 07:25 PM",24100,Self Finance,Paid,
Jun-26,YT,BA Meta Ads,INST,BA-B05,08/06/2026,Mohit Pandey,mohit_pandey@outlook.com,6316213571,Suresh Bhat,YouTube,56999,"26/06/2026, 07:20 PM",22500,,Loan Disbursed,
Jun-26,ADS,CS Search Ads,GSN,CS-B05,15/06/2026,Aarav Patel,aaravpatel@hotmail.com,9647374317,Suresh Bhat,Organic,53999,"19/06/2026, 07:00 PM",12600,Self Finance,Partial,
Jun-26,YT Referral,Gen AI Meta Ads,META,GENAI-B03,21/06/2026,Priya Patel,priya.patel644@hotmail.com,9123532510,Deepak Verma,Google Ads,78999,"15/06/2026, 04:51 PM",16400,,Paid,
Jun-26,YT Referral,Gen AI Search Ads,GSN,GENAI-B03,01/06/2026,Yash Das,yash.das556@hotmail.com,6893643537,Suresh Bhat,Organic,68999,"25/06/2026, 05:16 PM",15400,Self Finance,Paid,
Jun-26,YT,Gen AI Search Ads,GSN,GENAI-B03,16/06/2026,Sakshi Jain,sakshi_jain@rediffmail.com,8773054285,Arjun Nair,YouTube,63999,"12/06/2026, 08:54 PM",20100,HDFC Credila,Partial,
Jun-26,ADS,DA Search Ads,GSN,DA-B13,11/06/2026,Deepak Mehta,deepakmehta@gmail.com,6252805003,Priya Sharma,Meta Ads,69999,"18/06/2026, 04:15 PM",33000,Eduvanz,Paid,
Jun-26,ADS,DA Meta Ads,META,DA-B12,20/06/2026,Aryan Mehta,aryanmehta549@rediffmail.com,6842811564,Ananya Joshi,YouTube,52999,"20/06/2026, 04:50 PM",11400,Propelld,Partial,
Jun-26,YT,Gen AI Search Ads,GADS,GENAI-B03,17/06/2026,Esha Kumar,esha_kumar342@yahoo.com,6879560977,Kavya Reddy,YouTube,56999,"09/06/2026, 12:07 PM",16100,Self Finance,Paid,
Jun-26,ADS Referral,Gen AI Meta Ads,META,GENAI-B04,05/06/2026,Kritika Kumar,kritika_kumar704@rediffmail.com,8443524995,Vikram Das,Referral,79999,"17/06/2026, 10:02 AM",37700,Auxilo,Partial,
Jun-26,ADS,AI/ML Search Ads,SEM,AIML-B02,21/06/2026,Uday Shetty,uday_shetty127@yahoo.com,7715475102,Suresh Bhat,Google Ads,78999,"06/06/2026, 11:04 AM",37000,Self Finance,Pending,
Jun-26,ADS Referral,DS Search Ads,GSN,DS-B09,28/06/2026,Sneha Patel,snehapatel456@hotmail.com,9995301709,Sneha Iyer,Meta Ads,79999,"10/06/2026, 05:04 PM",25300,,Paid,
Jun-26,ADS,Gen AI Meta Ads,META,GENAI-B03,01/06/2026,Ishaan Rao,ishaan_rao@hotmail.com,6032170648,Ananya Joshi,Referral,71999,"30/06/2026, 12:39 PM",28500,Propelld,Pending,
Jun-26,YT,BA Meta Ads,INST,BA-B06,26/06/2026,Hemant Patel,hemant_patel548@rediffmail.com,6026400709,Kavya Reddy,Organic,52999,"20/06/2026, 12:50 PM",25600,,Paid,
Jun-26,ADS,DS Search Ads,GADS,DS-B10,29/06/2026,Rohan Nair,rohan.nair@yahoo.com,8557356414,Priya Sharma,YouTube,84999,"13/06/2026, 09:49 AM",38500,Self Finance,Paid,
Jun-26,ADS Referral,DA Search Ads,SEM,DA-B13,13/06/2026,Pradeep Verma,pradeepverma@hotmail.com,6041763593,Priya Sharma,Google Ads,52999,"14/06/2026, 04:24 PM",19500,,Paid,
Jun-26,YT,DS Search Ads,GADS,DS-B10,24/06/2026,Sandeep Gupta,sandeep_gupta247@yahoo.com,6137053321,Priya Sharma,Meta Ads,82999,"30/06/2026, 03:48 PM",20300,Propelld,Loan Disbursed,02/06/2026
Jun-26,ADS Referral,DA Search Ads,GSN,DA-B14,26/06/2026,Ananya Bose,ananya_bose908@gmail.com,7812388284,Deepak Verma,Meta Ads,54999,"18/06/2026, 10:23 PM",16700,NBFC Direct,Paid,
Jun-26,ADS,DS Meta Ads,FB,DS-B10,28/06/2026,Hemant Iyer,hemantiyer954@rediffmail.com,9293356078,Kavya Reddy,WhatsApp,82999,"12/06/2026, 02:29 PM",24900,,Paid,
Jun-26,YT,BA Search Ads,GSN,BA-B05,01/06/2026,Sandeep Desai,sandeep_desai102@yahoo.com,9630017753,Suresh Bhat,Meta Ads,55999,"24/06/2026, 02:27 PM",16100,Self Finance,Partial,
Jun-26,ADS Referral,Gen AI Meta Ads,META,GENAI-B03,02/06/2026,Ravi Verma,raviverma65@hotmail.com,7418387539,Priya Sharma,Referral,73999,"26/06/2026, 03:29 PM",32000,Eduvanz,Paid,
Jun-26,ADS,AI/ML Search Ads,GSN,AIML-B02,12/06/2026,Geeta Agarwal,geetaagarwal619@rediffmail.com,8965698333,Deepak Verma,WhatsApp,89999,"13/06/2026, 07:39 PM",38400,Self Finance,Paid,
Jun-26,ADS,Gen AI Search Ads,GSN,GENAI-B03,03/06/2026,Arjun Iyer,arjuniyer@rediffmail.com,7537450332,Ananya Joshi,Referral,57999,"20/06/2026, 10:13 AM",26900,Auxilo,Pending,
Jun-26,ADS,Gen AI Search Ads,GADS,GENAI-B03,21/06/2026,Sakshi Patel,sakshi_patel@rediffmail.com,8707888915,Suresh Bhat,Meta Ads,79999,"08/06/2026, 11:21 AM",21000,NBFC Direct,Paid,
Jun-26,ADS,Gen AI Search Ads,SEM,GENAI-B03,24/06/2026,Vishal Iyer,vishal_iyer@outlook.com,7121253920,Deepak Verma,Google Ads,70999,"29/06/2026, 08:12 PM",19300,Propelld,Partial,
Jun-26,ADS Referral,BA Search Ads,GSN,BA-B06,30/06/2026,Swati Agarwal,swati.agarwal@outlook.com,6175563222,Meera Pillai,Email,47999,"03/06/2026, 09:24 PM",20000,Self Finance,Paid,
Jun-26,ADS,AI/ML Search Ads,GSN,AIML-B03,27/06/2026,Arjun Sharma,arjun_sharma@hotmail.com,8539849399,Kavya Reddy,Referral,75999,"03/06/2026, 08:29 PM",24500,Self Finance,Partial,
Jun-26,ADS,DS Search Ads,GSN,DS-B09,22/06/2026,Hemant Ghosh,hemantghosh194@yahoo.com,7484916292,Kavya Reddy,Organic,61999,"24/06/2026, 09:22 AM",13600,,Paid,
Jun-26,ADS Referral,DA Meta Ads,FB,DA-B14,22/06/2026,Isha Desai,isha.desai@yahoo.com,7010337041,Sneha Iyer,Email,69999,"30/06/2026, 10:18 PM",33600,HDFC Credila,Paid,
Jun-26,YT Referral,DA Search Ads,GADS,DA-B14,09/06/2026,Kavya Shetty,kavyashetty@outlook.com,7422992969,Ananya Joshi,YouTube,64999,"20/06/2026, 01:07 PM",21300,Self Finance,Paid,
Jun-26,YT Referral,CS Search Ads,GADS,CS-B04,08/06/2026,Mohit Joshi,mohit.joshi247@rediffmail.com,7212650133,Deepak Verma,Google Ads,54999,"08/06/2026, 08:23 PM",23000,,Partial,
Jun-26,ADS,CS Search Ads,GADS,CS-B04,05/06/2026,Chetan Varma,chetan.varma827@yahoo.com,9727700689,Meera Pillai,Meta Ads,66999,"18/06/2026, 04:10 PM",21500,Self Finance,Paid,
Jun-26,YT,CS Search Ads,GSN,CS-B05,17/06/2026,Sneha Desai,sneha.desai@hotmail.com,7369669291,Sneha Iyer,Meta Ads,67999,"18/06/2026, 12:37 PM",30500,Eduvanz,Paid,
Jun-26,ADS,DA Meta Ads,FB,DA-B12,03/06/2026,Vishal Bose,vishal.bose@hotmail.com,6155305455,Vikram Das,YouTube,53999,"07/06/2026, 03:57 PM",13100,Eduvanz,Loan Disbursed,09/06/2026
Jun-26,ADS Referral,DM Meta Ads,FB,DM-B08,19/06/2026,Pallavi Kapoor,pallavi.kapoor@outlook.com,8136540284,Sneha Iyer,Meta Ads,39999,"03/06/2026, 03:13 PM",17300,Self Finance,Paid,
Jun-26,ADS,BA Search Ads,GSN,BA-B05,02/06/2026,Isha Rao,isharao183@outlook.com,6114140464,Meera Pillai,Google Ads,48999,"08/06/2026, 02:44 PM",21300,Auxilo,Paid,
Jun-26,ADS,CS Search Ads,GSN,CS-B04,16/06/2026,Gaurav Tiwari,gauravtiwari842@hotmail.com,6043470006,Sneha Iyer,Google Ads,60999,"26/06/2026, 02:58 PM",15700,,Paid,
Jun-26,ADS Referral,AI/ML Search Ads,SEM,AIML-B02,16/06/2026,Hemant Rao,hemantrao756@hotmail.com,9462479864,Suresh Bhat,Referral,80999,"01/06/2026, 09:14 PM",23000,HDFC Credila,Paid,
Jun-26,ADS Referral,BA Meta Ads,META,BA-B06,02/06/2026,Nikhil Joshi,nikhil_joshi@gmail.com,6147113397,Ananya Joshi,Organic,46999,"24/06/2026, 07:46 PM",9800,HDFC Credila,Pending,
Jun-26,ADS,DS Search Ads,SEM,DS-B09,07/06/2026,Shruti Varma,shruti.varma@hotmail.com,8241195526,Rahul Menon,YouTube,74999,"23/06/2026, 09:41 AM",25600,Self Finance,Paid,
Jun-26,ADS Referral,DS Meta Ads,FB,DS-B09,29/06/2026,Karan Agarwal,karan.agarwal762@yahoo.com,7659226579,Kavya Reddy,Organic,80999,"19/06/2026, 04:07 PM",34200,Self Finance,Paid,
Jun-26,ADS,Gen AI Meta Ads,META,GENAI-B04,27/06/2026,Lakshmi Hegde,lakshmi.hegde@outlook.com,7737446605,Kavya Reddy,Google Ads,73999,"06/06/2026, 05:46 PM",24500,,Pending,
Jun-26,ADS,Gen AI Meta Ads,FB,GENAI-B03,18/06/2026,Esha Desai,eshadesai218@gmail.com,9984726520,Kavya Reddy,Google Ads,62999,"07/06/2026, 01:22 PM",15100,Eduvanz,Paid,
Jun-26,ADS Referral,DS Meta Ads,FB,DS-B08,23/06/2026,Anjali Naidu,anjali.naidu297@yahoo.com,8913281133,Kavya Reddy,YouTube,81999,"14/06/2026, 09:56 PM",19500,,Partial,
Jun-26,ADS Referral,DA Search Ads,SEM,DA-B13,06/06/2026,Isha Tiwari,isha_tiwari371@outlook.com,8036798704,Deepak Verma,Email,56999,"03/06/2026, 10:13 PM",17000,Self Finance,Partial,
Jun-26,YT,DS Search Ads,SEM,DS-B10,23/06/2026,Anjali Das,anjali.das317@rediffmail.com,7209664453,Vikram Das,YouTube,64999,"27/06/2026, 03:16 PM",14400,HDFC Credila,Paid,
Jun-26,ADS,DS Search Ads,GADS,DS-B09,28/06/2026,Chetan Ghosh,chetanghosh@rediffmail.com,6622369075,Suresh Bhat,Google Ads,61999,"28/06/2026, 12:40 PM",22900,Auxilo,Paid,
Jun-26,YT,Gen AI Search Ads,GSN,GENAI-B04,23/06/2026,Amit Pandey,amit_pandey@rediffmail.com,8425116394,Kavya Reddy,Meta Ads,78999,"18/06/2026, 08:53 PM",30600,,Partial,
Jun-26,ADS,Gen AI Search Ads,GADS,GENAI-B03,05/06/2026,Sakshi Bose,sakshi.bose288@hotmail.com,9576454319,Vikram Das,Organic,77999,"16/06/2026, 11:05 AM",19700,,Paid,
Jun-26,YT,DM Meta Ads,FB,DM-B08,21/06/2026,Akash Patel,akash.patel301@gmail.com,9986619074,Suresh Bhat,Google Ads,44999,"26/06/2026, 09:20 AM",16000,Self Finance,Pending,
Jun-26,ADS Referral,DM Meta Ads,FB,DM-B08,21/06/2026,Gaurav Hegde,gauravhegde@outlook.com,7501611431,Kavya Reddy,Meta Ads,40999,"03/06/2026, 10:15 PM",15000,Self Finance,Paid,
Jun-26,ADS,DA Meta Ads,FB,DA-B13,10/06/2026,Ravi Verma,raviverma422@gmail.com,6119636114,Sneha Iyer,YouTube,63999,"26/06/2026, 06:05 PM",28000,,Paid,
Jun-26,ADS Referral,DS Meta Ads,META,DS-B10,14/06/2026,Harish Bose,harish_bose741@yahoo.com,9120563400,Kavya Reddy,YouTube,65999,"24/06/2026, 11:56 AM",27400,Self Finance,Paid,
Jun-26,YT,Gen AI Search Ads,GADS,GENAI-B04,04/06/2026,Shruti Iyer,shrutiiyer533@gmail.com,7844952436,Sneha Iyer,Organic,74999,"05/06/2026, 07:06 PM",27200,Eduvanz,Paid,
Jun-26,ADS,DA Search Ads,SEM,DA-B13,25/06/2026,Kritika Hegde,kritika_hegde829@gmail.com,6049211552,Vikram Das,Meta Ads,56999,"09/06/2026, 10:35 AM",18900,Self Finance,Paid,
Jun-26,ADS,BA Search Ads,GADS,BA-B05,12/06/2026,Nandini Tiwari,nandinitiwari506@outlook.com,7823962331,Kavya Reddy,YouTube,52999,"01/06/2026, 09:02 PM",25900,HDFC Credila,Partial,
Jun-26,ADS,DA Search Ads,SEM,DA-B14,11/06/2026,Meera Shah,meera_shah@rediffmail.com,8023841474,Deepak Verma,Google Ads,52999,"23/06/2026, 09:22 AM",18000,Auxilo,Refunded,
Jun-26,ADS,DS Meta Ads,META,DS-B10,19/06/2026,Aryan Das,aryandas698@yahoo.com,7511089709,Suresh Bhat,Google Ads,71999,"23/06/2026, 01:30 PM",30000,Self Finance,Paid,
Jun-26,YT,CS Search Ads,GSN,CS-B04,25/06/2026,Deepak Verma,deepakverma@rediffmail.com,9063319371,Arjun Nair,Meta Ads,52999,"29/06/2026, 09:19 AM",25300,Propelld,Paid,
Jun-26,YT Referral,AI/ML Search Ads,GSN,AIML-B03,01/06/2026,Geeta Shetty,geetashetty52@rediffmail.com,6388917009,Ananya Joshi,Google Ads,70999,"01/06/2026, 12:02 PM",14900,NBFC Direct,Paid,
Jun-26,YT Referral,DM Meta Ads,META,DM-B08,18/06/2026,Priya Desai,priya.desai267@rediffmail.com,8079065277,Arjun Nair,Email,38999,"01/06/2026, 12:36 PM",11300,Self Finance,Paid,
Jun-26,ADS,CS Search Ads,GADS,CS-B05,15/06/2026,Rohan Desai,rohandesai@yahoo.com,6302383188,Ananya Joshi,Organic,63999,"29/06/2026, 11:47 AM",21700,Self Finance,Partial,
Jun-26,YT,BA Meta Ads,INST,BA-B06,26/06/2026,Ananya Singh,ananya.singh@rediffmail.com,7340726635,Vikram Das,Google Ads,54999,"23/06/2026, 09:34 AM",23600,Eduvanz,Partial,
Jun-26,ADS,DA Meta Ads,INST,DA-B13,24/06/2026,Isha Das,isha_das936@outlook.com,8949535005,Rahul Menon,Google Ads,69999,"13/06/2026, 09:11 PM",34600,Eduvanz,Paid,
Jun-26,ADS,DA Meta Ads,INST,DA-B13,09/06/2026,Yash Rao,yash_rao215@gmail.com,8456955799,Kavya Reddy,YouTube,54999,"05/06/2026, 10:55 PM",18200,Propelld,Paid,
Jun-26,ADS,AI/ML Search Ads,SEM,AIML-B03,27/06/2026,Nandini Desai,nandini.desai774@outlook.com,8814663501,Kavya Reddy,Meta Ads,73999,"05/06/2026, 05:19 PM",26900,NBFC Direct,Pending,
Jun-26,YT,DA Search Ads,GADS,DA-B13,27/06/2026,Kavya Reddy,kavya.reddy540@yahoo.com,8161512824,Priya Sharma,Google Ads,62999,"28/06/2026, 10:21 PM",23000,Auxilo,Paid,
Jun-26,ADS Referral,Gen AI Search Ads,GSN,GENAI-B03,12/06/2026,Manish Jain,manishjain@rediffmail.com,9202019810,Arjun Nair,Referral,65999,"26/06/2026, 03:08 PM",29800,Propelld,Partial,
Jun-26,YT Referral,Gen AI Meta Ads,META,GENAI-B04,11/06/2026,Vijay Agarwal,vijayagarwal@yahoo.com,8060391019,Ananya Joshi,Organic,57999,"09/06/2026, 06:04 PM",20600,Self Finance,Paid,
Jun-26,ADS,Gen AI Meta Ads,FB,GENAI-B04,06/06/2026,Sandeep Shetty,sandeep.shetty@yahoo.com,7711888846,Meera Pillai,Google Ads,71999,"08/06/2026, 11:03 AM",19200,Self Finance,Partial,
Jun-26,ADS,DA Meta Ads,FB,DA-B13,15/06/2026,Lakshmi Rao,lakshmirao@outlook.com,9696746342,Suresh Bhat,Meta Ads,54999,"13/06/2026, 09:19 AM",11400,,Paid,
Jun-26,ADS,Gen AI Search Ads,GSN,GENAI-B03,16/06/2026,Rohan Desai,rohan_desai299@gmail.com,8711770025,Kavya Reddy,Organic,66999,"27/06/2026, 06:26 PM",18100,Eduvanz,Paid,
Jun-26,ADS,DA Meta Ads,META,DA-B12,18/06/2026,Priya Pillai,priya.pillai@gmail.com,9152249395,Arjun Nair,Organic,55999,"05/06/2026, 10:09 PM",22100,Eduvanz,Paid,
Jun-26,ADS Referral,DM Meta Ads,FB,DM-B07,23/06/2026,Mohit Rajan,mohit_rajan@gmail.com,8019018901,Deepak Verma,Google Ads,39999,"07/06/2026, 10:47 AM",16300,NBFC Direct,Paid,
Jun-26,ADS,DS Meta Ads,FB,DS-B09,08/06/2026,Sakshi Das,sakshi_das821@outlook.com,8600252583,Priya Sharma,Organic,63999,"09/06/2026, 10:38 PM",31700,Self Finance,Refunded,
Jun-26,ADS,DS Search Ads,GADS,DS-B09,07/06/2026,Pradeep Tiwari,pradeep.tiwari616@rediffmail.com,7782766353,Vikram Das,Google Ads,68999,"10/06/2026, 09:28 AM",33400,Self Finance,Pending,
Jun-26,ADS,DA Meta Ads,FB,DA-B14,16/06/2026,Hemant Verma,hemantverma@outlook.com,7504586497,Suresh Bhat,YouTube,62999,"25/06/2026, 04:21 PM",19500,NBFC Direct,Paid,
Jun-26,YT Referral,DA Search Ads,SEM,DA-B12,13/06/2026,Sneha Joshi,snehajoshi933@hotmail.com,7648468872,Rahul Menon,YouTube,64999,"02/06/2026, 08:38 PM",21300,HDFC Credila,Paid,
Jun-26,ADS,CS Search Ads,GADS,CS-B04,05/06/2026,Chetan Menon,chetan.menon@yahoo.com,7650839603,Kavya Reddy,Referral,59999,"26/06/2026, 10:35 AM",23600,Propelld,Partial,
Jun-26,ADS,DA Search Ads,SEM,DA-B13,21/06/2026,Isha Patel,ishapatel@outlook.com,9724579739,Deepak Verma,YouTube,54999,"28/06/2026, 09:31 PM",23800,Self Finance,Paid,
Jun-26,ADS,DA Meta Ads,META,DA-B13,01/06/2026,Isha Naidu,ishanaidu252@outlook.com,7752208297,Sneha Iyer,Organic,54999,"03/06/2026, 12:23 PM",27500,Propelld,Partial,
Jun-26,ADS,DA Meta Ads,FB,DA-B14,15/06/2026,Shruti Murthy,shruti_murthy126@gmail.com,9764877717,Deepak Verma,YouTube,55999,"30/06/2026, 12:15 PM",16300,,Pending,
Jun-26,ADS,Gen AI Meta Ads,FB,GENAI-B03,05/06/2026,Mohit Das,mohit.das531@outlook.com,6297591475,Meera Pillai,Google Ads,58999,"20/06/2026, 12:19 PM",26500,Self Finance,Paid,
Jun-26,ADS,CS Search Ads,GSN,CS-B05,01/06/2026,Nikhil Singh,nikhil.singh@gmail.com,8672159317,Deepak Verma,YouTube,60999,"19/06/2026, 09:13 AM",29800,Self Finance,Paid,
Jun-26,YT,CS Search Ads,GSN,CS-B05,18/06/2026,Priya Rajan,priyarajan111@yahoo.com,7081223782,Priya Sharma,Meta Ads,53999,"13/06/2026, 10:47 AM",16200,,Paid,
Jun-26,ADS,BA Meta Ads,INST,BA-B06,03/06/2026,Esha Singh,esha.singh727@yahoo.com,8568760165,Suresh Bhat,YouTube,54999,"09/06/2026, 12:27 PM",11500,Self Finance,Paid,
Jun-26,YT Referral,Gen AI Search Ads,GSN,GENAI-B03,06/06/2026,Karan Jain,karan_jain39@gmail.com,6069400282,Suresh Bhat,Email,72999,"01/06/2026, 07:33 PM",18200,Self Finance,Partial,
Jun-26,YT Referral,Gen AI Search Ads,SEM,GENAI-B03,08/06/2026,Sakshi Iyer,sakshi.iyer308@hotmail.com,7295342440,Priya Sharma,Google Ads,60999,"13/06/2026, 07:00 PM",15200,HDFC Credila,Paid,
Jun-26,ADS,DA Search Ads,GADS,DA-B12,22/06/2026,Vinay Chopra,vinay_chopra@outlook.com,9981099879,Suresh Bhat,Meta Ads,64999,"17/06/2026, 06:34 PM",23700,HDFC Credila,Paid,
Jun-26,ADS,Gen AI Search Ads,GADS,GENAI-B04,20/06/2026,Aarav Pandey,aarav_pandey191@yahoo.com,7075463603,Ananya Joshi,Meta Ads,57999,"22/06/2026, 11:34 AM",14600,,Paid,
Jun-26,ADS Referral,DA Search Ads,GADS,DA-B14,02/06/2026,Uday Mehta,udaymehta688@yahoo.com,6836375599,Ananya Joshi,Meta Ads,68999,"09/06/2026, 07:52 PM",17700,Auxilo,Pending,
Jun-26,ADS,DA Meta Ads,FB,DA-B13,06/06/2026,Lakshmi Rajan,lakshmi.rajan222@gmail.com,9531478323,Vikram Das,Google Ads,63999,"25/06/2026, 12:55 PM",14900,Eduvanz,Pending,
Jun-26,ADS,CS Search Ads,GADS,CS-B05,14/06/2026,Divya Sharma,divyasharma193@yahoo.com,8365638613,Arjun Nair,Google Ads,69999,"15/06/2026, 04:20 PM",30600,Self Finance,Paid,
Jun-26,YT,BA Meta Ads,INST,BA-B05,15/06/2026,Ishaan Singh,ishaansingh@yahoo.com,7978497538,Meera Pillai,Meta Ads,49999,"04/06/2026, 05:29 PM",14800,Self Finance,Paid,
Jun-26,ADS Referral,AI/ML Search Ads,GSN,AIML-B02,27/06/2026,Jaya Ghosh,jaya_ghosh687@outlook.com,9381551243,Deepak Verma,Google Ads,67999,"13/06/2026, 12:08 PM",21800,Self Finance,Partial,
Jun-26,YT Referral,DM Meta Ads,META,DM-B07,28/06/2026,Harish Pillai,harishpillai@gmail.com,8298476811,Vikram Das,Meta Ads,44999,"12/06/2026, 12:19 PM",18600,,Paid,
Jun-26,ADS Referral,BA Search Ads,GADS,BA-B06,24/06/2026,Ishaan Murthy,ishaanmurthy275@yahoo.com,7565970325,Vikram Das,Referral,49999,"25/06/2026, 11:30 AM",11100,,Loan Disbursed,
Jun-26,ADS,BA Search Ads,GADS,BA-B05,20/06/2026,Tanvi Singh,tanvisingh565@yahoo.com,6283517961,Meera Pillai,Meta Ads,48999,"07/06/2026, 10:26 PM",17400,Auxilo,Paid,
Jun-26,ADS,DM Meta Ads,META,DM-B08,09/06/2026,Arjun Hegde,arjun_hegde726@outlook.com,6546903007,Priya Sharma,Organic,47999,"29/06/2026, 02:41 PM",15900,Propelld,Partial,
Jun-26,YT,DA Search Ads,GADS,DA-B13,19/06/2026,Ananya Desai,ananyadesai961@yahoo.com,6432976337,Ananya Joshi,Google Ads,57999,"29/06/2026, 11:02 AM",20800,Self Finance,Paid,
Jun-26,YT,DM Meta Ads,FB,DM-B08,26/06/2026,Amit Murthy,amitmurthy@outlook.com,9324244289,Arjun Nair,Meta Ads,44999,"07/06/2026, 03:42 PM",11600,Eduvanz,Pending,
Jun-26,YT,DS Search Ads,GSN,DS-B09,15/06/2026,Ananya Das,ananyadas@gmail.com,7106585169,Arjun Nair,Organic,72999,"30/06/2026, 09:14 AM",34800,HDFC Credila,Partial,
Jun-26,ADS Referral,DA Meta Ads,META,DA-B13,08/06/2026,Vishal Shetty,vishal_shetty800@yahoo.com,6328165949,Kavya Reddy,YouTube,51999,"19/06/2026, 05:46 PM",25200,NBFC Direct,Loan Disbursed,15/06/2026
Jun-26,YT,DS Meta Ads,FB,DS-B10,16/06/2026,Divya Murthy,divyamurthy@gmail.com,9618863186,Priya Sharma,Google Ads,73999,"16/06/2026, 05:47 PM",23300,Eduvanz,Partial,
Jun-26,ADS,Gen AI Search Ads,SEM,GENAI-B04,03/06/2026,Vijay Nair,vijay.nair802@gmail.com,6564250627,Sneha Iyer,Meta Ads,68999,"12/06/2026, 06:07 PM",23000,Self Finance,Paid,
Jun-26,ADS Referral,CS Search Ads,GADS,CS-B04,29/06/2026,Ananya Iyer,ananyaiyer@gmail.com,6642134663,Kavya Reddy,Google Ads,53999,"05/06/2026, 02:49 PM",16400,Self Finance,Paid,
Jun-26,ADS Referral,DA Meta Ads,INST,DA-B13,02/06/2026,Aditya Menon,aditya_menon456@gmail.com,7518567060,Sneha Iyer,Google Ads,55999,"25/06/2026, 08:26 PM",12200,Propelld,Partial,
Jun-26,ADS,DA Search Ads,GADS,DA-B14,24/06/2026,Karan Ghosh,karan.ghosh@hotmail.com,8965610000,Meera Pillai,Google Ads,52999,"12/06/2026, 11:21 AM",21500,Eduvanz,Pending,
Jun-26,YT,Gen AI Meta Ads,META,GENAI-B04,20/06/2026,Aditya Rajan,aditya_rajan30@rediffmail.com,7963405425,Suresh Bhat,Organic,72999,"13/06/2026, 05:00 PM",27500,Propelld,Loan Disbursed,13/06/2026
Jun-26,ADS,DS Search Ads,GSN,DS-B09,21/06/2026,Nikhil Pillai,nikhil.pillai56@yahoo.com,8683362188,Arjun Nair,Referral,77999,"11/06/2026, 02:44 PM",27200,NBFC Direct,Paid,
Jun-26,ADS Referral,DA Search Ads,GSN,DA-B13,04/06/2026,Amit Kumar,amit.kumar@rediffmail.com,8393062934,Suresh Bhat,WhatsApp,57999,"10/06/2026, 09:30 AM",14100,Self Finance,Refunded,
Jun-26,ADS,BA Search Ads,GSN,BA-B05,08/06/2026,Kavya Kumar,kavyakumar355@rediffmail.com,8578720706,Deepak Verma,WhatsApp,52999,"08/06/2026, 08:32 PM",11400,Propelld,Paid,
Jun-26,YT Referral,BA Search Ads,GADS,BA-B06,22/06/2026,Kritika Iyer,kritika_iyer308@hotmail.com,9834574743,Sneha Iyer,Google Ads,45999,"22/06/2026, 06:58 PM",15800,Self Finance,Paid,
Jun-26,ADS,BA Meta Ads,META,BA-B05,04/06/2026,Geeta Bose,geeta_bose308@outlook.com,8262773187,Sneha Iyer,Google Ads,52999,"10/06/2026, 07:55 PM",12900,Self Finance,Partial,
Jun-26,ADS,DA Meta Ads,META,DA-B14,02/06/2026,Rohan Kapoor,rohan_kapoor@gmail.com,9355390948,Vikram Das,YouTube,54999,"19/06/2026, 02:12 PM",15100,Self Finance,Partial,
Jun-26,ADS Referral,DA Search Ads,SEM,DA-B12,07/06/2026,Chetan Shah,chetan.shah@gmail.com,7310618476,Kavya Reddy,WhatsApp,62999,"26/06/2026, 07:49 PM",24300,Self Finance,Paid,
Jun-26,ADS Referral,CS Search Ads,GSN,CS-B05,26/06/2026,Pallavi Agarwal,pallavi.agarwal473@gmail.com,9408119003,Deepak Verma,Organic,66999,"29/06/2026, 02:55 PM",15000,NBFC Direct,Partial,
Jun-26,YT Referral,BA Search Ads,GSN,BA-B06,01/06/2026,Pooja Sharma,pooja_sharma@gmail.com,9804914101,Priya Sharma,Google Ads,49999,"12/06/2026, 02:44 PM",16900,Self Finance,Loan Disbursed,
Jun-26,ADS Referral,Gen AI Meta Ads,META,GENAI-B03,25/06/2026,Akash Joshi,akashjoshi638@yahoo.com,7149168474,Suresh Bhat,Organic,66999,"06/06/2026, 03:56 PM",25900,Self Finance,Paid,
Jun-26,YT Referral,DS Search Ads,GSN,DS-B10,24/06/2026,Rohan Varma,rohan.varma383@yahoo.com,6916078040,Arjun Nair,Referral,75999,"30/06/2026, 12:34 PM",29800,Eduvanz,Paid,
Jun-26,YT,Gen AI Search Ads,SEM,GENAI-B04,05/06/2026,Ananya Iyer,ananya_iyer303@hotmail.com,7181929181,Ananya Joshi,Organic,59999,"29/06/2026, 12:12 PM",12400,NBFC Direct,Paid,
Jun-26,YT,DS Search Ads,GSN,DS-B08,18/06/2026,Rohit Kapoor,rohitkapoor839@rediffmail.com,8961258490,Vikram Das,Meta Ads,68999,"10/06/2026, 03:58 PM",25800,Self Finance,Partial,
Jun-26,YT Referral,DS Search Ads,GADS,DS-B08,07/06/2026,Sneha Shah,sneha.shah@rediffmail.com,9105337965,Priya Sharma,Meta Ads,79999,"02/06/2026, 10:17 AM",39800,Eduvanz,Loan Disbursed,22/06/2026
Jun-26,ADS,DA Meta Ads,META,DA-B13,16/06/2026,Varun Agarwal,varun_agarwal@yahoo.com,7149545931,Rahul Menon,Meta Ads,68999,"13/06/2026, 04:13 PM",29300,Self Finance,Paid,
Jun-26,ADS,DS Search Ads,GSN,DS-B09,24/06/2026,Karan Murthy,karan_murthy575@hotmail.com,7617257018,Sneha Iyer,Google Ads,72999,"15/06/2026, 10:11 AM",17500,Self Finance,Paid,
Jun-26,ADS,DS Meta Ads,META,DS-B10,09/06/2026,Mohit Ghosh,mohit.ghosh380@hotmail.com,6368998459,Rahul Menon,Meta Ads,81999,"28/06/2026, 02:47 PM",39500,Self Finance,Paid,
Jun-26,YT,DA Meta Ads,META,DA-B13,15/06/2026,Karan Patel,karanpatel565@rediffmail.com,7129600865,Arjun Nair,Referral,64999,"17/06/2026, 10:29 PM",22500,Self Finance,Paid,
Jun-26,ADS,BA Search Ads,GADS,BA-B06,27/06/2026,Vijay Das,vijay.das@outlook.com,7668259414,Kavya Reddy,YouTube,56999,"14/06/2026, 01:22 PM",22000,NBFC Direct,Loan Disbursed,14/06/2026
Jun-26,ADS,CS Search Ads,GSN,CS-B05,02/06/2026,Shruti Gupta,shruti_gupta@hotmail.com,6608623550,Rahul Menon,Google Ads,56999,"16/06/2026, 11:05 AM",16900,,Paid,
Jun-26,ADS,DS Search Ads,GSN,DS-B08,26/06/2026,Deepa Patel,deepapatel@rediffmail.com,6055359618,Sneha Iyer,Google Ads,64999,"04/06/2026, 10:30 AM",31200,Self Finance,Paid,
Jun-26,ADS Referral,BA Search Ads,GADS,BA-B06,01/06/2026,Bhavna Ghosh,bhavna.ghosh30@hotmail.com,9926939387,Suresh Bhat,YouTube,47999,"13/06/2026, 11:39 AM",12000,Self Finance,Paid,
Jun-26,ADS,DS Meta Ads,META,DS-B08,08/06/2026,Nikhil Rao,nikhil_rao968@gmail.com,9495823266,Ananya Joshi,Meta Ads,83999,"13/06/2026, 09:29 AM",21100,HDFC Credila,Paid,
Jun-26,YT,Gen AI Search Ads,GSN,GENAI-B04,25/06/2026,Rohit Fernandes,rohit_fernandes208@gmail.com,6410029526,Priya Sharma,Google Ads,76999,"28/06/2026, 04:29 PM",32800,Self Finance,Loan Disbursed,
Jun-26,ADS,Gen AI Meta Ads,FB,GENAI-B03,22/06/2026,Priya Chopra,priyachopra@outlook.com,7042953901,Arjun Nair,Organic,71999,"20/06/2026, 04:39 PM",17200,Eduvanz,Paid,
Jun-26,YT,Gen AI Search Ads,SEM,GENAI-B04,02/06/2026,Pallavi Menon,pallavi_menon383@gmail.com,8086381655,Vikram Das,Google Ads,71999,"12/06/2026, 10:50 PM",23500,Self Finance,Partial,
Jun-26,YT Referral,BA Search Ads,GADS,BA-B06,26/06/2026,Pallavi Shah,pallavi.shah@hotmail.com,6558180691,Deepak Verma,Google Ads,52999,"28/06/2026, 08:31 PM",21200,,Paid,
Jun-26,ADS,CS Search Ads,GSN,CS-B04,21/06/2026,Sneha Ghosh,sneha.ghosh960@hotmail.com,7907900948,Arjun Nair,YouTube,61999,"04/06/2026, 09:53 AM",13300,HDFC Credila,Paid,
Jun-26,YT,Gen AI Meta Ads,FB,GENAI-B04,17/06/2026,Chetan Murthy,chetanmurthy380@outlook.com,6008610149,Sneha Iyer,Google Ads,68999,"26/06/2026, 10:49 PM",27500,HDFC Credila,Paid,
Jun-26,ADS,CS Search Ads,GSN,CS-B04,20/06/2026,Akash Sharma,akash.sharma@hotmail.com,6250845556,Rahul Menon,Referral,65999,"15/06/2026, 03:54 PM",17800,Auxilo,Partial,
Jun-26,ADS,DA Meta Ads,FB,DA-B13,15/06/2026,Nikhil Rajan,nikhilrajan937@yahoo.com,7945614438,Deepak Verma,Organic,58999,"23/06/2026, 08:10 PM",27400,Self Finance,Pending,
Jun-26,YT,DA Search Ads,SEM,DA-B12,01/06/2026,Pradeep Gupta,pradeep.gupta125@outlook.com,8012518358,Vikram Das,Meta Ads,55999,"30/06/2026, 02:51 PM",17200,Propelld,Paid,
Jun-26,ADS,DS Search Ads,GSN,DS-B08,03/06/2026,Aarav Joshi,aarav_joshi437@outlook.com,7704154003,Kavya Reddy,Google Ads,78999,"09/06/2026, 05:00 PM",35300,,Pending,
Jun-26,ADS,DS Search Ads,GSN,DS-B09,28/06/2026,Vinay Rajan,vinayrajan70@gmail.com,6546923280,Deepak Verma,Google Ads,68999,"08/06/2026, 09:26 PM",33300,Self Finance,Paid,
Jun-26,ADS,DM Meta Ads,INST,DM-B07,13/06/2026,Pradeep Menon,pradeep_menon834@rediffmail.com,9615015256,Suresh Bhat,Meta Ads,47999,"07/06/2026, 05:45 PM",21200,NBFC Direct,Paid,
Jun-26,ADS,Gen AI Search Ads,GADS,GENAI-B04,06/06/2026,Karan Das,karan.das832@gmail.com,6352088095,Vikram Das,YouTube,73999,"04/06/2026, 11:21 AM",32100,Eduvanz,Partial,
Jun-26,ADS Referral,DA Search Ads,SEM,DA-B12,20/06/2026,Pooja Tiwari,pooja_tiwari493@yahoo.com,7440855776,Deepak Verma,Referral,58999,"11/06/2026, 04:02 PM",17600,Self Finance,Partial,
Jun-26,YT,DA Meta Ads,FB,DA-B14,05/06/2026,Mohit Varma,mohit.varma705@hotmail.com,6354030236,Priya Sharma,Meta Ads,52999,"04/06/2026, 11:32 AM",10700,Propelld,Paid,
Jun-26,YT,Gen AI Meta Ads,FB,GENAI-B04,07/06/2026,Jaya Ghosh,jaya_ghosh@hotmail.com,6863598609,Meera Pillai,Email,79999,"18/06/2026, 08:51 PM",23600,Self Finance,Refunded,
Jun-26,YT,Gen AI Meta Ads,FB,GENAI-B03,06/06/2026,Ravi Rao,ravi_rao149@gmail.com,8373800470,Vikram Das,Referral,62999,"29/06/2026, 10:40 AM",17400,Self Finance,Paid,
Jun-26,ADS,DS Meta Ads,FB,DS-B08,26/06/2026,Rohan Kumar,rohan_kumar916@gmail.com,6088132275,Arjun Nair,Google Ads,67999,"28/06/2026, 03:22 PM",19300,Self Finance,Paid,
Jun-26,ADS Referral,BA Search Ads,GSN,BA-B06,29/06/2026,Vinay Mehta,vinay_mehta281@yahoo.com,7167544725,Kavya Reddy,Referral,46999,"29/06/2026, 05:39 PM",16200,,Paid,
Jun-26,ADS,Gen AI Search Ads,GSN,GENAI-B03,08/06/2026,Chetan Tiwari,chetantiwari850@gmail.com,7758084722,Arjun Nair,Meta Ads,59999,"05/06/2026, 11:09 AM",16800,,Partial,
Jun-26,ADS,DS Meta Ads,META,DS-B10,06/06/2026,Gaurav Gupta,gaurav_gupta@hotmail.com,8407730227,Rahul Menon,Organic,79999,"28/06/2026, 05:23 PM",34900,,Partial,
Jun-26,ADS,DM Meta Ads,META,DM-B08,05/06/2026,Uday Joshi,uday.joshi@gmail.com,6988839754,Suresh Bhat,Meta Ads,36999,"11/06/2026, 04:51 PM",18300,HDFC Credila,Paid,
Jun-26,ADS,DA Search Ads,GADS,DA-B14,15/06/2026,Pallavi Yadav,pallavi_yadav754@gmail.com,7967333972,Ananya Joshi,Google Ads,65999,"21/06/2026, 10:59 AM",24900,Self Finance,Paid,
Jun-26,ADS,Gen AI Search Ads,GADS,GENAI-B03,26/06/2026,Karan Kapoor,karan.kapoor@gmail.com,9579259990,Sneha Iyer,YouTube,67999,"10/06/2026, 07:01 PM",18600,Eduvanz,Paid,
Jun-26,ADS,DA Meta Ads,FB,DA-B12,08/06/2026,Lakshmi Verma,lakshmi_verma956@outlook.com,9445572056,Deepak Verma,Organic,57999,"19/06/2026, 05:56 PM",12800,Self Finance,Paid,
Jun-26,YT,AI/ML Search Ads,SEM,AIML-B02,30/06/2026,Harish Reddy,harish_reddy436@gmail.com,8899430467,Deepak Verma,Google Ads,66999,"08/06/2026, 01:02 PM",33200,HDFC Credila,Paid,
Jun-26,ADS Referral,DS Search Ads,GADS,DS-B09,22/06/2026,Kiran Desai,kiran.desai@outlook.com,7317804950,Rahul Menon,Organic,79999,"04/06/2026, 09:04 PM",36300,Self Finance,Pending,
Jun-26,ADS,DA Meta Ads,META,DA-B12,05/06/2026,Karan Das,karan_das@rediffmail.com,9465310882,Meera Pillai,Google Ads,61999,"30/06/2026, 10:46 PM",16500,Self Finance,Paid,
Jun-26,ADS,BA Search Ads,GSN,BA-B05,03/06/2026,Gaurav Yadav,gaurav_yadav@rediffmail.com,7676216428,Meera Pillai,YouTube,46999,"19/06/2026, 08:30 PM",17600,Self Finance,Partial,
Jun-26,ADS,Gen AI Search Ads,GSN,GENAI-B03,05/06/2026,Chetan Ghosh,chetanghosh@hotmail.com,8625259204,Rahul Menon,YouTube,67999,"09/06/2026, 01:58 PM",26600,,Loan Disbursed,
Jun-26,YT,DA Search Ads,GADS,DA-B14,28/06/2026,Isha Shah,isha_shah@outlook.com,6633319820,Ananya Joshi,Google Ads,64999,"24/06/2026, 03:00 PM",22800,Self Finance,Loan Disbursed,
Jun-26,YT,DA Search Ads,GADS,DA-B14,17/06/2026,Kavya Fernandes,kavyafernandes179@gmail.com,6288827673,Deepak Verma,YouTube,54999,"08/06/2026, 08:41 PM",17800,NBFC Direct,Paid,
Jun-26,YT,BA Meta Ads,INST,BA-B06,03/06/2026,Sahil Naidu,sahil.naidu@hotmail.com,9582789362,Arjun Nair,Meta Ads,58999,"18/06/2026, 04:48 PM",23300,Self Finance,Loan Disbursed,
Jun-26,ADS,Gen AI Search Ads,GADS,GENAI-B04,23/06/2026,Vishal Joshi,vishaljoshi263@hotmail.com,7436981939,Meera Pillai,Meta Ads,72999,"15/06/2026, 12:18 PM",17500,Self Finance,Partial,
Jun-26,ADS,DA Search Ads,GADS,DA-B12,06/06/2026,Sahil Fernandes,sahilfernandes449@yahoo.com,6687829966,Deepak Verma,Referral,65999,"08/06/2026, 12:30 PM",17000,,Paid,
Jun-26,ADS Referral,Gen AI Search Ads,GADS,GENAI-B04,12/06/2026,Nandini Ghosh,nandini.ghosh322@yahoo.com,8177507766,Kavya Reddy,Meta Ads,71999,"23/06/2026, 10:33 PM",21200,Auxilo,Paid,
Jun-26,YT,DA Meta Ads,FB,DA-B12,17/06/2026,Swati Reddy,swatireddy606@gmail.com,8787636196,Vikram Das,Google Ads,67999,"27/06/2026, 05:05 PM",25500,Self Finance,Paid,
Jun-26,YT,Gen AI Search Ads,SEM,GENAI-B03,20/06/2026,Kritika Shetty,kritikashetty462@yahoo.com,8628035995,Vikram Das,YouTube,69999,"27/06/2026, 03:17 PM",30900,Self Finance,Paid,
Jun-26,ADS,DS Search Ads,GADS,DS-B08,04/06/2026,Chetan Shah,chetanshah@rediffmail.com,7205101415,Deepak Verma,YouTube,75999,"28/06/2026, 07:53 PM",37300,Self Finance,Paid,
Jun-26,YT Referral,DS Meta Ads,META,DS-B08,15/06/2026,Sahil Reddy,sahilreddy@outlook.com,8019417239,Meera Pillai,Referral,75999,"27/06/2026, 10:38 AM",35100,Self Finance,Paid,
Jun-26,ADS,AI/ML Search Ads,SEM,AIML-B03,22/06/2026,Shruti Jain,shruti_jain@rediffmail.com,8231908973,Kavya Reddy,Google Ads,69999,"29/06/2026, 09:10 PM",34400,,Paid,
Jun-26,ADS,DS Meta Ads,META,DS-B08,17/06/2026,Pooja Rajan,poojarajan413@yahoo.com,9306997803,Meera Pillai,Meta Ads,61999,"27/06/2026, 11:36 AM",25200,Eduvanz,Paid,
Jun-26,ADS,DM Meta Ads,META,DM-B07,01/06/2026,Nandini Patel,nandini.patel@gmail.com,8081582221,Arjun Nair,Google Ads,41999,"12/06/2026, 10:21 PM",16600,,Paid,
Jun-26,YT,DA Meta Ads,FB,DA-B14,09/06/2026,Nikhil Fernandes,nikhil_fernandes640@yahoo.com,7854266122,Arjun Nair,Meta Ads,62999,"10/06/2026, 08:36 PM",13400,,Paid,
Jun-26,ADS Referral,BA Meta Ads,INST,BA-B06,26/06/2026,Chetan Nair,chetan_nair@outlook.com,9927818959,Arjun Nair,Meta Ads,56999,"25/06/2026, 01:13 PM",22500,Self Finance,Loan Disbursed,
Jun-26,ADS,BA Search Ads,GSN,BA-B05,06/06/2026,Isha Gupta,isha.gupta@yahoo.com,6142715795,Priya Sharma,YouTube,47999,"23/06/2026, 10:35 AM",22700,Propelld,Partial,
Jun-26,YT,Gen AI Search Ads,GSN,GENAI-B03,21/06/2026,Geeta Murthy,geeta.murthy@rediffmail.com,8544386739,Priya Sharma,Email,58999,"07/06/2026, 03:32 PM",21200,Propelld,Loan Disbursed,30/06/2026
Jun-26,ADS,DS Meta Ads,META,DS-B08,16/06/2026,Esha Shetty,esha.shetty999@outlook.com,9623018652,Priya Sharma,Google Ads,63999,"18/06/2026, 04:41 PM",30400,Eduvanz,Paid,
Jun-26,ADS,BA Search Ads,GSN,BA-B05,27/06/2026,Aditya Joshi,aditya.joshi@hotmail.com,9560386498,Ananya Joshi,Referral,59999,"17/06/2026, 09:04 AM",21300,Self Finance,Pending,
Jun-26,ADS,BA Meta Ads,INST,BA-B05,28/06/2026,Deepa Bose,deepa.bose@gmail.com,6166695437,Meera Pillai,YouTube,56999,"10/06/2026, 10:51 PM",11400,Self Finance,Partial,
Jun-26,ADS Referral,DA Meta Ads,FB,DA-B14,29/06/2026,Meera Kapoor,meerakapoor@rediffmail.com,8550406354,Arjun Nair,Meta Ads,65999,"13/06/2026, 12:59 PM",22300,Self Finance,Paid,
Jun-26,ADS,CS Search Ads,GSN,CS-B05,11/06/2026,Isha Verma,isha.verma@hotmail.com,9171085426,Rahul Menon,WhatsApp,67999,"04/06/2026, 08:35 PM",31100,Eduvanz,Paid,
Jun-26,YT Referral,Gen AI Search Ads,SEM,GENAI-B04,07/06/2026,Dhruv Ghosh,dhruv_ghosh@hotmail.com,9051749134,Arjun Nair,Meta Ads,59999,"10/06/2026, 03:51 PM",21600,Self Finance,Partial,
Jun-26,ADS Referral,BA Meta Ads,INST,BA-B06,25/06/2026,Kiran Mehta,kiran_mehta@outlook.com,9247674180,Arjun Nair,YouTube,59999,"18/06/2026, 04:15 PM",19800,Self Finance,Pending,
Jun-26,YT,DM Meta Ads,FB,DM-B07,02/06/2026,Rohit Sharma,rohitsharma957@yahoo.com,9682175278,Meera Pillai,Google Ads,46999,"28/06/2026, 06:47 PM",16600,NBFC Direct,Paid,
Jun-26,YT,AI/ML Search Ads,GSN,AIML-B03,25/06/2026,Dhruv Hegde,dhruvhegde@gmail.com,8408980641,Deepak Verma,Organic,81999,"07/06/2026, 01:33 PM",27700,Propelld,Loan Disbursed,23/06/2026
Jun-26,ADS Referral,DM Meta Ads,META,DM-B08,14/06/2026,Sakshi Varma,sakshi.varma@gmail.com,6659147130,Ananya Joshi,YouTube,38999,"13/06/2026, 06:01 PM",17600,Propelld,Paid,
Jun-26,ADS,DA Search Ads,GSN,DA-B12,02/06/2026,Pradeep Das,pradeep_das@outlook.com,9421620049,Ananya Joshi,YouTube,54999,"20/06/2026, 06:14 PM",27200,,Partial,
Jun-26,ADS,Gen AI Search Ads,GSN,GENAI-B03,14/06/2026,Sakshi Varma,sakshi.varma232@outlook.com,6712155086,Sneha Iyer,Google Ads,75999,"14/06/2026, 11:20 AM",30700,Eduvanz,Paid,
Jun-26,YT Referral,DM Meta Ads,META,DM-B07,23/06/2026,Chetan Gupta,chetan_gupta@outlook.com,8210631929,Meera Pillai,Google Ads,39999,"19/06/2026, 08:26 PM",15900,Self Finance,Paid,
Jun-26,ADS,Gen AI Meta Ads,FB,GENAI-B03,14/06/2026,Vijay Kapoor,vijaykapoor226@gmail.com,9425715502,Priya Sharma,Meta Ads,59999,"08/06/2026, 05:39 PM",16800,Self Finance,Paid,
Jun-26,ADS,AI/ML Search Ads,GSN,AIML-B03,18/06/2026,Rohit Agarwal,rohit_agarwal@rediffmail.com,9751502115,Vikram Das,Google Ads,80999,"10/06/2026, 06:27 PM",38600,NBFC Direct,Refunded,
Jun-26,YT,AI/ML Search Ads,SEM,AIML-B02,05/06/2026,Aarav Hegde,aarav.hegde982@rediffmail.com,6766018394,Kavya Reddy,Referral,82999,"30/06/2026, 05:54 PM",38200,NBFC Direct,Paid,
Jun-26,YT Referral,DS Meta Ads,FB,DS-B10,24/06/2026,Varun Kapoor,varun_kapoor688@outlook.com,8772115911,Suresh Bhat,Referral,69999,"08/06/2026, 06:48 PM",18300,,Paid,
Jun-26,ADS,DS Meta Ads,FB,DS-B09,19/06/2026,Vijay Das,vijay_das@yahoo.com,6167164115,Vikram Das,Organic,68999,"04/06/2026, 02:11 PM",25300,Propelld,Loan Disbursed,29/06/2026
Jun-26,ADS,DA Search Ads,GADS,DA-B14,13/06/2026,Aditya Singh,aditya.singh829@yahoo.com,6232075061,Deepak Verma,YouTube,57999,"28/06/2026, 11:26 AM",15000,Propelld,Partial,
Jun-26,ADS,Gen AI Meta Ads,META,GENAI-B04,14/06/2026,Mohit Rajan,mohit.rajan719@gmail.com,9534826279,Arjun Nair,Google Ads,63999,"24/06/2026, 07:51 PM",17700,,Refunded,
Jun-26,ADS Referral,DA Search Ads,GSN,DA-B13,25/06/2026,Vinay Ghosh,vinay.ghosh@hotmail.com,9202690426,Deepak Verma,Google Ads,54999,"27/06/2026, 12:39 PM",21000,Auxilo,Partial,
Jun-26,ADS,DA Meta Ads,META,DA-B12,05/06/2026,Mohit Jain,mohitjain251@gmail.com,9924718739,Ananya Joshi,Email,50999,"21/06/2026, 05:49 PM",19700,Propelld,Loan Disbursed,15/06/2026
Jun-26,YT,DS Meta Ads,META,DS-B09,25/06/2026,Swati Verma,swativerma514@gmail.com,6219253721,Deepak Verma,Organic,72999,"12/06/2026, 06:23 PM",22600,Propelld,Paid,
Jun-26,YT Referral,DS Meta Ads,META,DS-B08,25/06/2026,Gaurav Murthy,gaurav.murthy194@yahoo.com,8153773366,Deepak Verma,Google Ads,60999,"01/06/2026, 12:51 PM",16200,,Paid,
Jun-26,ADS Referral,Gen AI Search Ads,GSN,GENAI-B04,04/06/2026,Sakshi Menon,sakshimenon537@gmail.com,8262361952,Vikram Das,WhatsApp,75999,"14/06/2026, 04:25 PM",26100,Propelld,Paid,
Jun-26,YT,DA Search Ads,SEM,DA-B13,23/06/2026,Ishaan Kumar,ishaankumar@outlook.com,9878183736,Deepak Verma,YouTube,52999,"07/06/2026, 10:31 AM",14700,Propelld,Partial,
Jun-26,ADS,DA Meta Ads,FB,DA-B13,15/06/2026,Karan Naidu,karan_naidu311@yahoo.com,6701045212,Meera Pillai,YouTube,50999,"19/06/2026, 09:53 PM",18700,Propelld,Refunded,
Jun-26,ADS Referral,DA Search Ads,GADS,DA-B14,16/06/2026,Pallavi Gupta,pallavigupta816@rediffmail.com,8319126254,Sneha Iyer,Google Ads,64999,"19/06/2026, 02:16 PM",20800,HDFC Credila,Paid,
Jun-26,YT,CS Search Ads,GSN,CS-B04,25/06/2026,Bhavna Yadav,bhavnayadav526@rediffmail.com,6357384074,Arjun Nair,Email,53999,"24/06/2026, 03:43 PM",14800,Self Finance,Paid,
Jun-26,ADS,Gen AI Search Ads,GADS,GENAI-B04,25/06/2026,Geeta Murthy,geetamurthy@outlook.com,7475300541,Rahul Menon,WhatsApp,70999,"30/06/2026, 09:09 PM",24200,,Paid,
Jun-26,ADS,DS Meta Ads,META,DS-B08,30/06/2026,Jaya Pillai,jaya_pillai@rediffmail.com,6101460733,Sneha Iyer,Google Ads,76999,"27/06/2026, 11:25 AM",38400,Eduvanz,Partial,
Jun-26,ADS Referral,BA Meta Ads,INST,BA-B05,01/06/2026,Rahul Menon,rahulmenon833@rediffmail.com,7279776462,Arjun Nair,YouTube,53999,"19/06/2026, 04:28 PM",26400,Eduvanz,Loan Disbursed,13/06/2026
Jun-26,ADS Referral,BA Meta Ads,META,BA-B06,06/06/2026,Gaurav Kapoor,gaurav_kapoor192@outlook.com,6710326826,Meera Pillai,Google Ads,57999,"13/06/2026, 06:25 PM",14200,Self Finance,Paid,
Jun-26,YT Referral,CS Search Ads,GSN,CS-B04,25/06/2026,Jaya Chopra,jaya_chopra972@outlook.com,9421301929,Kavya Reddy,Meta Ads,66999,"28/06/2026, 04:25 PM",19600,Propelld,Paid,
Jun-26,ADS,BA Meta Ads,META,BA-B05,20/06/2026,Varun Das,varun_das@rediffmail.com,7821096365,Ananya Joshi,Google Ads,53999,"03/06/2026, 09:35 PM",15100,Self Finance,Paid,
Jun-26,ADS,Gen AI Search Ads,SEM,GENAI-B04,03/06/2026,Hemant Menon,hemantmenon680@yahoo.com,8518661199,Sneha Iyer,Email,75999,"16/06/2026, 09:36 PM",30200,Self Finance,Paid,
Jun-26,ADS Referral,DS Search Ads,GSN,DS-B09,12/06/2026,Hemant Menon,hemant.menon477@hotmail.com,8595546957,Ananya Joshi,Organic,61999,"30/06/2026, 02:27 PM",13200,Propelld,Paid,
Jun-26,YT,DA Search Ads,SEM,DA-B13,08/06/2026,Sandeep Fernandes,sandeep.fernandes@yahoo.com,6586432709,Arjun Nair,Referral,69999,"21/06/2026, 11:07 AM",23100,Self Finance,Paid,
Jun-26,YT Referral,DS Search Ads,GSN,DS-B10,07/06/2026,Kritika Pandey,kritikapandey729@yahoo.com,6176280585,Suresh Bhat,YouTube,72999,"02/06/2026, 05:55 PM",26500,NBFC Direct,Partial,
Jun-26,ADS Referral,BA Meta Ads,INST,BA-B05,18/06/2026,Arjun Rajan,arjun_rajan455@yahoo.com,8190861712,Ananya Joshi,YouTube,51999,"05/06/2026, 10:38 PM",20500,NBFC Direct,Loan Disbursed,13/06/2026
Jun-26,YT,BA Search Ads,GADS,BA-B05,30/06/2026,Isha Kapoor,isha_kapoor169@hotmail.com,6161480366,Sneha Iyer,Meta Ads,48999,"16/06/2026, 04:33 PM",21200,Self Finance,Paid,
Jun-26,YT,DS Meta Ads,FB,DS-B10,08/06/2026,Chetan Shetty,chetanshetty376@yahoo.com,7163597864,Kavya Reddy,WhatsApp,73999,"03/06/2026, 04:04 PM",36200,Self Finance,Paid,
Jun-26,ADS Referral,DS Meta Ads,FB,DS-B10,24/06/2026,Geeta Pillai,geeta.pillai402@hotmail.com,7456720422,Suresh Bhat,Google Ads,68999,"25/06/2026, 06:41 PM",34300,Self Finance,Paid,
Jun-26,YT,BA Meta Ads,META,BA-B06,01/06/2026,Arjun Jain,arjunjain189@rediffmail.com,8266881274,Ananya Joshi,Meta Ads,58999,"15/06/2026, 10:10 AM",21900,,Paid,
Jun-26,ADS Referral,AI/ML Search Ads,GSN,AIML-B03,29/06/2026,Manish Menon,manish_menon983@rediffmail.com,6172245803,Kavya Reddy,Google Ads,69999,"06/06/2026, 06:13 PM",29800,,Pending,
Jun-26,ADS,DA Meta Ads,FB,DA-B12,14/06/2026,Mohit Sharma,mohit.sharma@hotmail.com,8510903334,Meera Pillai,Referral,65999,"19/06/2026, 10:21 PM",30700,Auxilo,Pending,
Jun-26,YT,Gen AI Search Ads,SEM,GENAI-B03,29/06/2026,Kritika Hegde,kritika_hegde696@gmail.com,8180953626,Priya Sharma,Meta Ads,72999,"24/06/2026, 06:56 PM",29600,,Loan Disbursed,
Jun-26,ADS,Gen AI Meta Ads,META,GENAI-B03,04/06/2026,Geeta Kapoor,geeta.kapoor736@rediffmail.com,8792464697,Kavya Reddy,Meta Ads,77999,"23/06/2026, 08:57 PM",25100,,Partial,
Jun-26,ADS,DA Meta Ads,FB,DA-B12,20/06/2026,Kavya Shetty,kavyashetty@yahoo.com,8748737055,Suresh Bhat,Google Ads,59999,"17/06/2026, 08:23 PM",12200,Self Finance,Partial,
Jun-26,ADS,DS Search Ads,SEM,DS-B10,03/06/2026,Aarav Yadav,aarav_yadav677@yahoo.com,6424663948,Meera Pillai,Referral,63999,"29/06/2026, 09:43 PM",20000,Propelld,Pending,
Jun-26,ADS,Gen AI Search Ads,GSN,GENAI-B03,24/06/2026,Kritika Joshi,kritika_joshi@gmail.com,7500200777,Arjun Nair,Referral,74999,"24/06/2026, 02:53 PM",36000,Eduvanz,Partial,
Jun-26,ADS,DA Search Ads,GADS,DA-B14,03/06/2026,Aditya Iyer,aditya_iyer@gmail.com,8870645335,Suresh Bhat,Google Ads,56999,"09/06/2026, 03:22 PM",20300,Self Finance,Partial,
Jun-26,YT,AI/ML Search Ads,SEM,AIML-B02,14/06/2026,Sandeep Kapoor,sandeepkapoor@gmail.com,7897295972,Priya Sharma,WhatsApp,75999,"07/06/2026, 05:30 PM",20700,Self Finance,Paid,
Jun-26,YT,Gen AI Meta Ads,META,GENAI-B04,14/06/2026,Bhavna Shah,bhavna.shah@gmail.com,8234798706,Meera Pillai,Google Ads,66999,"27/06/2026, 09:44 PM",28600,Eduvanz,Paid,
Jun-26,ADS,BA Search Ads,GADS,BA-B05,21/06/2026,Manish Desai,manish.desai768@rediffmail.com,6075900220,Kavya Reddy,YouTube,57999,"23/06/2026, 12:55 PM",16000,HDFC Credila,Partial,
Jun-26,YT,BA Search Ads,GSN,BA-B06,28/06/2026,Harish Patel,harish.patel@outlook.com,9453913139,Priya Sharma,Google Ads,46999,"21/06/2026, 10:19 AM",15800,,Paid,
Jun-26,ADS,BA Meta Ads,META,BA-B06,16/06/2026,Mohit Agarwal,mohitagarwal296@rediffmail.com,7037740244,Priya Sharma,Referral,57999,"15/06/2026, 09:44 PM",15800,Eduvanz,Paid,
Jun-26,ADS,Gen AI Search Ads,GADS,GENAI-B03,23/06/2026,Manish Rajan,manish.rajan@yahoo.com,7875878795,Sneha Iyer,Meta Ads,66999,"25/06/2026, 02:36 PM",17700,Self Finance,Paid,
Jun-26,ADS Referral,Gen AI Search Ads,SEM,GENAI-B04,24/06/2026,Divya Sharma,divya_sharma694@outlook.com,8059482803,Ananya Joshi,YouTube,71999,"25/06/2026, 11:33 AM",23400,Propelld,Paid,
Jun-26,YT Referral,Gen AI Meta Ads,META,GENAI-B04,12/06/2026,Sonia Sharma,soniasharma242@yahoo.com,8241302252,Arjun Nair,YouTube,77999,"27/06/2026, 10:14 PM",17500,Auxilo,Refunded,
Jun-26,ADS,DM Meta Ads,FB,DM-B08,21/06/2026,Deepa Pillai,deepa.pillai@gmail.com,7781916963,Vikram Das,Meta Ads,48999,"29/06/2026, 04:29 PM",14400,Auxilo,Paid,
Jun-26,YT Referral,DA Meta Ads,META,DA-B13,16/06/2026,Pallavi Rajan,pallavirajan410@gmail.com,6393538575,Deepak Verma,Meta Ads,63999,"18/06/2026, 03:32 PM",29500,HDFC Credila,Refunded,
Jun-26,YT Referral,DS Meta Ads,FB,DS-B08,15/06/2026,Kritika Jain,kritika.jain369@rediffmail.com,9241075881,Suresh Bhat,YouTube,61999,"30/06/2026, 09:36 AM",24600,NBFC Direct,Paid,
Jun-26,ADS Referral,DM Meta Ads,META,DM-B07,28/06/2026,Aarav Shah,aarav_shah393@yahoo.com,8954293176,Priya Sharma,YouTube,35999,"21/06/2026, 11:17 AM",13700,Self Finance,Pending,
Jun-26,ADS,DS Search Ads,SEM,DS-B08,15/06/2026,Sandeep Verma,sandeepverma495@gmail.com,8543761566,Priya Sharma,YouTube,72999,"15/06/2026, 07:14 PM",28600,,Paid,
Jun-26,ADS,DA Search Ads,GADS,DA-B12,08/06/2026,Arjun Varma,arjunvarma@yahoo.com,7117158181,Vikram Das,Referral,61999,"08/06/2026, 10:35 AM",17100,Propelld,Paid,
Jun-26,ADS,DA Meta Ads,INST,DA-B12,14/06/2026,Vinay Reddy,vinay.reddy@yahoo.com,7799487400,Deepak Verma,Google Ads,51999,"30/06/2026, 03:59 PM",18200,Self Finance,Pending,
Jun-26,YT,Gen AI Meta Ads,META,GENAI-B04,04/06/2026,Priya Menon,priyamenon581@gmail.com,9928304024,Meera Pillai,WhatsApp,78999,"05/06/2026, 07:24 PM",21800,,Pending,
Jun-26,ADS,Gen AI Meta Ads,META,GENAI-B03,12/06/2026,Suresh Singh,suresh_singh@hotmail.com,8782019502,Suresh Bhat,WhatsApp,74999,"03/06/2026, 10:22 PM",19400,Propelld,Paid,
Jun-26,YT,DA Meta Ads,FB,DA-B13,17/06/2026,Suresh Desai,suresh_desai442@hotmail.com,9071369724,Ananya Joshi,Meta Ads,68999,"16/06/2026, 10:59 PM",25600,Auxilo,Paid,
Jun-26,ADS Referral,DS Search Ads,SEM,DS-B08,13/06/2026,Dhruv Fernandes,dhruv.fernandes866@yahoo.com,6058215871,Priya Sharma,YouTube,70999,"15/06/2026, 03:23 PM",18500,Self Finance,Paid,
Jun-26,ADS,CS Search Ads,GADS,CS-B04,23/06/2026,Uday Kapoor,uday.kapoor647@hotmail.com,9962858399,Ananya Joshi,Google Ads,58999,"16/06/2026, 10:27 AM",17000,Self Finance,Paid,
Jun-26,YT,DS Search Ads,SEM,DS-B10,06/06/2026,Lakshmi Joshi,lakshmijoshi772@rediffmail.com,8021774469,Arjun Nair,Meta Ads,67999,"27/06/2026, 09:44 PM",23500,Eduvanz,Paid,
Jun-26,YT Referral,DM Meta Ads,FB,DM-B08,21/06/2026,Divya Kapoor,divya.kapoor203@hotmail.com,9509650120,Sneha Iyer,Google Ads,38999,"12/06/2026, 04:38 PM",19300,Propelld,Paid,
Jun-26,ADS,DA Search Ads,GADS,DA-B14,08/06/2026,Vinay Das,vinay_das787@hotmail.com,7073667008,Deepak Verma,Organic,59999,"16/06/2026, 10:29 AM",22200,Auxilo,Paid,
Jun-26,ADS Referral,DS Search Ads,GSN,DS-B09,25/06/2026,Vijay Desai,vijay_desai@gmail.com,6602021063,Priya Sharma,Google Ads,81999,"25/06/2026, 05:08 PM",37800,HDFC Credila,Pending,
Jun-26,ADS,DA Meta Ads,META,DA-B13,15/06/2026,Amit Nair,amit_nair424@rediffmail.com,7149942357,Suresh Bhat,YouTube,55999,"09/06/2026, 04:49 PM",14700,Self Finance,Paid,
Jun-26,YT,DS Meta Ads,META,DS-B10,06/06/2026,Arjun Mehta,arjun_mehta203@rediffmail.com,8281978550,Sneha Iyer,Organic,82999,"09/06/2026, 11:57 AM",32100,,Paid,
Jun-26,YT,DS Search Ads,GADS,DS-B10,10/06/2026,Kiran Rao,kiran_rao381@gmail.com,6290113344,Rahul Menon,Organic,72999,"10/06/2026, 01:29 PM",28500,,Paid,
Jun-26,YT,Gen AI Meta Ads,FB,GENAI-B03,16/06/2026,Ananya Gupta,ananyagupta@hotmail.com,9636266088,Sneha Iyer,Meta Ads,67999,"05/06/2026, 08:14 PM",29900,Eduvanz,Loan Disbursed,22/06/2026
Jun-26,ADS,CS Search Ads,GADS,CS-B05,07/06/2026,Nikhil Hegde,nikhilhegde688@hotmail.com,7805524152,Deepak Verma,Meta Ads,50999,"05/06/2026, 11:54 AM",19700,Propelld,Paid,
Jun-26,YT,DA Meta Ads,FB,DA-B12,13/06/2026,Sahil Kumar,sahil_kumar410@hotmail.com,6918808182,Ananya Joshi,Google Ads,60999,"12/06/2026, 08:31 PM",13900,NBFC Direct,Paid,
Jun-26,ADS,BA Meta Ads,INST,BA-B05,14/06/2026,Sneha Shah,sneha_shah546@outlook.com,7792548143,Vikram Das,Organic,48999,"02/06/2026, 03:58 PM",20000,Self Finance,Paid,
Jun-26,YT Referral,DA Meta Ads,INST,DA-B14,26/06/2026,Aditya Reddy,adityareddy883@outlook.com,9624545777,Meera Pillai,Meta Ads,61999,"09/06/2026, 01:43 PM",28600,Self Finance,Partial,
Jun-26,YT Referral,BA Search Ads,GADS,BA-B05,18/06/2026,Amit Murthy,amit_murthy@gmail.com,8828574722,Ananya Joshi,Referral,51999,"25/06/2026, 12:35 PM",21300,HDFC Credila,Loan Disbursed,06/06/2026
Jun-26,YT Referral,DS Meta Ads,FB,DS-B08,06/06/2026,Ishaan Menon,ishaanmenon@hotmail.com,9162269089,Arjun Nair,Google Ads,72999,"03/06/2026, 12:39 PM",15400,HDFC Credila,Partial,
Jun-26,YT,DA Meta Ads,META,DA-B14,09/06/2026,Tanvi Menon,tanvimenon215@yahoo.com,6853931758,Ananya Joshi,YouTube,50999,"08/06/2026, 10:29 AM",11600,Self Finance,Paid,
Jun-26,ADS,BA Meta Ads,META,BA-B06,27/06/2026,Lakshmi Pillai,lakshmi.pillai@outlook.com,8787103190,Priya Sharma,Referral,57999,"16/06/2026, 10:36 AM",20400,Propelld,Pending,
Jun-26,ADS,AI/ML Search Ads,SEM,AIML-B02,20/06/2026,Nandini Agarwal,nandini_agarwal@yahoo.com,8618015767,Priya Sharma,Google Ads,72999,"29/06/2026, 09:50 AM",29000,Self Finance,Paid,
Jun-26,ADS Referral,BA Search Ads,GADS,BA-B06,05/06/2026,Deepa Sharma,deepasharma@rediffmail.com,7447498108,Vikram Das,Google Ads,51999,"27/06/2026, 08:40 PM",17300,Propelld,Paid,
Jun-26,YT Referral,DA Search Ads,GSN,DA-B13,16/06/2026,Divya Fernandes,divya_fernandes@hotmail.com,8258694781,Suresh Bhat,Meta Ads,50999,"28/06/2026, 09:49 PM",21400,Self Finance,Paid,
Jun-26,ADS,DA Meta Ads,INST,DA-B12,03/06/2026,Pradeep Chopra,pradeep.chopra826@hotmail.com,7084956683,Suresh Bhat,Referral,52999,"13/06/2026, 09:00 PM",25900,Propelld,Paid,
Jun-26,ADS,DM Meta Ads,INST,DM-B07,27/06/2026,Nikhil Menon,nikhil_menon@rediffmail.com,8455146033,Rahul Menon,Meta Ads,43999,"29/06/2026, 05:37 PM",8800,Self Finance,Partial,
Jun-26,YT Referral,Gen AI Search Ads,SEM,GENAI-B04,09/06/2026,Sakshi Mehta,sakshi_mehta@hotmail.com,8769711214,Meera Pillai,Google Ads,59999,"13/06/2026, 01:47 PM",19600,Propelld,Partial,
Jun-26,ADS Referral,DM Meta Ads,FB,DM-B08,12/06/2026,Tanvi Mehta,tanvi.mehta879@gmail.com,7835438757,Kavya Reddy,Google Ads,49999,"15/06/2026, 06:22 PM",21100,,Paid,
Jun-26,ADS Referral,DA Search Ads,SEM,DA-B13,09/06/2026,Divya Sharma,divya.sharma@yahoo.com,9964119261,Ananya Joshi,YouTube,64999,"07/06/2026, 05:28 PM",14300,NBFC Direct,Paid,
Jun-26,ADS Referral,DM Meta Ads,INST,DM-B07,19/06/2026,Ishaan Verma,ishaan.verma@yahoo.com,8462463807,Priya Sharma,Google Ads,48999,"24/06/2026, 05:38 PM",21600,Self Finance,Pending,
Jun-26,ADS,DA Meta Ads,INST,DA-B14,29/06/2026,Ishaan Joshi,ishaan.joshi@hotmail.com,8692437106,Vikram Das,YouTube,52999,"24/06/2026, 10:58 PM",24600,NBFC Direct,Paid,
Jun-26,ADS Referral,DS Search Ads,GADS,DS-B10,13/06/2026,Bhavna Pillai,bhavna.pillai952@outlook.com,9938275565,Ananya Joshi,WhatsApp,77999,"19/06/2026, 10:00 AM",30900,Propelld,Partial,
Jun-26,ADS Referral,Gen AI Meta Ads,FB,GENAI-B03,14/06/2026,Gaurav Kumar,gaurav.kumar@yahoo.com,6364491564,Suresh Bhat,Google Ads,62999,"23/06/2026, 03:23 PM",23600,Propelld,Pending,
Jun-26,ADS,DA Meta Ads,FB,DA-B13,16/06/2026,Varun Tiwari,varuntiwari@yahoo.com,6359046442,Meera Pillai,Meta Ads,53999,"23/06/2026, 12:33 PM",26900,,Pending,
Jun-26,YT,Gen AI Search Ads,GADS,GENAI-B04,08/06/2026,Mohit Singh,mohit.singh879@hotmail.com,6305760885,Kavya Reddy,Meta Ads,74999,"20/06/2026, 01:28 PM",24200,Self Finance,Loan Disbursed,
Jun-26,ADS Referral,DM Meta Ads,INST,DM-B07,09/06/2026,Pallavi Fernandes,pallavifernandes@outlook.com,6986709197,Kavya Reddy,Referral,36999,"14/06/2026, 11:30 AM",10300,NBFC Direct,Paid,
Jun-26,ADS,CS Search Ads,GSN,CS-B04,28/06/2026,Tanvi Ghosh,tanvighosh932@rediffmail.com,6998939601,Rahul Menon,YouTube,62999,"29/06/2026, 06:34 PM",30700,Auxilo,Paid,
Jun-26,YT,DS Meta Ads,META,DS-B09,07/06/2026,Sakshi Shah,sakshishah784@gmail.com,6103795108,Rahul Menon,Meta Ads,76999,"11/06/2026, 10:28 PM",33100,HDFC Credila,Partial,
Jun-26,YT,DA Meta Ads,FB,DA-B13,26/06/2026,Amit Sharma,amitsharma186@rediffmail.com,6926217114,Priya Sharma,YouTube,62999,"27/06/2026, 12:56 PM",25100,,Paid,
Jun-26,ADS Referral,Gen AI Search Ads,GADS,GENAI-B03,30/06/2026,Sahil Yadav,sahil.yadav704@outlook.com,7005203139,Priya Sharma,Meta Ads,68999,"18/06/2026, 03:19 PM",15100,,Partial,
Jun-26,YT Referral,CS Search Ads,GSN,CS-B05,01/06/2026,Uday Naidu,uday.naidu889@outlook.com,9176462356,Suresh Bhat,YouTube,66999,"03/06/2026, 08:09 PM",28800,Self Finance,Paid,
Jun-26,YT,DS Search Ads,SEM,DS-B08,09/06/2026,Harish Sharma,harishsharma253@hotmail.com,7811264804,Suresh Bhat,Meta Ads,61999,"08/06/2026, 07:51 PM",20900,Self Finance,Paid,
Jun-26,ADS,DS Search Ads,SEM,DS-B10,05/06/2026,Varun Chopra,varunchopra@rediffmail.com,9928160155,Ananya Joshi,Google Ads,74999,"26/06/2026, 06:05 PM",35100,HDFC Credila,Paid,
Jun-26,ADS Referral,DA Meta Ads,FB,DA-B13,17/06/2026,Aryan Rajan,aryanrajan510@hotmail.com,6540446956,Arjun Nair,Email,51999,"26/06/2026, 12:07 PM",19800,Propelld,Paid,
Jun-26,YT Referral,Gen AI Search Ads,GSN,GENAI-B04,01/06/2026,Priya Shah,priya_shah796@gmail.com,7449853926,Priya Sharma,Organic,58999,"12/06/2026, 11:33 AM",14400,Self Finance,Partial,
Jun-26,YT Referral,BA Search Ads,GADS,BA-B05,20/06/2026,Anjali Rao,anjalirao781@outlook.com,9620945761,Priya Sharma,Referral,54999,"26/06/2026, 12:21 PM",22400,HDFC Credila,Loan Disbursed,30/06/2026
Jun-26,ADS,DA Meta Ads,INST,DA-B12,16/06/2026,Tanvi Sharma,tanvi.sharma261@yahoo.com,9769292826,Ananya Joshi,Email,69999,"20/06/2026, 11:51 AM",31200,Self Finance,Pending,
Jun-26,ADS,AI/ML Search Ads,GSN,AIML-B03,19/06/2026,Sonia Pillai,sonia_pillai900@outlook.com,8565577165,Kavya Reddy,YouTube,71999,"05/06/2026, 07:46 PM",18000,Propelld,Loan Disbursed,15/06/2026
Jun-26,ADS,Gen AI Meta Ads,FB,GENAI-B04,02/06/2026,Isha Singh,isha.singh@rediffmail.com,8173447007,Arjun Nair,Meta Ads,66999,"10/06/2026, 01:33 PM",18200,Self Finance,Paid,
Jun-26,YT,Gen AI Meta Ads,META,GENAI-B04,22/06/2026,Sakshi Yadav,sakshiyadav@outlook.com,7610262775,Priya Sharma,Organic,79999,"18/06/2026, 08:23 PM",23800,,Paid,
Jun-26,YT,DS Meta Ads,META,DS-B09,14/06/2026,Esha Das,esha.das790@gmail.com,7218459325,Priya Sharma,Meta Ads,66999,"02/06/2026, 09:33 PM",31400,Self Finance,Paid,
Jun-26,ADS,DS Search Ads,GSN,DS-B10,01/06/2026,Akash Hegde,akash.hegde@hotmail.com,7471403151,Priya Sharma,Referral,64999,"30/06/2026, 09:31 AM",30100,Self Finance,Paid,
Jun-26,ADS,BA Meta Ads,INST,BA-B06,06/06/2026,Kiran Patel,kiran.patel39@hotmail.com,8599341202,Arjun Nair,YouTube,57999,"17/06/2026, 07:35 PM",17200,NBFC Direct,Pending,
Jun-26,YT,BA Search Ads,GSN,BA-B05,19/06/2026,Pooja Bose,poojabose212@outlook.com,8820297434,Suresh Bhat,Meta Ads,52999,"27/06/2026, 09:26 AM",14300,Eduvanz,Pending,
Jun-26,ADS Referral,Gen AI Meta Ads,META,GENAI-B04,11/06/2026,Akash Menon,akashmenon680@hotmail.com,8099274367,Sneha Iyer,WhatsApp,58999,"01/06/2026, 08:25 PM",28400,Auxilo,Refunded,
Jun-26,ADS Referral,Gen AI Search Ads,GSN,GENAI-B04,06/06/2026,Kritika Pillai,kritika_pillai@hotmail.com,7285056932,Suresh Bhat,WhatsApp,79999,"15/06/2026, 11:02 AM",27100,Self Finance,Loan Disbursed,
Jun-26,YT,DA Search Ads,SEM,DA-B12,09/06/2026,Pradeep Das,pradeep.das@hotmail.com,7652117516,Vikram Das,Google Ads,66999,"17/06/2026, 06:57 PM",25100,HDFC Credila,Paid,
Jun-26,ADS,DA Search Ads,GSN,DA-B13,10/06/2026,Deepa Singh,deepa.singh304@gmail.com,8226022335,Deepak Verma,YouTube,57999,"07/06/2026, 10:34 AM",14600,Self Finance,Paid,
Jun-26,ADS Referral,DA Meta Ads,META,DA-B14,30/06/2026,Kavya Das,kavya_das@gmail.com,9219409314,Deepak Verma,Email,66999,"13/06/2026, 10:15 AM",27300,Propelld,Partial,
Jun-26,ADS,AI/ML Search Ads,SEM,AIML-B02,19/06/2026,Akash Patel,akashpatel@outlook.com,9446343511,Suresh Bhat,Referral,81999,"18/06/2026, 12:52 PM",18400,HDFC Credila,Pending,
Jun-26,YT,DA Meta Ads,META,DA-B13,09/06/2026,Suresh Pillai,suresh_pillai887@rediffmail.com,9672377329,Meera Pillai,Email,64999,"18/06/2026, 07:25 PM",13300,Auxilo,Pending,
Jun-26,ADS,DS Search Ads,GADS,DS-B08,28/06/2026,Pradeep Sharma,pradeepsharma@outlook.com,6694830543,Meera Pillai,YouTube,74999,"27/06/2026, 05:52 PM",23500,,Paid,
Jun-26,ADS,Gen AI Meta Ads,META,GENAI-B04,21/06/2026,Kritika Menon,kritika.menon868@gmail.com,6850729442,Priya Sharma,Meta Ads,57999,"07/06/2026, 09:30 PM",28000,,Paid,
Jun-26,ADS Referral,BA Meta Ads,INST,BA-B05,26/06/2026,Suresh Patel,suresh.patel96@gmail.com,8261226752,Priya Sharma,Referral,59999,"19/06/2026, 04:11 PM",22000,Self Finance,Partial,
Jun-26,ADS,DM Meta Ads,META,DM-B08,08/06/2026,Anjali Yadav,anjaliyadav627@yahoo.com,8307328840,Ananya Joshi,Meta Ads,36999,"26/06/2026, 07:18 PM",15000,Propelld,Pending,
Jun-26,ADS,DA Meta Ads,META,DA-B13,14/06/2026,Rohit Jain,rohit_jain@rediffmail.com,9605648711,Ananya Joshi,YouTube,68999,"24/06/2026, 12:45 PM",18100,Self Finance,Paid,
Jun-26,ADS,BA Search Ads,GSN,BA-B06,16/06/2026,Amit Gupta,amitgupta@yahoo.com,9449181372,Rahul Menon,Referral,57999,"12/06/2026, 08:23 PM",28000,Self Finance,Paid,
Jun-26,ADS,Gen AI Search Ads,GADS,GENAI-B04,28/06/2026,Gaurav Tiwari,gaurav_tiwari439@yahoo.com,7010142086,Deepak Verma,Google Ads,70999,"15/06/2026, 01:47 PM",27500,Self Finance,Paid,
Jun-26,ADS,BA Search Ads,GADS,BA-B06,08/06/2026,Harish Shah,harish.shah@gmail.com,8123847700,Kavya Reddy,Google Ads,54999,"21/06/2026, 10:26 PM",12900,,Refunded,
Jun-26,ADS Referral,DM Meta Ads,META,DM-B07,06/06/2026,Mohit Reddy,mohit_reddy507@yahoo.com,9090452073,Rahul Menon,Meta Ads,49999,"08/06/2026, 10:32 AM",13600,Self Finance,Paid,
Jun-26,YT Referral,DS Search Ads,SEM,DS-B08,18/06/2026,Aditya Jain,aditya_jain@gmail.com,6576564868,Suresh Bhat,Google Ads,68999,"05/06/2026, 03:43 PM",32800,Self Finance,Paid,
Jun-26,ADS,BA Search Ads,GSN,BA-B05,06/06/2026,Gaurav Das,gaurav_das@hotmail.com,6063705727,Deepak Verma,Google Ads,48999,"19/06/2026, 06:02 PM",13500,NBFC Direct,Paid,
Jun-26,ADS Referral,DS Meta Ads,META,DS-B08,05/06/2026,Ishaan Chopra,ishaan_chopra862@yahoo.com,9364973497,Ananya Joshi,Meta Ads,76999,"27/06/2026, 03:28 PM",35400,Eduvanz,Paid,
Jun-26,YT,AI/ML Search Ads,GSN,AIML-B03,24/06/2026,Deepa Rajan,deeparajan@hotmail.com,7993361039,Kavya Reddy,Email,65999,"08/06/2026, 09:37 AM",28100,Self Finance,Paid,
Jun-26,ADS,DA Search Ads,GADS,DA-B13,30/06/2026,Sahil Naidu,sahil_naidu@gmail.com,9761805170,Meera Pillai,Meta Ads,55999,"06/06/2026, 12:40 PM",20800,Self Finance,Paid,
Jun-26,YT,DM Meta Ads,FB,DM-B08,15/06/2026,Pooja Bose,poojabose@gmail.com,9785390725,Suresh Bhat,Meta Ads,40999,"25/06/2026, 11:02 AM",19500,HDFC Credila,Pending,
Jun-26,ADS,DS Meta Ads,META,DS-B10,09/06/2026,Esha Tiwari,esha_tiwari293@yahoo.com,7710664373,Priya Sharma,Meta Ads,76999,"23/06/2026, 11:26 AM",34100,HDFC Credila,Paid,
Jun-26,YT,DA Search Ads,SEM,DA-B13,29/06/2026,Uday Pillai,uday.pillai887@yahoo.com,8353179644,Deepak Verma,Referral,55999,"05/06/2026, 10:04 PM",19400,NBFC Direct,Paid,
Jun-26,YT Referral,Gen AI Search Ads,GADS,GENAI-B04,14/06/2026,Jaya Menon,jaya_menon@outlook.com,6989953360,Kavya Reddy,Google Ads,68999,"05/06/2026, 02:24 PM",20400,Eduvanz,Paid,
Jun-26,ADS,DS Search Ads,GADS,DS-B08,07/06/2026,Nikhil Pandey,nikhil.pandey@gmail.com,9908064686,Ananya Joshi,WhatsApp,64999,"24/06/2026, 11:35 AM",26300,,Loan Disbursed,
Jun-26,YT Referral,DA Search Ads,GADS,DA-B12,22/06/2026,Isha Shah,isha_shah@yahoo.com,7040656401,Priya Sharma,Meta Ads,61999,"21/06/2026, 03:54 PM",22900,Propelld,Paid,
Jun-26,ADS,DM Meta Ads,META,DM-B08,07/06/2026,Nikhil Murthy,nikhil.murthy@hotmail.com,9423184703,Priya Sharma,Meta Ads,49999,"13/06/2026, 04:44 PM",19700,Auxilo,Pending,
Jun-26,ADS,DM Meta Ads,INST,DM-B08,29/06/2026,Bhavna Pillai,bhavna.pillai801@outlook.com,7089470368,Deepak Verma,Google Ads,43999,"07/06/2026, 07:22 PM",15500,Propelld,Partial,
Jun-26,ADS Referral,DA Search Ads,SEM,DA-B14,04/06/2026,Akash Mehta,akash_mehta@rediffmail.com,7915383338,Arjun Nair,WhatsApp,65999,"14/06/2026, 02:42 PM",21800,NBFC Direct,Paid,
Jun-26,ADS Referral,DM Meta Ads,META,DM-B07,02/06/2026,Chetan Agarwal,chetan.agarwal@hotmail.com,9572010844,Arjun Nair,Google Ads,42999,"30/06/2026, 09:19 AM",18200,Propelld,Loan Disbursed,28/06/2026
Jun-26,ADS,DS Meta Ads,META,DS-B10,20/06/2026,Chetan Agarwal,chetan_agarwal@outlook.com,6735327438,Meera Pillai,YouTube,75999,"04/06/2026, 11:45 AM",28000,Auxilo,Loan Disbursed,18/06/2026
Jun-26,YT,BA Meta Ads,INST,BA-B06,10/06/2026,Divya Reddy,divyareddy@yahoo.com,7234477557,Priya Sharma,Meta Ads,55999,"07/06/2026, 11:41 AM",23000,,Partial,
Jun-26,YT,DM Meta Ads,INST,DM-B08,04/06/2026,Vijay Singh,vijaysingh713@rediffmail.com,6998264643,Deepak Verma,Google Ads,38999,"06/06/2026, 09:26 AM",9500,Self Finance,Loan Disbursed,
Jun-26,ADS Referral,DS Meta Ads,META,DS-B08,28/06/2026,Meera Tiwari,meeratiwari@outlook.com,6487397932,Kavya Reddy,Meta Ads,68999,"09/06/2026, 10:27 PM",22900,Self Finance,Pending,
Jun-26,YT,DS Search Ads,GADS,DS-B08,02/06/2026,Bhavna Bose,bhavna_bose@outlook.com,9541288140,Priya Sharma,Google Ads,70999,"24/06/2026, 04:20 PM",24200,Eduvanz,Paid,
Jun-26,ADS,DA Meta Ads,INST,DA-B14,01/06/2026,Arjun Menon,arjun_menon514@rediffmail.com,6847280018,Priya Sharma,Google Ads,66999,"19/06/2026, 05:05 PM",19200,Self Finance,Paid,
Jun-26,ADS,DS Search Ads,SEM,DS-B08,27/06/2026,Esha Mehta,esha_mehta882@yahoo.com,8575519202,Ananya Joshi,YouTube,73999,"04/06/2026, 02:16 PM",15000,HDFC Credila,Paid,
Jun-26,YT,DS Meta Ads,FB,DS-B08,13/06/2026,Manish Varma,manishvarma8@gmail.com,7603720412,Vikram Das,WhatsApp,60999,"18/06/2026, 10:01 PM",27000,Eduvanz,Paid,
Jun-26,YT Referral,BA Search Ads,GADS,BA-B06,15/06/2026,Divya Naidu,divya_naidu667@hotmail.com,9733742733,Vikram Das,Google Ads,59999,"05/06/2026, 10:21 PM",14700,HDFC Credila,Paid,
Jun-26,ADS,Gen AI Meta Ads,FB,GENAI-B04,10/06/2026,Uday Mehta,uday_mehta@gmail.com,7753982792,Vikram Das,Google Ads,56999,"06/06/2026, 12:09 PM",26900,Self Finance,Partial,
Jun-26,YT,DA Search Ads,GSN,DA-B13,03/06/2026,Aryan Chopra,aryanchopra@rediffmail.com,9669567350,Priya Sharma,YouTube,54999,"20/06/2026, 01:32 PM",12500,NBFC Direct,Paid,
Jun-26,ADS,DA Search Ads,SEM,DA-B13,24/06/2026,Tanvi Desai,tanvi.desai@yahoo.com,6508217749,Arjun Nair,Meta Ads,55999,"03/06/2026, 01:14 PM",25100,Eduvanz,Paid,
Jun-26,ADS,DA Search Ads,SEM,DA-B12,29/06/2026,Yash Patel,yashpatel@gmail.com,8318985469,Deepak Verma,Referral,60999,"07/06/2026, 08:22 PM",28400,Propelld,Paid,
Jun-26,YT Referral,BA Search Ads,GSN,BA-B05,16/06/2026,Varun Hegde,varun_hegde940@hotmail.com,9321789453,Rahul Menon,YouTube,55999,"07/06/2026, 07:19 PM",22500,Propelld,Loan Disbursed,07/06/2026
Jun-26,YT Referral,DA Search Ads,SEM,DA-B12,07/06/2026,Esha Nair,esha.nair@hotmail.com,9134088231,Suresh Bhat,Google Ads,56999,"22/06/2026, 07:59 PM",25300,Eduvanz,Partial,
Jun-26,YT,BA Meta Ads,INST,BA-B06,26/06/2026,Amit Tiwari,amittiwari@yahoo.com,7148465481,Kavya Reddy,Organic,50999,"30/06/2026, 02:57 PM",16700,NBFC Direct,Paid,
Jun-26,ADS,DM Meta Ads,META,DM-B08,09/06/2026,Sahil Rajan,sahilrajan861@hotmail.com,7534700892,Kavya Reddy,Meta Ads,48999,"04/06/2026, 10:54 PM",14300,Self Finance,Paid,
Jun-26,ADS,CS Search Ads,GSN,CS-B05,04/06/2026,Nikhil Pandey,nikhil_pandey@gmail.com,9762769025,Arjun Nair,YouTube,63999,"27/06/2026, 11:11 AM",15700,Self Finance,Paid,
Jun-26,ADS,DS Search Ads,GSN,DS-B09,07/06/2026,Aryan Iyer,aryan.iyer@hotmail.com,6202655642,Rahul Menon,YouTube,81999,"18/06/2026, 02:43 PM",20400,Eduvanz,Paid,
Jun-26,YT,DA Search Ads,GADS,DA-B12,15/06/2026,Sneha Hegde,sneha_hegde492@yahoo.com,6368201679,Suresh Bhat,Meta Ads,52999,"24/06/2026, 12:04 PM",19600,Eduvanz,Paid,
Jun-26,YT,DA Meta Ads,FB,DA-B13,19/06/2026,Uday Rajan,uday.rajan295@outlook.com,8548818485,Rahul Menon,Meta Ads,65999,"16/06/2026, 11:20 AM",26100,Self Finance,Paid,
Jun-26,ADS,DA Search Ads,GADS,DA-B13,09/06/2026,Hemant Joshi,hemant_joshi@outlook.com,7291622841,Deepak Verma,Referral,54999,"15/06/2026, 09:25 PM",24500,NBFC Direct,Partial,
Jun-26,ADS,BA Search Ads,GSN,BA-B05,12/06/2026,Kiran Patel,kiran_patel739@hotmail.com,8490905401,Arjun Nair,YouTube,51999,"19/06/2026, 05:27 PM",14300,Auxilo,Paid,
Jun-26,ADS,DA Meta Ads,FB,DA-B12,13/06/2026,Jaya Kapoor,jaya.kapoor@yahoo.com,9749833019,Ananya Joshi,Google Ads,67999,"29/06/2026, 02:24 PM",25100,Self Finance,Paid,
Jun-26,ADS Referral,DA Meta Ads,FB,DA-B12,23/06/2026,Kritika Gupta,kritika.gupta@rediffmail.com,6407893256,Kavya Reddy,Organic,56999,"11/06/2026, 09:46 AM",19800,HDFC Credila,Partial,
Jun-26,ADS,DS Meta Ads,META,DS-B09,04/06/2026,Lakshmi Nair,lakshmi.nair523@hotmail.com,9739113369,Suresh Bhat,Referral,62999,"21/06/2026, 08:56 PM",24500,Self Finance,Partial,
Jun-26,YT,BA Search Ads,GADS,BA-B06,09/06/2026,Aryan Pandey,aryan.pandey968@hotmail.com,7867114503,Suresh Bhat,Meta Ads,58999,"13/06/2026, 10:19 AM",21200,,Partial,
Jun-26,YT,DA Search Ads,SEM,DA-B12,02/06/2026,Aditya Rajan,aditya.rajan@yahoo.com,8476393778,Vikram Das,WhatsApp,57999,"19/06/2026, 01:37 PM",17500,HDFC Credila,Refunded,
Jun-26,ADS,DS Search Ads,GSN,DS-B10,10/06/2026,Amit Patel,amitpatel755@hotmail.com,7697463126,Kavya Reddy,WhatsApp,76999,"14/06/2026, 11:18 AM",25200,HDFC Credila,Partial,
Jun-26,ADS,DS Meta Ads,META,DS-B09,24/06/2026,Uday Verma,uday_verma481@outlook.com,8349440713,Deepak Verma,Referral,62999,"19/06/2026, 06:55 PM",16500,Propelld,Paid,
Jun-26,ADS,Gen AI Search Ads,SEM,GENAI-B03,12/06/2026,Swati Singh,swati_singh25@hotmail.com,6847898692,Kavya Reddy,Organic,63999,"29/06/2026, 11:16 AM",24900,Propelld,Loan Disbursed,10/06/2026
Jun-26,YT Referral,BA Meta Ads,INST,BA-B06,16/06/2026,Aditya Shah,aditya_shah940@gmail.com,9754378636,Suresh Bhat,Meta Ads,49999,"05/06/2026, 04:13 PM",21000,Self Finance,Partial,
Jun-26,ADS Referral,DA Search Ads,GSN,DA-B14,09/06/2026,Suresh Nair,suresh_nair296@outlook.com,7584489093,Suresh Bhat,YouTube,66999,"22/06/2026, 09:09 PM",23800,Eduvanz,Partial,
Jun-26,ADS,DA Search Ads,SEM,DA-B14,10/06/2026,Yash Rajan,yashrajan@rediffmail.com,7992297899,Sneha Iyer,Organic,60999,"22/06/2026, 09:02 AM",19400,Auxilo,Paid,
Jun-26,ADS,DA Meta Ads,FB,DA-B13,24/06/2026,Nandini Fernandes,nandini.fernandes986@gmail.com,7634395863,Priya Sharma,Organic,55999,"07/06/2026, 09:57 AM",26300,,Paid,
Jun-26,ADS,DA Meta Ads,FB,DA-B13,09/06/2026,Isha Desai,isha_desai@outlook.com,8664819741,Arjun Nair,Organic,62999,"10/06/2026, 07:01 PM",18100,Propelld,Paid,
Jun-26,ADS Referral,DS Search Ads,GADS,DS-B09,22/06/2026,Pooja Chopra,pooja_chopra90@hotmail.com,7534003713,Arjun Nair,Organic,67999,"25/06/2026, 07:14 PM",23800,Self Finance,Paid,
Jun-26,ADS Referral,DA Meta Ads,FB,DA-B12,30/06/2026,Karan Nair,karan_nair571@rediffmail.com,6486769766,Kavya Reddy,Meta Ads,60999,"02/06/2026, 03:14 PM",22100,Eduvanz,Pending,
Jun-26,YT,DA Search Ads,SEM,DA-B13,20/06/2026,Aarav Nair,aarav_nair336@gmail.com,7955775261,Ananya Joshi,Meta Ads,64999,"19/06/2026, 02:48 PM",21500,Propelld,Paid,
Jun-26,ADS,BA Search Ads,GADS,BA-B06,05/06/2026,Bhavna Sharma,bhavna_sharma538@yahoo.com,8802033554,Vikram Das,Google Ads,52999,"20/06/2026, 10:54 AM",17500,Self Finance,Pending,
Jun-26,ADS,DM Meta Ads,INST,DM-B08,21/06/2026,Rohan Naidu,rohan_naidu626@yahoo.com,8200428717,Deepak Verma,Google Ads,43999,"04/06/2026, 11:14 AM",19100,Self Finance,Paid,
Jun-26,YT Referral,DA Meta Ads,FB,DA-B13,13/06/2026,Vishal Hegde,vishalhegde805@outlook.com,6401615726,Ananya Joshi,Referral,51999,"26/06/2026, 05:04 PM",11700,Self Finance,Partial,
Jun-26,ADS Referral,Gen AI Search Ads,GADS,GENAI-B04,17/06/2026,Sonia Shah,sonia.shah@rediffmail.com,6227191072,Vikram Das,Referral,57999,"24/06/2026, 07:57 PM",25800,Eduvanz,Paid,
Jun-26,YT,DA Meta Ads,INST,DA-B14,25/06/2026,Aarav Murthy,aaravmurthy@outlook.com,8570645055,Deepak Verma,Email,67999,"11/06/2026, 01:24 PM",31500,Self Finance,Partial,
Jun-26,YT,DA Search Ads,GSN,DA-B14,17/06/2026,Arjun Pandey,arjun_pandey@yahoo.com,8706347306,Sneha Iyer,Google Ads,59999,"26/06/2026, 11:52 AM",14700,Auxilo,Loan Disbursed,17/06/2026
Jun-26,YT,DS Search Ads,GSN,DS-B08,28/06/2026,Sonia Das,sonia_das@yahoo.com,6811993868,Arjun Nair,YouTube,60999,"15/06/2026, 02:31 PM",14900,NBFC Direct,Paid,
Jun-26,YT,DS Meta Ads,META,DS-B09,14/06/2026,Dhruv Murthy,dhruvmurthy@rediffmail.com,8824218525,Priya Sharma,Meta Ads,62999,"25/06/2026, 03:02 PM",14800,Self Finance,Paid,
Jun-26,ADS,BA Search Ads,GADS,BA-B05,14/06/2026,Tanvi Pillai,tanvi.pillai@gmail.com,9943859989,Sneha Iyer,Meta Ads,53999,"10/06/2026, 03:05 PM",22300,Auxilo,Paid,
Jun-26,YT,DA Search Ads,GADS,DA-B14,22/06/2026,Vishal Murthy,vishal.murthy720@gmail.com,7798029874,Meera Pillai,Meta Ads,56999,"18/06/2026, 05:34 PM",20500,Eduvanz,Paid,
Jun-26,ADS,AI/ML Search Ads,GSN,AIML-B03,20/06/2026,Harish Patel,harish.patel475@hotmail.com,8949317184,Vikram Das,Referral,83999,"02/06/2026, 05:13 PM",24100,Self Finance,Paid,
Jun-26,ADS,CS Search Ads,GSN,CS-B05,07/06/2026,Akash Kumar,akashkumar@hotmail.com,6866318050,Sneha Iyer,Meta Ads,50999,"20/06/2026, 09:50 PM",14700,Self Finance,Loan Disbursed,
Jun-26,YT,DS Meta Ads,FB,DS-B08,30/06/2026,Ravi Desai,ravi.desai@yahoo.com,9199946586,Rahul Menon,YouTube,72999,"30/06/2026, 04:01 PM",36000,,Pending,
Jun-26,ADS Referral,DS Search Ads,GADS,DS-B10,24/06/2026,Varun Tiwari,varun.tiwari@yahoo.com,7238824714,Kavya Reddy,Google Ads,83999,"25/06/2026, 11:39 AM",28800,,Pending,
Jun-26,ADS,DA Search Ads,SEM,DA-B13,14/06/2026,Vinay Joshi,vinay_joshi@yahoo.com,7454655291,Suresh Bhat,Google Ads,69999,"22/06/2026, 04:38 PM",32400,,Paid,
Jun-26,ADS Referral,DA Search Ads,GADS,DA-B12,05/06/2026,Akash Mehta,akashmehta344@rediffmail.com,9381178781,Priya Sharma,Google Ads,54999,"17/06/2026, 06:47 PM",21400,Self Finance,Partial,
Jun-26,ADS,BA Search Ads,GADS,BA-B06,22/06/2026,Anjali Kumar,anjalikumar@hotmail.com,9449287392,Suresh Bhat,Referral,46999,"02/06/2026, 03:27 PM",20400,,Paid,
Jun-26,YT Referral,DA Meta Ads,META,DA-B14,28/06/2026,Rohan Reddy,rohan.reddy@rediffmail.com,6031212556,Rahul Menon,YouTube,58999,"23/06/2026, 07:19 PM",29200,Self Finance,Paid,
Jun-26,YT,Gen AI Search Ads,SEM,GENAI-B04,21/06/2026,Hemant Das,hemant_das@yahoo.com,7266888649,Rahul Menon,WhatsApp,69999,"26/06/2026, 03:49 PM",29600,Propelld,Paid,
Jun-26,ADS,DM Meta Ads,META,DM-B08,09/06/2026,Yash Rao,yash_rao6@gmail.com,9177605119,Deepak Verma,YouTube,41999,"28/06/2026, 07:54 PM",10000,NBFC Direct,Pending,
Jun-26,YT,AI/ML Search Ads,SEM,AIML-B03,04/06/2026,Amit Tiwari,amit_tiwari@rediffmail.com,6697829932,Meera Pillai,Referral,68999,"04/06/2026, 08:14 PM",29000,Propelld,Pending,
Jun-26,ADS,Gen AI Search Ads,GSN,GENAI-B04,06/06/2026,Arjun Pandey,arjunpandey379@hotmail.com,9901379117,Suresh Bhat,WhatsApp,62999,"19/06/2026, 09:45 PM",31000,Propelld,Partial,
Jun-26,YT,DM Meta Ads,INST,DM-B08,03/06/2026,Rahul Menon,rahul_menon@hotmail.com,6530482847,Arjun Nair,Meta Ads,36999,"14/06/2026, 10:53 AM",12600,Propelld,Pending,
Jun-26,ADS Referral,DM Meta Ads,META,DM-B07,08/06/2026,Yash Verma,yashverma@rediffmail.com,9611642617,Rahul Menon,Google Ads,40999,"02/06/2026, 06:54 PM",14000,Self Finance,Loan Disbursed,
Jun-26,ADS,AI/ML Search Ads,GSN,AIML-B03,16/06/2026,Hemant Patel,hemantpatel@yahoo.com,7902029476,Sneha Iyer,Referral,68999,"18/06/2026, 01:23 PM",25300,Eduvanz,Paid,
Jun-26,YT,DM Meta Ads,META,DM-B07,26/06/2026,Karan Jain,karan.jain@outlook.com,8254135945,Priya Sharma,Meta Ads,38999,"24/06/2026, 09:06 AM",17100,Self Finance,Paid,
Jun-26,ADS,DS Search Ads,GSN,DS-B09,12/06/2026,Sandeep Das,sandeepdas488@rediffmail.com,8342532440,Sneha Iyer,Google Ads,70999,"09/06/2026, 10:49 AM",29600,HDFC Credila,Paid,
Jun-26,ADS Referral,BA Meta Ads,INST,BA-B05,22/06/2026,Kritika Agarwal,kritika.agarwal955@yahoo.com,9061658186,Sneha Iyer,WhatsApp,58999,"26/06/2026, 03:51 PM",28600,Self Finance,Partial,
Jun-26,ADS,Gen AI Meta Ads,FB,GENAI-B03,09/06/2026,Divya Chopra,divya.chopra954@outlook.com,9195162926,Sneha Iyer,Meta Ads,67999,"17/06/2026, 02:33 PM",21200,Self Finance,Paid,
Jun-26,ADS Referral,DM Meta Ads,FB,DM-B07,04/06/2026,Chetan Sharma,chetan.sharma509@rediffmail.com,9375261792,Ananya Joshi,Google Ads,47999,"28/06/2026, 03:21 PM",22400,Propelld,Paid,
Jun-26,YT Referral,DS Search Ads,SEM,DS-B10,25/06/2026,Shruti Pillai,shrutipillai799@yahoo.com,8850135843,Suresh Bhat,Meta Ads,80999,"19/06/2026, 04:07 PM",39800,Self Finance,Paid,
Jun-26,YT Referral,Gen AI Search Ads,SEM,GENAI-B04,28/06/2026,Esha Nair,eshanair433@hotmail.com,6739673997,Sneha Iyer,YouTube,70999,"20/06/2026, 06:31 PM",15500,Self Finance,Loan Disbursed,
Jun-26,ADS,AI/ML Search Ads,GSN,AIML-B02,22/06/2026,Vishal Patel,vishal_patel@gmail.com,9402202971,Deepak Verma,Meta Ads,78999,"09/06/2026, 11:48 AM",20800,Self Finance,Pending,
Jun-26,YT Referral,AI/ML Search Ads,SEM,AIML-B02,09/06/2026,Ananya Pillai,ananya.pillai@yahoo.com,9631538067,Arjun Nair,Referral,77999,"19/06/2026, 08:16 PM",19800,,Paid,
Jun-26,ADS,DS Search Ads,GADS,DS-B10,04/06/2026,Bhavna Shah,bhavna_shah@hotmail.com,7916140715,Ananya Joshi,Google Ads,64999,"17/06/2026, 04:20 PM",16200,Propelld,Partial,
Jun-26,ADS,BA Search Ads,GSN,BA-B05,18/06/2026,Divya Das,divya.das@rediffmail.com,7845400657,Rahul Menon,Meta Ads,47999,"28/06/2026, 12:22 PM",21900,Auxilo,Partial,
Jun-26,ADS Referral,DA Search Ads,GADS,DA-B13,06/06/2026,Ananya Yadav,ananya.yadav974@yahoo.com,7541599689,Arjun Nair,YouTube,60999,"25/06/2026, 02:27 PM",16500,Eduvanz,Paid,
Jun-26,ADS,DS Meta Ads,META,DS-B08,11/06/2026,Sneha Gupta,snehagupta895@rediffmail.com,7769557454,Vikram Das,Google Ads,62999,"05/06/2026, 10:59 AM",19700,Propelld,Partial,
Jun-26,YT,CS Search Ads,GADS,CS-B04,09/06/2026,Kritika Desai,kritika_desai@gmail.com,6269167443,Meera Pillai,Meta Ads,68999,"29/06/2026, 08:23 PM",28300,Self Finance,Refunded,
Jun-26,ADS,Gen AI Meta Ads,FB,GENAI-B03,10/06/2026,Hemant Iyer,hemantiyer@yahoo.com,9093057481,Kavya Reddy,Google Ads,55999,"27/06/2026, 02:47 PM",13100,Self Finance,Paid,
Jun-26,ADS,DS Search Ads,GSN,DS-B08,14/06/2026,Rohan Pillai,rohanpillai@yahoo.com,6155139184,Deepak Verma,Referral,83999,"21/06/2026, 11:35 AM",41000,Eduvanz,Paid,
Jun-26,ADS Referral,DA Search Ads,GSN,DA-B14,26/06/2026,Jaya Menon,jayamenon105@gmail.com,9418071469,Priya Sharma,Meta Ads,68999,"18/06/2026, 04:49 PM",23000,,Partial,
Jun-26,ADS Referral,Gen AI Meta Ads,META,GENAI-B04,01/06/2026,Rohan Reddy,rohanreddy@outlook.com,8785002922,Arjun Nair,Google Ads,55999,"02/06/2026, 11:21 AM",11900,Auxilo,Pending,
Jun-26,ADS Referral,DM Meta Ads,INST,DM-B07,01/06/2026,Priya Naidu,priyanaidu836@outlook.com,7389532617,Ananya Joshi,Google Ads,39999,"05/06/2026, 10:34 AM",15300,Propelld,Loan Disbursed,25/06/2026
Jun-26,ADS,DA Meta Ads,INST,DA-B14,02/06/2026,Vishal Reddy,vishal_reddy151@gmail.com,6927884741,Deepak Verma,Google Ads,66999,"24/06/2026, 03:40 PM",32400,Self Finance,Loan Disbursed,
Jun-26,YT Referral,Gen AI Meta Ads,FB,GENAI-B03,22/06/2026,Rahul Patel,rahulpatel@hotmail.com,8382031851,Suresh Bhat,Organic,56999,"09/06/2026, 04:55 PM",23400,Auxilo,Paid,
Jun-26,ADS,DA Meta Ads,FB,DA-B14,24/06/2026,Karan Kumar,karan.kumar101@gmail.com,8061589280,Priya Sharma,YouTube,55999,"08/06/2026, 04:38 PM",26900,Self Finance,Paid,
Jun-26,ADS,DA Meta Ads,INST,DA-B12,18/06/2026,Ravi Menon,ravi_menon@gmail.com,8581996538,Vikram Das,Google Ads,65999,"05/06/2026, 02:17 PM",18100,Self Finance,Paid,
Jun-26,ADS,DA Meta Ads,FB,DA-B14,27/06/2026,Tanvi Mehta,tanvimehta290@gmail.com,7419982293,Deepak Verma,Meta Ads,61999,"17/06/2026, 01:04 PM",18000,Self Finance,Paid,
Jun-26,YT Referral,DA Meta Ads,INST,DA-B12,19/06/2026,Swati Mehta,swati.mehta@outlook.com,7964960445,Ananya Joshi,Meta Ads,62999,"21/06/2026, 08:27 PM",15900,Auxilo,Paid,
Jun-26,ADS Referral,BA Search Ads,GSN,BA-B05,13/06/2026,Esha Hegde,esha_hegde@rediffmail.com,7754356597,Sneha Iyer,Google Ads,50999,"20/06/2026, 09:08 PM",25500,Self Finance,Paid,
Jun-26,YT Referral,AI/ML Search Ads,GSN,AIML-B02,23/06/2026,Vishal Pillai,vishal_pillai@yahoo.com,7880373811,Priya Sharma,YouTube,89999,"20/06/2026, 03:01 PM",37700,,Paid,
Jun-26,ADS,Gen AI Meta Ads,META,GENAI-B04,02/06/2026,Kiran Patel,kiran.patel813@yahoo.com,7297742487,Meera Pillai,Google Ads,67999,"13/06/2026, 05:07 PM",20200,Self Finance,Partial,
Jun-26,YT,Gen AI Meta Ads,META,GENAI-B04,26/06/2026,Gaurav Joshi,gaurav.joshi405@gmail.com,9013705254,Rahul Menon,YouTube,58999,"05/06/2026, 02:42 PM",24000,NBFC Direct,Paid,
Jun-26,ADS Referral,DS Meta Ads,FB,DS-B10,13/06/2026,Priya Chopra,priya.chopra262@hotmail.com,8182276543,Priya Sharma,Meta Ads,82999,"26/06/2026, 03:59 PM",27700,Propelld,Partial,
Jun-26,YT,DS Search Ads,GSN,DS-B10,02/06/2026,Geeta Desai,geeta_desai182@rediffmail.com,7664483018,Deepak Verma,Referral,60999,"12/06/2026, 04:32 PM",29600,Self Finance,Paid,
Jun-26,ADS Referral,DS Meta Ads,FB,DS-B09,04/06/2026,Esha Rao,esha_rao88@hotmail.com,6914760655,Arjun Nair,Google Ads,78999,"14/06/2026, 02:27 PM",37600,NBFC Direct,Loan Disbursed,24/06/2026
Jun-26,ADS,DA Search Ads,SEM,DA-B12,18/06/2026,Akash Agarwal,akash.agarwal@gmail.com,6722549312,Rahul Menon,Google Ads,52999,"14/06/2026, 09:33 AM",26200,Eduvanz,Paid,
Jun-26,ADS Referral,Gen AI Search Ads,GSN,GENAI-B03,28/06/2026,Mohit Agarwal,mohitagarwal131@hotmail.com,8666560769,Priya Sharma,Meta Ads,66999,"19/06/2026, 03:20 PM",16400,,Pending,
Jun-26,ADS Referral,DA Search Ads,GADS,DA-B13,28/06/2026,Varun Das,varun.das@outlook.com,6814565956,Deepak Verma,Meta Ads,59999,"11/06/2026, 10:43 AM",17300,Auxilo,Paid,
Jun-26,YT,DA Search Ads,SEM,DA-B12,16/06/2026,Aarav Kapoor,aaravkapoor@rediffmail.com,7772590775,Sneha Iyer,Meta Ads,59999,"03/06/2026, 09:42 AM",30000,NBFC Direct,Partial,
Jun-26,ADS Referral,DA Meta Ads,FB,DA-B12,13/06/2026,Akash Nair,akash_nair@outlook.com,6766622005,Arjun Nair,Email,55999,"18/06/2026, 09:24 AM",23400,Self Finance,Paid,
Jun-26,YT,AI/ML Search Ads,SEM,AIML-B03,15/06/2026,Deepak Shah,deepak.shah@gmail.com,8036906832,Priya Sharma,Organic,79999,"27/06/2026, 09:53 PM",39500,Self Finance,Partial,
Jun-26,YT,DM Meta Ads,FB,DM-B07,08/06/2026,Priya Shetty,priya.shetty309@hotmail.com,6770144730,Deepak Verma,Referral,40999,"03/06/2026, 09:40 PM",16000,Eduvanz,Paid,
Jun-26,ADS,BA Search Ads,GSN,BA-B05,08/06/2026,Gaurav Reddy,gaurav_reddy145@gmail.com,9794952394,Sneha Iyer,Organic,47999,"20/06/2026, 01:22 PM",20600,Auxilo,Pending,
Jun-26,ADS,DM Meta Ads,FB,DM-B07,14/06/2026,Rohan Kapoor,rohankapoor283@rediffmail.com,8218692434,Rahul Menon,Google Ads,37999,"02/06/2026, 07:54 PM",18600,HDFC Credila,Paid,
Jun-26,YT,AI/ML Search Ads,GSN,AIML-B02,07/06/2026,Ravi Sharma,ravi.sharma193@rediffmail.com,9940565057,Deepak Verma,Meta Ads,65999,"06/06/2026, 10:51 AM",18200,HDFC Credila,Paid,
Jun-26,YT,DS Meta Ads,FB,DS-B09,14/06/2026,Rohit Jain,rohit.jain@hotmail.com,7562362684,Vikram Das,Google Ads,74999,"26/06/2026, 07:51 PM",30100,Propelld,Paid,
Jun-26,ADS,DS Search Ads,GSN,DS-B08,03/06/2026,Harish Naidu,harish.naidu300@gmail.com,9195664532,Sneha Iyer,Meta Ads,83999,"15/06/2026, 12:45 PM",33400,HDFC Credila,Partial,
Jun-26,YT,Gen AI Meta Ads,FB,GENAI-B03,30/06/2026,Karan Murthy,karanmurthy63@outlook.com,9375585909,Meera Pillai,Google Ads,67999,"16/06/2026, 09:24 AM",33100,NBFC Direct,Paid,
Jun-26,YT,DA Meta Ads,META,DA-B14,26/06/2026,Aarav Naidu,aarav_naidu@rediffmail.com,8891552467,Meera Pillai,Google Ads,54999,"17/06/2026, 02:52 PM",26900,Propelld,Paid,
Jun-26,ADS,Gen AI Search Ads,SEM,GENAI-B03,06/06/2026,Nandini Gupta,nandini.gupta@outlook.com,7818520440,Arjun Nair,Meta Ads,68999,"19/06/2026, 01:14 PM",24700,Eduvanz,Pending,
Jun-26,ADS,Gen AI Search Ads,SEM,GENAI-B03,13/06/2026,Aditya Naidu,aditya_naidu@hotmail.com,6661621876,Kavya Reddy,Organic,76999,"05/06/2026, 10:29 PM",27900,Propelld,Paid,
Jun-26,ADS,DS Meta Ads,FB,DS-B09,21/06/2026,Karan Fernandes,karan_fernandes841@outlook.com,9623809070,Ananya Joshi,Meta Ads,79999,"03/06/2026, 07:35 PM",27000,Self Finance,Paid,
Jun-26,ADS,DA Meta Ads,FB,DA-B13,01/06/2026,Esha Murthy,esha.murthy@outlook.com,7552405837,Rahul Menon,Organic,67999,"21/06/2026, 05:34 PM",27200,Eduvanz,Partial,
Jun-26,YT Referral,DS Search Ads,GADS,DS-B10,05/06/2026,Sahil Tiwari,sahil_tiwari@yahoo.com,9980721756,Suresh Bhat,Google Ads,79999,"11/06/2026, 09:12 AM",21000,,Partial,
Jun-26,ADS,DA Meta Ads,INST,DA-B13,10/06/2026,Gaurav Tiwari,gauravtiwari@outlook.com,9882106451,Vikram Das,Referral,62999,"19/06/2026, 11:55 AM",27600,Self Finance,Paid,
Jun-26,ADS,BA Meta Ads,INST,BA-B05,12/06/2026,Meera Pillai,meera_pillai630@outlook.com,7708029529,Sneha Iyer,Meta Ads,58999,"18/06/2026, 10:43 PM",24400,Self Finance,Partial,
Jun-26,ADS Referral,DM Meta Ads,META,DM-B08,25/06/2026,Ishaan Shah,ishaan_shah@gmail.com,8317547929,Suresh Bhat,Google Ads,44999,"05/06/2026, 12:05 PM",14700,HDFC Credila,Partial,
Jun-26,ADS,BA Meta Ads,INST,BA-B05,30/06/2026,Sandeep Das,sandeep.das@gmail.com,8720114239,Vikram Das,WhatsApp,58999,"05/06/2026, 01:01 PM",13200,Self Finance,Paid,
Jun-26,ADS,AI/ML Search Ads,SEM,AIML-B03,04/06/2026,Pallavi Desai,pallavidesai@rediffmail.com,9084937003,Sneha Iyer,Organic,85999,"19/06/2026, 03:13 PM",38000,Eduvanz,Partial,
Jun-26,ADS,Gen AI Search Ads,GSN,GENAI-B03,20/06/2026,Uday Bose,uday.bose900@gmail.com,7329486208,Deepak Verma,Google Ads,79999,"07/06/2026, 10:47 PM",36600,Self Finance,Pending,
Jun-26,ADS,DS Meta Ads,FB,DS-B09,14/06/2026,Jaya Kumar,jayakumar@yahoo.com,8072985135,Rahul Menon,Referral,75999,"14/06/2026, 09:31 PM",28100,Propelld,Paid,
Jun-26,ADS,CS Search Ads,GSN,CS-B04,19/06/2026,Geeta Shetty,geeta_shetty605@yahoo.com,8250319573,Kavya Reddy,Meta Ads,53999,"12/06/2026, 03:18 PM",15500,Self Finance,Paid,
Jun-26,YT Referral,DM Meta Ads,FB,DM-B08,08/06/2026,Dhruv Varma,dhruvvarma386@gmail.com,6950965787,Sneha Iyer,Google Ads,38999,"06/06/2026, 08:27 PM",13000,Self Finance,Paid,
Jun-26,ADS,BA Search Ads,GSN,BA-B06,20/06/2026,Harish Gupta,harishgupta@outlook.com,6754536364,Vikram Das,WhatsApp,59999,"21/06/2026, 11:09 AM",18900,Propelld,Paid,
Jun-26,YT,CS Search Ads,GADS,CS-B05,01/06/2026,Sandeep Das,sandeep.das@yahoo.com,6386171708,Priya Sharma,Meta Ads,59999,"15/06/2026, 07:24 PM",29200,Self Finance,Refunded,
Jun-26,ADS,BA Meta Ads,META,BA-B06,19/06/2026,Geeta Naidu,geeta.naidu614@yahoo.com,8246749423,Vikram Das,Google Ads,45999,"04/06/2026, 09:01 AM",22900,Eduvanz,Partial,
Jun-26,ADS,Gen AI Search Ads,GADS,GENAI-B03,27/06/2026,Sakshi Hegde,sakshi_hegde559@hotmail.com,6393315658,Priya Sharma,Email,68999,"18/06/2026, 08:20 PM",14800,Self Finance,Pending,
Jun-26,ADS Referral,Gen AI Search Ads,GADS,GENAI-B04,17/06/2026,Swati Jain,swatijain@outlook.com,7822295244,Rahul Menon,Organic,71999,"03/06/2026, 08:49 PM",17800,Self Finance,Partial,
Jun-26,ADS Referral,DS Search Ads,GADS,DS-B10,15/06/2026,Nandini Shetty,nandini_shetty637@rediffmail.com,6915811123,Rahul Menon,Meta Ads,79999,"28/06/2026, 10:48 PM",19000,Propelld,Pending,
Jun-26,ADS Referral,DA Meta Ads,INST,DA-B13,14/06/2026,Ishaan Iyer,ishaan_iyer674@yahoo.com,7139901174,Rahul Menon,Organic,61999,"21/06/2026, 04:01 PM",13200,Self Finance,Loan Disbursed,
Jun-26,YT,DS Meta Ads,META,DS-B10,10/06/2026,Varun Murthy,varun_murthy355@yahoo.com,9550395292,Rahul Menon,Meta Ads,84999,"03/06/2026, 11:08 AM",35700,,Paid,
Jun-26,YT,CS Search Ads,GADS,CS-B05,03/06/2026,Deepa Nair,deepa_nair57@outlook.com,9069161375,Meera Pillai,Organic,61999,"03/06/2026, 12:34 PM",22100,,Loan Disbursed,
Jun-26,ADS,BA Meta Ads,META,BA-B06,04/06/2026,Vinay Naidu,vinaynaidu263@outlook.com,6843488466,Rahul Menon,Google Ads,56999,"21/06/2026, 02:25 PM",17800,,Paid,
Jun-26,ADS,BA Search Ads,GADS,BA-B06,12/06/2026,Pradeep Hegde,pradeep.hegde211@outlook.com,7555818379,Arjun Nair,Google Ads,48999,"17/06/2026, 06:29 PM",23900,NBFC Direct,Partial,
Jun-26,ADS Referral,DA Search Ads,SEM,DA-B14,05/06/2026,Rohit Chopra,rohit_chopra606@yahoo.com,6348239789,Sneha Iyer,YouTube,52999,"05/06/2026, 09:38 PM",17200,Propelld,Partial,
Jun-26,ADS,DS Meta Ads,FB,DS-B08,05/06/2026,Suresh Nair,suresh.nair982@yahoo.com,8815103826,Arjun Nair,YouTube,84999,"24/06/2026, 09:14 AM",34700,Eduvanz,Pending,
Jun-26,ADS,DA Meta Ads,FB,DA-B14,01/06/2026,Swati Jain,swatijain528@outlook.com,9231561795,Ananya Joshi,Meta Ads,59999,"01/06/2026, 02:50 PM",21900,,Paid,
Jun-26,ADS,DA Meta Ads,INST,DA-B13,29/06/2026,Pooja Kapoor,poojakapoor@rediffmail.com,7866385458,Rahul Menon,Google Ads,62999,"10/06/2026, 09:39 PM",21200,NBFC Direct,Paid,
Jun-26,ADS,DA Search Ads,SEM,DA-B12,03/06/2026,Akash Kumar,akash_kumar882@outlook.com,6938658058,Suresh Bhat,Meta Ads,62999,"19/06/2026, 11:12 AM",14200,Eduvanz,Loan Disbursed,17/06/2026
Jun-26,ADS,DA Meta Ads,META,DA-B14,28/06/2026,Pallavi Rajan,pallavirajan@outlook.com,9675836422,Sneha Iyer,Google Ads,53999,"27/06/2026, 08:09 PM",17900,Self Finance,Paid,
Jun-26,YT Referral,AI/ML Search Ads,GSN,AIML-B03,24/06/2026,Anjali Agarwal,anjali_agarwal951@yahoo.com,7256374684,Vikram Das,Referral,77999,"13/06/2026, 01:24 PM",27200,Self Finance,Pending,
Jun-26,YT,BA Search Ads,GSN,BA-B06,29/06/2026,Ananya Menon,ananya_menon787@hotmail.com,7256588222,Ananya Joshi,Organic,56999,"18/06/2026, 10:18 PM",15900,Propelld,Loan Disbursed,02/06/2026
Jun-26,YT,DA Meta Ads,META,DA-B14,16/06/2026,Lakshmi Naidu,lakshmi_naidu@outlook.com,7521125361,Vikram Das,Referral,63999,"11/06/2026, 08:48 PM",22900,,Paid,
Jun-26,ADS,DA Meta Ads,FB,DA-B13,06/06/2026,Uday Pillai,udaypillai645@yahoo.com,6229947431,Priya Sharma,Referral,62999,"17/06/2026, 04:08 PM",14600,,Partial,
Jun-26,ADS,DS Search Ads,GSN,DS-B10,04/06/2026,Sakshi Rao,sakshi_rao@gmail.com,9116660620,Suresh Bhat,Meta Ads,70999,"17/06/2026, 11:46 AM",18900,Self Finance,Paid,
Jun-26,YT Referral,DA Search Ads,GADS,DA-B13,15/06/2026,Divya Kumar,divyakumar543@hotmail.com,7299952430,Ananya Joshi,Meta Ads,57999,"15/06/2026, 09:07 PM",25500,HDFC Credila,Loan Disbursed,28/06/2026
Jun-26,ADS Referral,DA Search Ads,SEM,DA-B12,13/06/2026,Karan Singh,karansingh927@rediffmail.com,8981814944,Sneha Iyer,Google Ads,49999,"09/06/2026, 12:00 PM",13400,,Paid,
Jun-26,YT,DS Search Ads,SEM,DS-B09,03/06/2026,Uday Pillai,uday.pillai864@gmail.com,7681024317,Rahul Menon,Google Ads,65999,"26/06/2026, 01:42 PM",29300,Auxilo,Paid,
Jun-26,ADS,Gen AI Meta Ads,FB,GENAI-B03,12/06/2026,Priya Mehta,priya_mehta@yahoo.com,7908130543,Sneha Iyer,Google Ads,68999,"19/06/2026, 11:21 AM",33000,Self Finance,Pending,
Jun-26,ADS,Gen AI Search Ads,GADS,GENAI-B03,25/06/2026,Pradeep Mehta,pradeep.mehta204@gmail.com,8555886132,Rahul Menon,Referral,77999,"08/06/2026, 08:13 PM",19400,HDFC Credila,Pending,
Jun-26,ADS,DM Meta Ads,FB,DM-B07,29/06/2026,Geeta Menon,geetamenon@hotmail.com,7686967620,Kavya Reddy,Google Ads,40999,"01/06/2026, 08:25 PM",8900,,Partial,
Jun-26,ADS,BA Meta Ads,INST,BA-B06,01/06/2026,Chetan Yadav,chetanyadav756@gmail.com,8414067713,Suresh Bhat,YouTube,54999,"09/06/2026, 03:50 PM",27000,HDFC Credila,Paid,
Jun-26,ADS,AI/ML Search Ads,GSN,AIML-B02,05/06/2026,Vijay Patel,vijaypatel803@rediffmail.com,9426362582,Kavya Reddy,Referral,89999,"15/06/2026, 05:07 PM",22500,Self Finance,Partial,
Jun-26,YT Referral,DA Search Ads,GADS,DA-B14,10/06/2026,Dhruv Desai,dhruvdesai280@yahoo.com,6838088058,Arjun Nair,YouTube,62999,"16/06/2026, 12:08 PM",15400,,Paid,
Jun-26,ADS Referral,BA Search Ads,GSN,BA-B05,07/06/2026,Gaurav Verma,gauravverma@outlook.com,9398806270,Suresh Bhat,Organic,58999,"22/06/2026, 04:16 PM",15400,Auxilo,Loan Disbursed,15/06/2026
Jun-26,ADS Referral,CS Search Ads,GSN,CS-B04,04/06/2026,Sakshi Pillai,sakshipillai930@gmail.com,8546137685,Meera Pillai,WhatsApp,62999,"14/06/2026, 10:00 PM",27500,Self Finance,Pending,
Jun-26,ADS,DA Search Ads,SEM,DA-B12,09/06/2026,Aarav Agarwal,aarav_agarwal542@yahoo.com,7265819294,Rahul Menon,YouTube,61999,"24/06/2026, 09:43 AM",15100,Propelld,Paid,
Jun-26,YT,DS Meta Ads,META,DS-B10,05/06/2026,Yash Bose,yashbose@hotmail.com,8340240397,Meera Pillai,Google Ads,61999,"06/06/2026, 06:04 PM",30600,Eduvanz,Paid,
Jun-26,YT,BA Meta Ads,INST,BA-B06,19/06/2026,Kavya Hegde,kavya.hegde224@gmail.com,7585707628,Deepak Verma,WhatsApp,49999,"19/06/2026, 02:26 PM",15100,Propelld,Paid,
Jun-26,ADS,Gen AI Meta Ads,META,GENAI-B04,22/06/2026,Dhruv Rao,dhruv.rao839@yahoo.com,8336562445,Arjun Nair,Email,65999,"12/06/2026, 05:11 PM",29400,Self Finance,Refunded,
Jun-26,YT,Gen AI Meta Ads,META,GENAI-B04,03/06/2026,Uday Verma,uday_verma292@rediffmail.com,9188480255,Vikram Das,Google Ads,66999,"10/06/2026, 12:16 PM",31400,,Paid,
Jun-26,ADS,DA Meta Ads,META,DA-B12,01/06/2026,Sneha Agarwal,sneha.agarwal@hotmail.com,7514067160,Vikram Das,Google Ads,52999,"02/06/2026, 05:07 PM",23700,Self Finance,Partial,
Jun-26,ADS,DA Meta Ads,INST,DA-B13,20/06/2026,Dhruv Naidu,dhruvnaidu@rediffmail.com,6710716430,Suresh Bhat,Google Ads,68999,"19/06/2026, 05:08 PM",31800,Eduvanz,Paid,
Jun-26,ADS Referral,Gen AI Search Ads,GADS,GENAI-B04,25/06/2026,Jaya Reddy,jaya_reddy335@outlook.com,6348031001,Suresh Bhat,YouTube,76999,"04/06/2026, 01:19 PM",24900,Propelld,Partial,
Jun-26,ADS,BA Meta Ads,META,BA-B06,08/06/2026,Swati Pillai,swatipillai@outlook.com,9405515580,Rahul Menon,Organic,53999,"22/06/2026, 06:26 PM",10800,Self Finance,Refunded,
Jun-26,ADS,BA Meta Ads,INST,BA-B06,09/06/2026,Suresh Desai,sureshdesai@rediffmail.com,7415681744,Meera Pillai,Google Ads,57999,"18/06/2026, 10:59 AM",12100,Self Finance,Paid,
Jun-26,YT,Gen AI Search Ads,SEM,GENAI-B04,11/06/2026,Anjali Rajan,anjalirajan729@hotmail.com,7966120089,Sneha Iyer,Organic,62999,"30/06/2026, 09:41 AM",31300,HDFC Credila,Partial,
Jun-26,YT Referral,DA Search Ads,GSN,DA-B14,05/06/2026,Kritika Tiwari,kritikatiwari466@outlook.com,7221410298,Deepak Verma,YouTube,55999,"11/06/2026, 07:16 PM",20300,Self Finance,Paid,
Jun-26,ADS,BA Meta Ads,META,BA-B05,18/06/2026,Uday Varma,udayvarma168@outlook.com,7623451842,Rahul Menon,Meta Ads,50999,"21/06/2026, 05:36 PM",17700,Eduvanz,Pending,
Jun-26,ADS,DA Search Ads,GADS,DA-B14,08/06/2026,Varun Gupta,varun_gupta@hotmail.com,9589980637,Sneha Iyer,Google Ads,63999,"14/06/2026, 09:21 PM",20300,Self Finance,Pending,
Jun-26,YT,Gen AI Meta Ads,META,GENAI-B03,09/06/2026,Meera Iyer,meeraiyer370@yahoo.com,8888906974,Sneha Iyer,Meta Ads,70999,"11/06/2026, 06:36 PM",21400,Propelld,Pending,
Jun-26,ADS,DA Meta Ads,FB,DA-B13,19/06/2026,Divya Desai,divya.desai@gmail.com,6378763190,Ananya Joshi,YouTube,62999,"06/06/2026, 04:29 PM",21000,Self Finance,Partial,
Jun-26,ADS Referral,DA Search Ads,SEM,DA-B14,24/06/2026,Ravi Tiwari,ravi_tiwari924@yahoo.com,7887158106,Rahul Menon,Google Ads,65999,"22/06/2026, 02:45 PM",29300,Self Finance,Refunded,
Jun-26,YT,BA Meta Ads,INST,BA-B05,30/06/2026,Priya Ghosh,priya_ghosh203@gmail.com,8424119313,Ananya Joshi,Google Ads,45999,"02/06/2026, 05:36 PM",11100,Propelld,Paid,
Jun-26,ADS,DS Search Ads,GADS,DS-B09,25/06/2026,Kritika Rao,kritika_rao@hotmail.com,7255010928,Suresh Bhat,YouTube,61999,"25/06/2026, 06:01 PM",17400,,Partial,
Jun-26,YT,Gen AI Search Ads,SEM,GENAI-B04,27/06/2026,Vinay Rao,vinay_rao4@yahoo.com,8751284091,Arjun Nair,YouTube,68999,"08/06/2026, 06:33 PM",20600,HDFC Credila,Paid,
Jun-26,YT Referral,Gen AI Search Ads,GSN,GENAI-B03,22/06/2026,Mohit Naidu,mohitnaidu33@yahoo.com,8608511242,Ananya Joshi,WhatsApp,58999,"25/06/2026, 02:58 PM",18300,Eduvanz,Paid,
Jun-26,ADS,CS Search Ads,GADS,CS-B05,23/06/2026,Nandini Bose,nandinibose@outlook.com,6495858356,Deepak Verma,Google Ads,55999,"16/06/2026, 07:39 PM",27000,Propelld,Paid,
Jun-26,ADS Referral,DM Meta Ads,META,DM-B07,24/06/2026,Vijay Singh,vijay.singh@outlook.com,9838604771,Vikram Das,YouTube,39999,"06/06/2026, 09:24 PM",13600,Self Finance,Paid,
Jun-26,ADS Referral,BA Search Ads,GSN,BA-B05,22/06/2026,Rohit Bose,rohitbose162@gmail.com,8331377625,Meera Pillai,Organic,50999,"27/06/2026, 03:28 PM",23400,HDFC Credila,Pending,
Jun-26,ADS Referral,DS Search Ads,GSN,DS-B09,26/06/2026,Karan Pillai,karanpillai@yahoo.com,6737603458,Vikram Das,YouTube,68999,"07/06/2026, 07:01 PM",18200,,Partial,
Jun-26,ADS,AI/ML Search Ads,GSN,AIML-B03,26/06/2026,Karan Mehta,karanmehta937@yahoo.com,8751620850,Priya Sharma,Meta Ads,71999,"20/06/2026, 12:43 PM",28900,HDFC Credila,Paid,
Jun-26,ADS Referral,AI/ML Search Ads,SEM,AIML-B02,23/06/2026,Kavya Shetty,kavya_shetty156@yahoo.com,7550968637,Suresh Bhat,Google Ads,81999,"21/06/2026, 10:23 AM",28200,Self Finance,Partial,
Jun-26,ADS,DS Search Ads,GADS,DS-B08,19/06/2026,Ananya Joshi,ananya_joshi@gmail.com,8673918008,Deepak Verma,Google Ads,70999,"08/06/2026, 06:28 PM",20900,Self Finance,Paid,
Jun-26,ADS Referral,CS Search Ads,GADS,CS-B04,01/06/2026,Lakshmi Shetty,lakshmi.shetty634@hotmail.com,6534681130,Kavya Reddy,Meta Ads,67999,"19/06/2026, 02:11 PM",30900,HDFC Credila,Partial,
Jun-26,YT,Gen AI Meta Ads,META,GENAI-B03,26/06/2026,Vijay Murthy,vijay_murthy47@outlook.com,8937547362,Arjun Nair,Google Ads,68999,"01/06/2026, 02:05 PM",32100,HDFC Credila,Partial,
Jun-26,YT Referral,Gen AI Search Ads,GADS,GENAI-B04,15/06/2026,Anjali Yadav,anjali_yadav359@hotmail.com,8447780336,Priya Sharma,Google Ads,68999,"30/06/2026, 04:32 PM",20600,HDFC Credila,Paid,
Jun-26,ADS,DM Meta Ads,META,DM-B08,01/06/2026,Aryan Naidu,aryan.naidu881@rediffmail.com,7190657071,Arjun Nair,Meta Ads,49999,"30/06/2026, 03:40 PM",12100,Propelld,Pending,
Jun-26,ADS,DS Meta Ads,FB,DS-B09,04/06/2026,Rohan Das,rohan_das713@outlook.com,6699143353,Vikram Das,Google Ads,64999,"22/06/2026, 03:29 PM",18400,Eduvanz,Loan Disbursed,20/06/2026
Jun-26,YT,DA Search Ads,GSN,DA-B12,19/06/2026,Deepa Mehta,deepa.mehta@gmail.com,8590736879,Ananya Joshi,Organic,66999,"20/06/2026, 09:41 AM",17100,Propelld,Pending,
Jun-26,ADS,DA Meta Ads,META,DA-B14,03/06/2026,Esha Joshi,esha_joshi143@rediffmail.com,7264728623,Sneha Iyer,Meta Ads,64999,"13/06/2026, 03:31 PM",29600,,Pending,
Jun-26,ADS,DS Meta Ads,FB,DS-B10,01/06/2026,Sonia Gupta,soniagupta@gmail.com,8778556555,Ananya Joshi,Email,75999,"29/06/2026, 12:25 PM",24600,Auxilo,Paid,
Jun-26,ADS,DA Search Ads,GADS,DA-B12,04/06/2026,Pradeep Shetty,pradeep_shetty796@rediffmail.com,7707774391,Arjun Nair,Meta Ads,65999,"02/06/2026, 03:40 PM",23500,Eduvanz,Loan Disbursed,06/06/2026
Jun-26,YT,DA Meta Ads,FB,DA-B14,12/06/2026,Divya Rao,divya_rao@yahoo.com,8393418167,Priya Sharma,Google Ads,65999,"14/06/2026, 02:36 PM",28100,Self Finance,Paid,
Jun-26,ADS,DS Search Ads,GSN,DS-B08,14/06/2026,Mohit Pillai,mohit.pillai253@gmail.com,8905436570,Suresh Bhat,YouTube,76999,"12/06/2026, 06:42 PM",25200,Eduvanz,Paid,
Jun-26,ADS,CS Search Ads,GADS,CS-B04,19/06/2026,Meera Ghosh,meeraghosh86@rediffmail.com,7587955494,Vikram Das,Referral,63999,"25/06/2026, 07:32 PM",17200,,Pending,
Jun-26,YT,Gen AI Meta Ads,FB,GENAI-B03,16/06/2026,Nikhil Shetty,nikhilshetty@outlook.com,9096374204,Sneha Iyer,Referral,55999,"27/06/2026, 02:21 PM",20300,Self Finance,Paid,
Jun-26,ADS,DA Meta Ads,META,DA-B14,19/06/2026,Pradeep Hegde,pradeep.hegde@hotmail.com,9217469570,Vikram Das,WhatsApp,64999,"24/06/2026, 10:28 PM",26800,Propelld,Partial,
Jun-26,ADS Referral,DA Search Ads,GADS,DA-B12,05/06/2026,Jaya Singh,jaya_singh195@hotmail.com,9291161386,Suresh Bhat,YouTube,67999,"05/06/2026, 05:02 PM",32300,Self Finance,Partial,
Jun-26,YT,BA Search Ads,GSN,BA-B06,03/06/2026,Akash Naidu,akash.naidu@outlook.com,8436640136,Suresh Bhat,Google Ads,47999,"17/06/2026, 05:30 PM",19600,Self Finance,Loan Disbursed,
Jun-26,ADS Referral,DM Meta Ads,FB,DM-B08,25/06/2026,Nandini Shetty,nandini_shetty895@gmail.com,6861691048,Arjun Nair,Google Ads,43999,"04/06/2026, 04:59 PM",17800,,Paid,
Jun-26,ADS Referral,BA Meta Ads,META,BA-B05,16/06/2026,Sakshi Shah,sakshishah@hotmail.com,6377020750,Vikram Das,YouTube,49999,"19/06/2026, 01:43 PM",14500,NBFC Direct,Paid,
Jun-26,ADS Referral,DS Meta Ads,META,DS-B10,19/06/2026,Harish Tiwari,harish_tiwari557@rediffmail.com,9973808848,Arjun Nair,YouTube,84999,"04/06/2026, 02:10 PM",33300,,Loan Disbursed,
Jun-26,YT,DA Search Ads,SEM,DA-B12,06/06/2026,Varun Patel,varunpatel198@rediffmail.com,9637312342,Rahul Menon,Organic,62999,"17/06/2026, 01:52 PM",14100,Propelld,Partial,
Jun-26,YT,AI/ML Search Ads,GSN,AIML-B02,02/06/2026,Chetan Murthy,chetan_murthy925@hotmail.com,7402680436,Suresh Bhat,Referral,72999,"10/06/2026, 12:00 PM",26700,,Refunded,
Jun-26,ADS Referral,CS Search Ads,GSN,CS-B05,01/06/2026,Nikhil Singh,nikhilsingh638@rediffmail.com,8945019716,Kavya Reddy,YouTube,51999,"16/06/2026, 08:17 PM",25500,HDFC Credila,Paid,
Jun-26,ADS,DM Meta Ads,META,DM-B07,17/06/2026,Geeta Tiwari,geeta.tiwari38@yahoo.com,6513646162,Ananya Joshi,Google Ads,44999,"25/06/2026, 12:47 PM",12300,Self Finance,Paid,
Jun-26,ADS Referral,Gen AI Meta Ads,META,GENAI-B04,03/06/2026,Shruti Gupta,shruti.gupta613@gmail.com,6849864342,Suresh Bhat,YouTube,56999,"02/06/2026, 05:02 PM",23000,Eduvanz,Pending,
Jun-26,ADS,DS Meta Ads,FB,DS-B10,18/06/2026,Vishal Nair,vishal.nair@outlook.com,9055050937,Vikram Das,Google Ads,79999,"27/06/2026, 11:56 AM",29900,Propelld,Paid,
Jun-26,ADS Referral,Gen AI Search Ads,SEM,GENAI-B03,21/06/2026,Sandeep Kapoor,sandeep_kapoor88@hotmail.com,6047383261,Deepak Verma,Meta Ads,66999,"28/06/2026, 12:28 PM",21900,Propelld,Paid,
Jun-26,ADS Referral,AI/ML Search Ads,GSN,AIML-B02,19/06/2026,Rahul Verma,rahulverma891@gmail.com,7930109494,Sneha Iyer,YouTube,75999,"13/06/2026, 03:15 PM",18900,Propelld,Paid,
Jun-26,YT Referral,Gen AI Search Ads,GADS,GENAI-B03,07/06/2026,Varun Joshi,varunjoshi@hotmail.com,8542169429,Sneha Iyer,Referral,59999,"10/06/2026, 04:46 PM",18400,HDFC Credila,Pending,
Jun-26,ADS,Gen AI Search Ads,SEM,GENAI-B04,29/06/2026,Isha Varma,ishavarma626@gmail.com,6627038729,Ananya Joshi,Google Ads,55999,"24/06/2026, 10:10 AM",24800,Propelld,Loan Disbursed,30/06/2026
Jun-26,ADS,DS Search Ads,SEM,DS-B08,04/06/2026,Rohit Iyer,rohit_iyer@hotmail.com,9054679879,Suresh Bhat,Email,65999,"02/06/2026, 04:26 PM",17200,Propelld,Loan Disbursed,08/06/2026
Jun-26,YT Referral,Gen AI Meta Ads,FB,GENAI-B04,18/06/2026,Esha Rajan,esha.rajan@outlook.com,8670451863,Ananya Joshi,Meta Ads,55999,"29/06/2026, 06:20 PM",21300,Auxilo,Refunded,
Jun-26,ADS,DA Meta Ads,META,DA-B13,30/06/2026,Suresh Iyer,sureshiyer@outlook.com,9297167478,Sneha Iyer,Meta Ads,64999,"30/06/2026, 05:49 PM",25600,Propelld,Paid,
Jun-26,ADS,DS Meta Ads,FB,DS-B08,16/06/2026,Isha Menon,ishamenon@rediffmail.com,7215604212,Ananya Joshi,Organic,74999,"12/06/2026, 06:26 PM",35300,Self Finance,Pending,
Jun-26,ADS,BA Meta Ads,META,BA-B05,10/06/2026,Uday Shah,uday.shah570@rediffmail.com,7486573358,Suresh Bhat,Google Ads,47999,"20/06/2026, 11:18 AM",19300,Auxilo,Partial,
Jun-26,ADS,BA Search Ads,GSN,BA-B05,21/06/2026,Isha Nair,ishanair@yahoo.com,8919505902,Rahul Menon,YouTube,59999,"06/06/2026, 12:12 PM",16400,HDFC Credila,Paid,
Jun-26,ADS,DS Search Ads,SEM,DS-B10,06/06/2026,Aryan Desai,aryan.desai@yahoo.com,9585139812,Suresh Bhat,Meta Ads,74999,"22/06/2026, 05:38 PM",34100,,Paid,
Jun-26,YT,CS Search Ads,GSN,CS-B05,08/06/2026,Anjali Kumar,anjali.kumar258@yahoo.com,6139169967,Kavya Reddy,Organic,63999,"12/06/2026, 08:56 PM",30300,HDFC Credila,Refunded,
Jun-26,YT Referral,DA Search Ads,SEM,DA-B12,03/06/2026,Divya Joshi,divya.joshi601@rediffmail.com,8305191562,Kavya Reddy,Google Ads,68999,"19/06/2026, 12:32 PM",16200,HDFC Credila,Paid,
Jun-26,ADS,CS Search Ads,GSN,CS-B04,05/06/2026,Akash Patel,akash.patel@outlook.com,6493131897,Deepak Verma,Google Ads,56999,"17/06/2026, 09:15 PM",21000,Propelld,Paid,
Jun-26,ADS Referral,DA Meta Ads,META,DA-B13,27/06/2026,Pradeep Mehta,pradeep_mehta@yahoo.com,9119971724,Priya Sharma,WhatsApp,65999,"09/06/2026, 03:02 PM",32000,Propelld,Pending,
Jun-26,ADS Referral,DA Search Ads,GSN,DA-B14,26/06/2026,Gaurav Murthy,gaurav.murthy@rediffmail.com,9380092452,Kavya Reddy,Referral,63999,"02/06/2026, 09:41 AM",21600,HDFC Credila,Paid,
Jun-26,ADS,Gen AI Search Ads,GADS,GENAI-B03,18/06/2026,Mohit Iyer,mohitiyer@yahoo.com,8522211285,Sneha Iyer,Organic,59999,"16/06/2026, 01:07 PM",21700,,Paid,
Jun-26,YT,Gen AI Search Ads,GADS,GENAI-B03,10/06/2026,Vishal Verma,vishal.verma@yahoo.com,9129940058,Rahul Menon,Google Ads,60999,"16/06/2026, 03:48 PM",27100,Auxilo,Paid,
Jun-26,YT Referral,Gen AI Meta Ads,META,GENAI-B04,01/06/2026,Lakshmi Singh,lakshmi.singh771@hotmail.com,7289100627,Suresh Bhat,Meta Ads,69999,"12/06/2026, 07:43 PM",18600,Auxilo,Paid,
Jun-26,ADS,DA Search Ads,SEM,DA-B14,09/06/2026,Mohit Patel,mohit.patel@hotmail.com,6524272929,Rahul Menon,Meta Ads,50999,"23/06/2026, 07:12 PM",23100,Self Finance,Paid,
Jun-26,YT,Gen AI Search Ads,SEM,GENAI-B03,13/06/2026,Deepa Shetty,deepa_shetty@yahoo.com,7363099900,Vikram Das,Google Ads,77999,"06/06/2026, 09:23 PM",20300,HDFC Credila,Loan Disbursed,22/06/2026
Jun-26,YT,Gen AI Meta Ads,META,GENAI-B04,12/06/2026,Vinay Yadav,vinayyadav@outlook.com,8364424004,Rahul Menon,Google Ads,59999,"15/06/2026, 10:57 AM",19500,Eduvanz,Loan Disbursed,27/06/2026
Jun-26,YT,AI/ML Search Ads,GSN,AIML-B02,13/06/2026,Pradeep Das,pradeepdas446@outlook.com,8433098915,Suresh Bhat,YouTube,67999,"14/06/2026, 10:58 PM",23700,Propelld,Refunded,
Jun-26,YT,Gen AI Search Ads,GSN,GENAI-B03,14/06/2026,Chetan Shetty,chetanshetty56@yahoo.com,6866666378,Priya Sharma,Referral,65999,"10/06/2026, 10:16 AM",15500,Self Finance,Partial,
Jun-26,YT,BA Search Ads,GSN,BA-B05,24/06/2026,Rohit Joshi,rohit.joshi@outlook.com,8670890519,Ananya Joshi,Google Ads,55999,"28/06/2026, 01:10 PM",25900,Eduvanz,Paid,
Jun-26,ADS,DA Search Ads,SEM,DA-B12,23/06/2026,Sakshi Reddy,sakshi.reddy@gmail.com,9267372367,Suresh Bhat,YouTube,66999,"27/06/2026, 07:18 PM",13900,Self Finance,Paid,
Jun-26,ADS,Gen AI Meta Ads,META,GENAI-B03,19/06/2026,Vinay Agarwal,vinay_agarwal@outlook.com,8878780898,Priya Sharma,Google Ads,72999,"10/06/2026, 06:32 PM",29000,Self Finance,Paid,
Jun-26,ADS Referral,DS Meta Ads,META,DS-B10,19/06/2026,Mohit Desai,mohitdesai279@rediffmail.com,8491946945,Kavya Reddy,WhatsApp,82999,"12/06/2026, 07:55 PM",20400,Self Finance,Partial,
Jun-26,ADS,Gen AI Search Ads,SEM,GENAI-B04,02/06/2026,Sneha Shetty,sneha.shetty717@yahoo.com,7190224107,Suresh Bhat,Google Ads,64999,"15/06/2026, 07:53 PM",30300,Self Finance,Partial,
Jun-26,ADS,CS Search Ads,GSN,CS-B04,06/06/2026,Vinay Gupta,vinay_gupta731@gmail.com,9313018035,Meera Pillai,Google Ads,55999,"18/06/2026, 02:49 PM",26800,HDFC Credila,Paid,
Jun-26,YT Referral,DM Meta Ads,INST,DM-B07,27/06/2026,Ravi Das,ravi_das305@outlook.com,9878130456,Vikram Das,Google Ads,36999,"05/06/2026, 02:52 PM",15500,Self Finance,Paid,
Jun-26,YT,Gen AI Search Ads,GADS,GENAI-B04,17/06/2026,Karan Shetty,karanshetty@rediffmail.com,9485760443,Suresh Bhat,Meta Ads,59999,"11/06/2026, 01:16 PM",15100,Self Finance,Loan Disbursed,
Jun-26,YT Referral,DS Search Ads,GADS,DS-B10,03/06/2026,Mohit Naidu,mohit.naidu69@rediffmail.com,7134680396,Priya Sharma,Meta Ads,73999,"10/06/2026, 05:46 PM",19200,NBFC Direct,Paid,
Jun-26,ADS,DM Meta Ads,META,DM-B08,02/06/2026,Arjun Gupta,arjun_gupta164@hotmail.com,9831436346,Priya Sharma,Meta Ads,43999,"17/06/2026, 11:19 AM",13100,NBFC Direct,Pending,
Jun-26,YT Referral,Gen AI Search Ads,GSN,GENAI-B03,12/06/2026,Ishaan Fernandes,ishaanfernandes568@rediffmail.com,6784442582,Suresh Bhat,Google Ads,59999,"04/06/2026, 10:16 PM",12300,Eduvanz,Paid,
Jun-26,ADS,CS Search Ads,GSN,CS-B04,17/06/2026,Ishaan Murthy,ishaan.murthy@rediffmail.com,9607660823,Vikram Das,Google Ads,52999,"21/06/2026, 01:03 PM",23900,Self Finance,Paid,
Jun-26,YT,CS Search Ads,GSN,CS-B04,27/06/2026,Rahul Hegde,rahulhegde@outlook.com,6540334235,Priya Sharma,YouTube,56999,"09/06/2026, 12:52 PM",24000,NBFC Direct,Pending,
Jun-26,ADS Referral,DA Search Ads,GSN,DA-B13,30/06/2026,Vijay Yadav,vijay_yadav@hotmail.com,6783510899,Arjun Nair,Google Ads,63999,"07/06/2026, 09:25 AM",19400,Self Finance,Paid,
Jun-26,ADS Referral,DM Meta Ads,META,DM-B07,03/06/2026,Yash Bose,yash_bose215@hotmail.com,9500070871,Deepak Verma,Referral,41999,"14/06/2026, 10:28 AM",18900,Self Finance,Refunded,
Jun-26,YT Referral,BA Meta Ads,INST,BA-B05,23/06/2026,Manish Das,manish_das11@yahoo.com,6348994505,Sneha Iyer,Google Ads,47999,"17/06/2026, 12:16 PM",16100,Propelld,Paid,
Jun-26,ADS,BA Meta Ads,META,BA-B06,21/06/2026,Ravi Joshi,ravijoshi@yahoo.com,7385192590,Kavya Reddy,Organic,48999,"30/06/2026, 10:58 PM",18800,Self Finance,Paid,
Jun-26,YT,Gen AI Meta Ads,META,GENAI-B04,11/06/2026,Arjun Singh,arjun.singh@gmail.com,7915106962,Kavya Reddy,YouTube,79999,"22/06/2026, 11:15 AM",20800,Eduvanz,Partial,
Jun-26,ADS,DA Search Ads,SEM,DA-B14,05/06/2026,Aryan Pillai,aryanpillai79@rediffmail.com,8536615363,Deepak Verma,Meta Ads,58999,"21/06/2026, 11:53 AM",13800,,Paid,
Jun-26,YT Referral,DA Search Ads,SEM,DA-B13,26/06/2026,Sandeep Ghosh,sandeepghosh@yahoo.com,7287320194,Ananya Joshi,Google Ads,66999,"02/06/2026, 02:30 PM",23700,Self Finance,Paid,
Jun-26,ADS Referral,Gen AI Search Ads,GSN,GENAI-B04,10/06/2026,Yash Rao,yashrao701@gmail.com,9087992096,Sneha Iyer,YouTube,69999,"21/06/2026, 12:32 PM",28200,,Partial,
Jun-26,ADS Referral,DA Search Ads,GSN,DA-B13,09/06/2026,Sonia Sharma,sonia.sharma810@hotmail.com,9688828571,Suresh Bhat,Google Ads,67999,"02/06/2026, 03:07 PM",31300,,Paid,
Jun-26,YT,DA Meta Ads,INST,DA-B14,13/06/2026,Chetan Bose,chetan.bose@gmail.com,6181793971,Meera Pillai,Google Ads,68999,"14/06/2026, 10:31 AM",14800,Self Finance,Paid,
Jun-26,YT,BA Search Ads,GADS,BA-B05,10/06/2026,Isha Mehta,isha_mehta@hotmail.com,7618686424,Deepak Verma,YouTube,59999,"21/06/2026, 11:42 AM",25000,Propelld,Paid,
Jun-26,YT Referral,Gen AI Meta Ads,FB,GENAI-B03,09/06/2026,Sneha Hegde,sneha_hegde@yahoo.com,8338448399,Kavya Reddy,Google Ads,55999,"08/06/2026, 04:50 PM",11800,HDFC Credila,Partial,
Jun-26,ADS,DM Meta Ads,INST,DM-B08,05/06/2026,Sneha Das,snehadas662@outlook.com,8756393663,Deepak Verma,Google Ads,48999,"27/06/2026, 11:49 AM",10200,Self Finance,Pending,
Jun-26,ADS Referral,BA Search Ads,GADS,BA-B06,01/06/2026,Shruti Pillai,shruti_pillai@hotmail.com,9952640144,Priya Sharma,Google Ads,46999,"07/06/2026, 07:48 PM",18200,Self Finance,Paid,
Jun-26,ADS Referral,CS Search Ads,GSN,CS-B05,22/06/2026,Pradeep Naidu,pradeep.naidu248@yahoo.com,9711601335,Sneha Iyer,WhatsApp,69999,"14/06/2026, 10:43 PM",19400,Propelld,Paid,
Jun-26,YT Referral,BA Meta Ads,META,BA-B05,17/06/2026,Anjali Hegde,anjali.hegde559@rediffmail.com,6803726108,Meera Pillai,Meta Ads,50999,"15/06/2026, 12:56 PM",11700,Self Finance,Pending,
Jun-26,ADS Referral,DA Search Ads,GADS,DA-B12,04/06/2026,Swati Jain,swati_jain925@hotmail.com,6169902300,Vikram Das,Meta Ads,65999,"06/06/2026, 11:55 AM",16600,Self Finance,Paid,
Jun-26,ADS,DA Meta Ads,META,DA-B14,07/06/2026,Akash Pandey,akash_pandey@gmail.com,7025788523,Suresh Bhat,YouTube,64999,"27/06/2026, 10:24 PM",21100,Self Finance,Paid,
Jun-26,YT,DA Search Ads,SEM,DA-B13,20/06/2026,Vishal Reddy,vishalreddy327@yahoo.com,7173541635,Vikram Das,Organic,56999,"11/06/2026, 10:18 AM",27200,HDFC Credila,Paid,
Jun-26,YT,DA Meta Ads,META,DA-B13,12/06/2026,Vinay Ghosh,vinay.ghosh494@gmail.com,7338776820,Rahul Menon,Referral,61999,"17/06/2026, 07:19 PM",23100,Eduvanz,Loan Disbursed,05/06/2026
Jun-26,YT,DS Meta Ads,FB,DS-B09,09/06/2026,Vinay Agarwal,vinay.agarwal337@yahoo.com,9716020761,Priya Sharma,Google Ads,75999,"15/06/2026, 11:57 AM",24400,Propelld,Paid,
Jun-26,ADS,Gen AI Search Ads,SEM,GENAI-B04,18/06/2026,Vinay Rao,vinay.rao792@hotmail.com,6868302798,Kavya Reddy,Google Ads,78999,"02/06/2026, 03:07 PM",26500,Self Finance,Loan Disbursed,
Jun-26,ADS,DS Search Ads,GSN,DS-B08,08/06/2026,Aryan Patel,aryan_patel663@rediffmail.com,9809480239,Meera Pillai,YouTube,77999,"09/06/2026, 01:32 PM",28800,NBFC Direct,Paid,
Jun-26,YT,DS Search Ads,SEM,DS-B10,18/06/2026,Kritika Pillai,kritikapillai@hotmail.com,8582201401,Suresh Bhat,Google Ads,65999,"22/06/2026, 03:37 PM",27300,Eduvanz,Paid,
Jun-26,ADS,DA Meta Ads,META,DA-B14,08/06/2026,Swati Patel,swati_patel834@gmail.com,8340127141,Kavya Reddy,Organic,59999,"30/06/2026, 11:32 AM",24300,Propelld,Pending,
Jun-26,YT,BA Meta Ads,INST,BA-B05,09/06/2026,Lakshmi Ghosh,lakshmighosh191@rediffmail.com,9477499142,Rahul Menon,YouTube,58999,"10/06/2026, 12:56 PM",23700,Auxilo,Partial,
Jun-26,ADS,Gen AI Search Ads,GSN,GENAI-B03,06/06/2026,Sahil Fernandes,sahil.fernandes@rediffmail.com,7971202232,Sneha Iyer,YouTube,66999,"27/06/2026, 09:56 AM",31100,Eduvanz,Paid,
Jun-26,ADS,DA Meta Ads,INST,DA-B12,05/06/2026,Sandeep Iyer,sandeep_iyer@outlook.com,9476047350,Suresh Bhat,Meta Ads,52999,"29/06/2026, 05:28 PM",24300,Propelld,Refunded,
Jun-26,YT,BA Search Ads,GADS,BA-B06,16/06/2026,Vinay Iyer,vinayiyer61@outlook.com,9776809326,Ananya Joshi,Google Ads,48999,"29/06/2026, 12:57 PM",16400,NBFC Direct,Loan Disbursed,27/06/2026
Jun-26,YT Referral,DS Search Ads,SEM,DS-B09,19/06/2026,Kavya Kumar,kavya_kumar@hotmail.com,6570544529,Deepak Verma,YouTube,62999,"07/06/2026, 10:42 PM",23000,,Pending,
Jun-26,ADS Referral,DA Search Ads,SEM,DA-B14,11/06/2026,Harish Jain,harish.jain305@hotmail.com,7919554574,Suresh Bhat,Meta Ads,68999,"22/06/2026, 01:20 PM",32000,Self Finance,Paid,
Jun-26,ADS,BA Meta Ads,INST,BA-B05,24/06/2026,Pallavi Varma,pallavi_varma560@hotmail.com,7217998924,Kavya Reddy,Meta Ads,54999,"30/06/2026, 02:18 PM",19700,Self Finance,Pending,
Jun-26,ADS,BA Meta Ads,META,BA-B05,02/06/2026,Divya Gupta,divya_gupta817@yahoo.com,6229802493,Ananya Joshi,YouTube,53999,"08/06/2026, 10:08 AM",13600,HDFC Credila,Refunded,
Jun-26,ADS,DA Search Ads,GSN,DA-B13,29/06/2026,Vijay Menon,vijay.menon791@gmail.com,8782830099,Ananya Joshi,Google Ads,51999,"16/06/2026, 03:37 PM",22100,,Partial,
Jun-26,YT Referral,DA Search Ads,SEM,DA-B14,24/06/2026,Aryan Kapoor,aryan_kapoor467@yahoo.com,9599905442,Vikram Das,Meta Ads,52999,"28/06/2026, 12:36 PM",21800,Propelld,Paid,
Jun-26,ADS,BA Search Ads,GADS,BA-B05,17/06/2026,Priya Naidu,priya_naidu696@outlook.com,9060919063,Vikram Das,Organic,52999,"18/06/2026, 08:57 PM",18800,Self Finance,Paid,
Jun-26,YT,DA Search Ads,GSN,DA-B14,26/06/2026,Rohit Kumar,rohitkumar@rediffmail.com,9126452427,Meera Pillai,WhatsApp,62999,"15/06/2026, 07:24 PM",26400,Propelld,Paid,
Jun-26,ADS,DS Search Ads,GADS,DS-B10,24/06/2026,Uday Desai,udaydesai972@yahoo.com,6772077379,Priya Sharma,Google Ads,75999,"22/06/2026, 10:44 PM",30800,Propelld,Paid,
Jun-26,ADS Referral,DS Meta Ads,META,DS-B09,17/06/2026,Kritika Reddy,kritika.reddy@rediffmail.com,9393466571,Arjun Nair,Organic,73999,"12/06/2026, 12:40 PM",28900,Propelld,Paid,
Jun-26,ADS Referral,DS Search Ads,SEM,DS-B08,20/06/2026,Divya Menon,divya.menon738@rediffmail.com,9849670780,Sneha Iyer,Google Ads,65999,"10/06/2026, 06:07 PM",15800,,Loan Disbursed,
Jun-26,YT,Gen AI Search Ads,SEM,GENAI-B03,04/06/2026,Dhruv Shetty,dhruv.shetty101@rediffmail.com,7066199064,Kavya Reddy,Google Ads,58999,"04/06/2026, 12:47 PM",13300,Auxilo,Paid,
Jun-26,YT Referral,CS Search Ads,GSN,CS-B05,20/06/2026,Deepa Rajan,deepa_rajan@outlook.com,7941565566,Suresh Bhat,YouTube,53999,"25/06/2026, 11:23 AM",15900,HDFC Credila,Partial,
Jun-26,YT Referral,DA Meta Ads,FB,DA-B14,02/06/2026,Esha Kumar,esha.kumar@rediffmail.com,7051615602,Sneha Iyer,Meta Ads,69999,"15/06/2026, 02:54 PM",26500,Self Finance,Paid,
Jun-26,YT,DA Search Ads,GADS,DA-B13,20/06/2026,Aarav Shah,aarav.shah418@hotmail.com,7210417316,Sneha Iyer,YouTube,52999,"29/06/2026, 12:21 PM",18600,HDFC Credila,Paid,
Jun-26,ADS,BA Meta Ads,META,BA-B06,24/06/2026,Priya Fernandes,priya.fernandes@gmail.com,6849041226,Vikram Das,Organic,59999,"28/06/2026, 09:26 PM",15400,Propelld,Pending,
Jun-26,YT Referral,DS Search Ads,SEM,DS-B09,07/06/2026,Karan Hegde,karanhegde@gmail.com,9477469803,Sneha Iyer,Meta Ads,61999,"14/06/2026, 07:43 PM",19300,Propelld,Paid,
Jun-26,YT,Gen AI Search Ads,SEM,GENAI-B03,09/06/2026,Sahil Varma,sahilvarma@hotmail.com,7460702456,Ananya Joshi,Referral,73999,"18/06/2026, 07:44 PM",20800,Auxilo,Partial,
Jun-26,YT,BA Search Ads,GSN,BA-B05,23/06/2026,Bhavna Jain,bhavna_jain@rediffmail.com,7034467031,Suresh Bhat,Organic,54999,"02/06/2026, 11:24 AM",26500,HDFC Credila,Paid,
Jun-26,ADS,Gen AI Search Ads,SEM,GENAI-B03,29/06/2026,Kritika Naidu,kritika.naidu922@outlook.com,6236412518,Sneha Iyer,Google Ads,60999,"14/06/2026, 11:47 AM",27400,Propelld,Pending,
Jun-26,ADS,Gen AI Search Ads,GADS,GENAI-B03,21/06/2026,Ravi Desai,ravidesai@hotmail.com,6990222338,Arjun Nair,WhatsApp,62999,"30/06/2026, 05:44 PM",26100,HDFC Credila,Paid,
Jun-26,ADS,Gen AI Meta Ads,FB,GENAI-B04,16/06/2026,Rohit Pandey,rohit.pandey@hotmail.com,8965373439,Meera Pillai,Email,76999,"23/06/2026, 10:12 PM",18200,Self Finance,Paid,
Jun-26,YT,BA Meta Ads,INST,BA-B06,01/06/2026,Aditya Verma,aditya.verma717@rediffmail.com,6323412869,Ananya Joshi,Google Ads,49999,"17/06/2026, 09:21 PM",12700,,Paid,
Jun-26,YT Referral,CS Search Ads,GADS,CS-B04,24/06/2026,Sneha Reddy,sneha_reddy@rediffmail.com,6422432559,Ananya Joshi,Organic,55999,"16/06/2026, 05:43 PM",11900,,Partial,
Jun-26,YT,Gen AI Search Ads,SEM,GENAI-B03,21/06/2026,Ravi Ghosh,ravighosh@rediffmail.com,6288882444,Suresh Bhat,Email,66999,"26/06/2026, 09:16 AM",22400,HDFC Credila,Paid,
Jun-26,ADS,DM Meta Ads,INST,DM-B07,05/06/2026,Aditya Rao,adityarao780@rediffmail.com,6315981290,Suresh Bhat,Meta Ads,47999,"20/06/2026, 06:32 PM",14500,,Loan Disbursed,
Jun-26,ADS,Gen AI Meta Ads,FB,GENAI-B04,15/06/2026,Ravi Kapoor,ravikapoor255@gmail.com,9096143290,Suresh Bhat,Google Ads,61999,"15/06/2026, 06:46 PM",29500,Self Finance,Partial,
Jun-26,YT Referral,AI/ML Search Ads,GSN,AIML-B02,13/06/2026,Amit Rajan,amitrajan372@outlook.com,6710746056,Sneha Iyer,YouTube,82999,"29/06/2026, 09:00 PM",20400,,Paid,
Jun-26,ADS Referral,DA Meta Ads,META,DA-B14,24/06/2026,Amit Pandey,amitpandey@outlook.com,7766700142,Rahul Menon,Meta Ads,69999,"04/06/2026, 10:43 PM",30600,Eduvanz,Loan Disbursed,04/06/2026
Jun-26,YT,BA Search Ads,GADS,BA-B06,11/06/2026,Geeta Fernandes,geeta_fernandes493@outlook.com,8580064455,Vikram Das,WhatsApp,46999,"29/06/2026, 04:44 PM",12200,Self Finance,Refunded,
Jun-26,YT,DA Search Ads,GADS,DA-B12,20/06/2026,Rahul Yadav,rahul_yadav254@gmail.com,8316032785,Priya Sharma,Organic,50999,"13/06/2026, 05:27 PM",12200,Self Finance,Partial,
Jun-26,ADS,BA Search Ads,GADS,BA-B06,28/06/2026,Pradeep Sharma,pradeep.sharma@hotmail.com,9447835919,Meera Pillai,Google Ads,46999,"18/06/2026, 12:42 PM",11300,Self Finance,Partial,
Jun-26,ADS Referral,CS Search Ads,GSN,CS-B04,02/06/2026,Mohit Menon,mohit.menon402@hotmail.com,8751751627,Meera Pillai,Meta Ads,57999,"27/06/2026, 09:37 AM",21000,Self Finance,Paid,
Jun-26,ADS Referral,Gen AI Search Ads,GADS,GENAI-B04,16/06/2026,Kiran Mehta,kiran.mehta370@outlook.com,6324397469,Sneha Iyer,Meta Ads,66999,"05/06/2026, 02:53 PM",13500,,Paid,
Jun-26,YT Referral,DA Search Ads,GADS,DA-B14,10/06/2026,Dhruv Rao,dhruvrao653@yahoo.com,6195839334,Vikram Das,Organic,64999,"11/06/2026, 10:08 AM",16200,HDFC Credila,Partial,
Jun-26,ADS Referral,Gen AI Meta Ads,FB,GENAI-B03,14/06/2026,Lakshmi Verma,lakshmiverma@rediffmail.com,8568621232,Suresh Bhat,Google Ads,69999,"02/06/2026, 11:51 AM",20100,Eduvanz,Loan Disbursed,20/06/2026
Jun-26,YT Referral,Gen AI Meta Ads,FB,GENAI-B04,13/06/2026,Harish Das,harish.das662@yahoo.com,9193875850,Sneha Iyer,Meta Ads,77999,"23/06/2026, 12:06 PM",23600,Self Finance,Paid,
Jun-26,ADS,BA Search Ads,GSN,BA-B05,21/06/2026,Amit Murthy,amit.murthy818@hotmail.com,6848835367,Deepak Verma,WhatsApp,50999,"21/06/2026, 05:13 PM",24500,Auxilo,Loan Disbursed,12/06/2026
Jun-26,YT Referral,DA Search Ads,GADS,DA-B14,26/06/2026,Manish Tiwari,manish_tiwari292@hotmail.com,6443846441,Priya Sharma,Google Ads,59999,"05/06/2026, 09:06 PM",17700,Self Finance,Partial,
Jun-26,ADS,AI/ML Search Ads,SEM,AIML-B02,28/06/2026,Sahil Reddy,sahil.reddy369@yahoo.com,9779345763,Sneha Iyer,WhatsApp,82999,"25/06/2026, 11:53 AM",40700,Propelld,Paid,
Jun-26,ADS,CS Search Ads,GADS,CS-B04,20/06/2026,Varun Fernandes,varun_fernandes577@rediffmail.com,9126375168,Suresh Bhat,Referral,64999,"08/06/2026, 11:11 AM",28200,Eduvanz,Paid,
Jun-26,ADS,Gen AI Meta Ads,META,GENAI-B04,24/06/2026,Pradeep Rao,pradeep.rao@outlook.com,8958754205,Priya Sharma,Meta Ads,57999,"06/06/2026, 02:36 PM",16800,Self Finance,Paid,
Jun-26,YT Referral,DA Search Ads,GSN,DA-B14,27/06/2026,Lakshmi Pillai,lakshmi_pillai@rediffmail.com,6300297257,Vikram Das,Meta Ads,51999,"30/06/2026, 01:41 PM",24800,,Paid,
Jun-26,ADS,BA Search Ads,GSN,BA-B05,30/06/2026,Divya Pandey,divya_pandey@yahoo.com,9673523182,Deepak Verma,Organic,49999,"13/06/2026, 03:52 PM",13600,Self Finance,Paid,
Jun-26,ADS,DM Meta Ads,META,DM-B07,01/06/2026,Ravi Pillai,ravi_pillai150@outlook.com,7667959972,Deepak Verma,Google Ads,49999,"22/06/2026, 02:56 PM",14000,Self Finance,Paid,
Jun-26,ADS,DS Search Ads,GSN,DS-B08,11/06/2026,Harish Fernandes,harish.fernandes304@hotmail.com,9544267017,Suresh Bhat,Meta Ads,77999,"28/06/2026, 09:06 PM",24600,Self Finance,Loan Disbursed,
Jun-26,ADS,DA Search Ads,SEM,DA-B14,30/06/2026,Sakshi Chopra,sakshi.chopra@outlook.com,7459786065,Rahul Menon,Meta Ads,52999,"15/06/2026, 02:50 PM",23500,Propelld,Partial,
Jun-26,YT,CS Search Ads,GADS,CS-B05,26/06/2026,Rahul Pillai,rahul_pillai523@hotmail.com,6899053537,Kavya Reddy,Google Ads,62999,"05/06/2026, 02:57 PM",29400,,Paid,
Jun-26,YT Referral,DS Meta Ads,META,DS-B10,11/06/2026,Tanvi Pillai,tanvi.pillai958@hotmail.com,6346351156,Sneha Iyer,Organic,65999,"23/06/2026, 08:56 PM",22700,Eduvanz,Partial,
Jun-26,YT Referral,BA Search Ads,GSN,BA-B06,30/06/2026,Ravi Iyer,ravi_iyer756@rediffmail.com,7225758380,Sneha Iyer,Google Ads,51999,"30/06/2026, 12:06 PM",17300,Self Finance,Pending,
Jun-26,YT,DA Search Ads,GSN,DA-B13,30/06/2026,Esha Hegde,esha_hegde159@gmail.com,9254952987,Sneha Iyer,Google Ads,50999,"02/06/2026, 07:52 PM",11600,Self Finance,Partial,
Jun-26,ADS,CS Search Ads,GADS,CS-B04,03/06/2026,Tanvi Chopra,tanvichopra@outlook.com,9480518106,Suresh Bhat,YouTube,66999,"13/06/2026, 09:10 PM",24600,Self Finance,Partial,
Jun-26,ADS,DS Search Ads,SEM,DS-B09,08/06/2026,Varun Murthy,varunmurthy331@yahoo.com,9851956583,Kavya Reddy,YouTube,77999,"26/06/2026, 04:42 PM",22100,,Paid,
Jun-26,ADS Referral,Gen AI Meta Ads,FB,GENAI-B03,16/06/2026,Priya Shetty,priyashetty@gmail.com,7195987258,Sneha Iyer,Meta Ads,67999,"21/06/2026, 04:04 PM",21800,Eduvanz,Loan Disbursed,04/06/2026
Jun-26,ADS,AI/ML Search Ads,GSN,AIML-B03,18/06/2026,Isha Tiwari,ishatiwari@rediffmail.com,9075786177,Arjun Nair,YouTube,76999,"03/06/2026, 06:01 PM",34200,Self Finance,Paid,
Jun-26,ADS,DA Meta Ads,META,DA-B12,18/06/2026,Esha Shah,esha.shah@hotmail.com,6764770143,Kavya Reddy,Meta Ads,50999,"02/06/2026, 05:30 PM",17200,Eduvanz,Loan Disbursed,13/06/2026
Jun-26,ADS,AI/ML Search Ads,SEM,AIML-B02,06/06/2026,Hemant Joshi,hemant_joshi601@outlook.com,7422246439,Meera Pillai,Google Ads,82999,"07/06/2026, 06:32 PM",21900,Eduvanz,Loan Disbursed,06/06/2026
Jun-26,YT,CS Search Ads,GSN,CS-B05,29/06/2026,Divya Jain,divyajain902@outlook.com,6979173648,Deepak Verma,Meta Ads,56999,"05/06/2026, 10:54 PM",24000,Self Finance,Pending,
Jun-26,YT,DS Search Ads,SEM,DS-B08,18/06/2026,Nandini Shah,nandinishah540@gmail.com,8693466501,Priya Sharma,YouTube,84999,"28/06/2026, 07:48 PM",17600,HDFC Credila,Paid,
Jun-26,ADS,DS Search Ads,GADS,DS-B08,03/06/2026,Deepa Naidu,deepa_naidu929@outlook.com,9291015665,Suresh Bhat,Organic,83999,"16/06/2026, 05:00 PM",26200,Propelld,Pending,
Jun-26,YT Referral,DA Meta Ads,FB,DA-B13,18/06/2026,Deepak Yadav,deepak.yadav@hotmail.com,8060495233,Priya Sharma,Google Ads,64999,"02/06/2026, 06:27 PM",16900,Propelld,Paid,
Jun-26,YT,Gen AI Meta Ads,FB,GENAI-B04,14/06/2026,Pooja Ghosh,pooja_ghosh@outlook.com,8080669329,Meera Pillai,WhatsApp,66999,"26/06/2026, 10:21 PM",15500,NBFC Direct,Paid,
Jun-26,ADS,BA Search Ads,GADS,BA-B06,17/06/2026,Isha Rao,isha_rao561@rediffmail.com,9957285609,Vikram Das,Google Ads,53999,"03/06/2026, 12:52 PM",13200,Self Finance,Partial,
Jun-26,ADS Referral,DM Meta Ads,INST,DM-B07,13/06/2026,Chetan Reddy,chetan_reddy310@hotmail.com,6076412298,Deepak Verma,Organic,40999,"02/06/2026, 09:08 AM",8800,Self Finance,Paid,
Jun-26,YT Referral,CS Search Ads,GSN,CS-B04,23/06/2026,Priya Ghosh,priya.ghosh@rediffmail.com,6040976469,Suresh Bhat,YouTube,58999,"14/06/2026, 02:32 PM",27600,Self Finance,Paid,
Jun-26,YT,DS Search Ads,GSN,DS-B09,27/06/2026,Meera Fernandes,meera_fernandes695@outlook.com,8668844988,Ananya Joshi,Meta Ads,80999,"05/06/2026, 07:09 PM",28200,Self Finance,Paid,
Jun-26,YT,DA Search Ads,GSN,DA-B14,22/06/2026,Gaurav Murthy,gaurav.murthy27@outlook.com,6142067763,Suresh Bhat,Referral,63999,"21/06/2026, 12:30 PM",18700,Propelld,Pending,
Jun-26,ADS,BA Search Ads,GSN,BA-B06,30/06/2026,Suresh Fernandes,suresh.fernandes896@rediffmail.com,8837773571,Sneha Iyer,Meta Ads,51999,"14/06/2026, 05:36 PM",17800,Self Finance,Partial,
Jun-26,ADS,CS Search Ads,GADS,CS-B05,10/06/2026,Vijay Pillai,vijay.pillai103@hotmail.com,8083982066,Arjun Nair,Meta Ads,57999,"09/06/2026, 03:26 PM",25100,,Pending,
Jun-26,ADS,DM Meta Ads,META,DM-B07,20/06/2026,Lakshmi Das,lakshmi.das@outlook.com,9891068941,Ananya Joshi,Meta Ads,46999,"23/06/2026, 02:49 PM",21700,Propelld,Paid,
Jun-26,YT,DA Meta Ads,FB,DA-B14,27/06/2026,Pallavi Ghosh,pallavighosh@gmail.com,7993294856,Arjun Nair,Referral,56999,"06/06/2026, 01:23 PM",18600,,Loan Disbursed,
Jun-26,ADS,DA Search Ads,GADS,DA-B13,20/06/2026,Ishaan Murthy,ishaan_murthy@hotmail.com,7611064492,Vikram Das,Organic,50999,"14/06/2026, 07:25 PM",10800,Eduvanz,Paid,
Jun-26,ADS,DA Meta Ads,INST,DA-B14,20/06/2026,Rohan Tiwari,rohan_tiwari139@gmail.com,9829252738,Ananya Joshi,YouTube,58999,"05/06/2026, 10:36 PM",23800,Self Finance,Paid,
Jun-26,ADS,BA Search Ads,GSN,BA-B05,17/06/2026,Tanvi Verma,tanvi.verma747@yahoo.com,7077476049,Rahul Menon,Organic,51999,"15/06/2026, 04:57 PM",25700,Self Finance,Loan Disbursed,
Jun-26,YT Referral,DS Search Ads,GSN,DS-B10,19/06/2026,Esha Iyer,esha_iyer814@outlook.com,9633858626,Arjun Nair,Meta Ads,78999,"19/06/2026, 12:08 PM",26900,Self Finance,Pending,
Jun-26,YT Referral,DA Search Ads,SEM,DA-B13,02/06/2026,Mohit Shetty,mohit.shetty57@gmail.com,7102022409,Vikram Das,WhatsApp,58999,"29/06/2026, 05:43 PM",14700,Self Finance,Paid,
Jun-26,ADS,BA Meta Ads,INST,BA-B06,15/06/2026,Kritika Patel,kritika.patel829@rediffmail.com,6027810537,Suresh Bhat,Meta Ads,56999,"04/06/2026, 12:25 PM",19800,Propelld,Paid,
Jun-26,YT,Gen AI Meta Ads,META,GENAI-B04,14/06/2026,Isha Pandey,ishapandey964@outlook.com,6158993604,Rahul Menon,Email,56999,"06/06/2026, 12:51 PM",19600,Auxilo,Partial,
Jun-26,ADS Referral,Gen AI Search Ads,GADS,GENAI-B04,02/06/2026,Priya Rao,priya.rao984@rediffmail.com,7897863013,Suresh Bhat,Meta Ads,74999,"01/06/2026, 10:33 PM",15900,Eduvanz,Paid,
Jun-26,ADS,BA Meta Ads,INST,BA-B05,17/06/2026,Mohit Reddy,mohit.reddy@outlook.com,9983276761,Meera Pillai,Email,55999,"18/06/2026, 09:33 AM",15200,Self Finance,Paid,
Jun-26,ADS,Gen AI Meta Ads,FB,GENAI-B03,07/06/2026,Nikhil Reddy,nikhilreddy@rediffmail.com,8692846369,Rahul Menon,Meta Ads,67999,"11/06/2026, 10:55 AM",21800,Propelld,Partial,
Jun-26,ADS,Gen AI Meta Ads,META,GENAI-B04,30/06/2026,Gaurav Fernandes,gauravfernandes787@rediffmail.com,6651253807,Vikram Das,Google Ads,61999,"12/06/2026, 04:16 PM",14900,Self Finance,Loan Disbursed,
Jun-26,ADS,AI/ML Search Ads,GSN,AIML-B02,25/06/2026,Deepa Kumar,deepa.kumar397@yahoo.com,9110292887,Suresh Bhat,Google Ads,75999,"15/06/2026, 04:54 PM",35400,HDFC Credila,Partial,
Jun-26,ADS,BA Search Ads,GSN,BA-B05,24/06/2026,Deepa Nair,deepanair@hotmail.com,9628873411,Meera Pillai,Email,49999,"21/06/2026, 10:43 AM",15600,Self Finance,Pending,
Jun-26,YT,Gen AI Meta Ads,META,GENAI-B03,06/06/2026,Aarav Naidu,aaravnaidu203@gmail.com,6824072567,Deepak Verma,Referral,59999,"06/06/2026, 05:25 PM",14200,Propelld,Partial,
Jun-26,YT,Gen AI Search Ads,GADS,GENAI-B04,19/06/2026,Sakshi Kumar,sakshi.kumar@hotmail.com,7698627802,Deepak Verma,Google Ads,73999,"19/06/2026, 04:27 PM",33800,,Paid,
Jun-26,ADS Referral,Gen AI Meta Ads,FB,GENAI-B03,30/06/2026,Ananya Varma,ananyavarma154@yahoo.com,6394376344,Ananya Joshi,Organic,59999,"30/06/2026, 01:44 PM",25700,Propelld,Paid,
Jun-26,YT,DA Meta Ads,META,DA-B13,25/06/2026,Arjun Pandey,arjun.pandey428@hotmail.com,7443617028,Priya Sharma,Referral,68999,"25/06/2026, 12:48 PM",24000,Self Finance,Pending,
Jun-26,ADS,DM Meta Ads,META,DM-B07,20/06/2026,Meera Mehta,meeramehta@rediffmail.com,8711430576,Rahul Menon,Google Ads,39999,"26/06/2026, 12:34 PM",15300,Self Finance,Loan Disbursed,
Jun-26,ADS,CS Search Ads,GADS,CS-B05,08/06/2026,Deepak Verma,deepak_verma@hotmail.com,7321461904,Vikram Das,Meta Ads,58999,"09/06/2026, 01:37 PM",23900,Eduvanz,Paid,
Jun-26,YT,DA Meta Ads,META,DA-B14,24/06/2026,Shruti Kapoor,shrutikapoor965@gmail.com,8471335075,Deepak Verma,Meta Ads,56999,"08/06/2026, 06:22 PM",22200,Self Finance,Pending,
Jun-26,ADS,DM Meta Ads,META,DM-B08,07/06/2026,Deepa Rajan,deeparajan@yahoo.com,9065460239,Ananya Joshi,Meta Ads,47999,"23/06/2026, 05:44 PM",23200,HDFC Credila,Paid,
Jun-26,YT,DS Meta Ads,META,DS-B09,12/06/2026,Dhruv Joshi,dhruvjoshi@gmail.com,7090020087,Suresh Bhat,Google Ads,63999,"20/06/2026, 11:19 AM",28100,Auxilo,Refunded,
Jun-26,ADS,DA Search Ads,GSN,DA-B12,09/06/2026,Hemant Yadav,hemant_yadav@hotmail.com,7794017385,Meera Pillai,Referral,51999,"25/06/2026, 02:01 PM",25800,NBFC Direct,Pending,
Jun-26,YT Referral,BA Meta Ads,META,BA-B06,28/06/2026,Aditya Menon,aditya_menon312@hotmail.com,7757989807,Priya Sharma,Google Ads,59999,"29/06/2026, 09:42 PM",19500,Propelld,Pending,
Jun-26,YT Referral,Gen AI Meta Ads,FB,GENAI-B03,01/06/2026,Sneha Menon,sneha_menon251@yahoo.com,8925269414,Meera Pillai,Google Ads,55999,"20/06/2026, 10:48 PM",20700,HDFC Credila,Partial,
Jun-26,YT,DA Meta Ads,INST,DA-B14,22/06/2026,Akash Kapoor,akash_kapoor374@hotmail.com,6074177441,Sneha Iyer,Organic,51999,"15/06/2026, 01:31 PM",20200,NBFC Direct,Partial,
Jun-26,ADS,DS Search Ads,GSN,DS-B10,30/06/2026,Vijay Singh,vijaysingh@yahoo.com,7295530331,Priya Sharma,Meta Ads,65999,"02/06/2026, 04:40 PM",18200,Self Finance,Paid,
Jun-26,ADS Referral,AI/ML Search Ads,GSN,AIML-B02,28/06/2026,Pallavi Iyer,pallaviiyer@hotmail.com,9399442930,Suresh Bhat,Meta Ads,79999,"06/06/2026, 02:06 PM",23700,Auxilo,Refunded,
Jun-26,YT,Gen AI Search Ads,SEM,GENAI-B03,02/06/2026,Tanvi Reddy,tanvi_reddy85@yahoo.com,6589585064,Deepak Verma,Google Ads,69999,"24/06/2026, 08:55 PM",27800,Self Finance,Partial,
Jun-26,ADS,DS Search Ads,SEM,DS-B08,02/06/2026,Rohit Mehta,rohit.mehta218@rediffmail.com,6669876998,Meera Pillai,Meta Ads,61999,"11/06/2026, 02:14 PM",17100,Self Finance,Paid,
Jun-26,ADS,BA Search Ads,GADS,BA-B06,01/06/2026,Ravi Bose,ravi.bose@yahoo.com,7007280474,Suresh Bhat,Google Ads,46999,"21/06/2026, 11:15 AM",20600,Propelld,Refunded,
Jun-26,ADS,DA Search Ads,SEM,DA-B13,22/06/2026,Lakshmi Joshi,lakshmi.joshi@outlook.com,9719081271,Arjun Nair,Meta Ads,64999,"28/06/2026, 04:56 PM",20600,NBFC Direct,Paid,
Jun-26,YT,DM Meta Ads,FB,DM-B07,13/06/2026,Varun Iyer,varun.iyer885@rediffmail.com,8510684685,Vikram Das,Referral,39999,"28/06/2026, 08:10 PM",19600,Self Finance,Paid,
Jun-26,YT Referral,Gen AI Search Ads,GADS,GENAI-B04,05/06/2026,Sonia Agarwal,soniaagarwal@outlook.com,6909899188,Ananya Joshi,YouTube,67999,"20/06/2026, 05:29 PM",16800,Self Finance,Paid,
Jun-26,ADS Referral,DS Meta Ads,FB,DS-B10,21/06/2026,Sonia Shetty,sonia.shetty696@rediffmail.com,9401432967,Priya Sharma,Meta Ads,67999,"23/06/2026, 04:28 PM",27200,Self Finance,Paid,
Jun-26,ADS,DA Meta Ads,INST,DA-B14,04/06/2026,Hemant Joshi,hemant_joshi@gmail.com,7614596750,Sneha Iyer,YouTube,50999,"28/06/2026, 11:30 AM",23300,Self Finance,Partial,
Jun-26,ADS,DM Meta Ads,META,DM-B08,11/06/2026,Sneha Rao,sneharao650@rediffmail.com,8924958084,Meera Pillai,Meta Ads,43999,"18/06/2026, 03:58 PM",11700,Eduvanz,Paid,
Jun-26,ADS,Gen AI Search Ads,SEM,GENAI-B04,03/06/2026,Geeta Rajan,geeta_rajan599@outlook.com,6944172040,Vikram Das,Google Ads,79999,"18/06/2026, 07:52 PM",39300,Propelld,Pending,
Jun-26,ADS Referral,AI/ML Search Ads,SEM,AIML-B03,08/06/2026,Lakshmi Shah,lakshmi_shah@yahoo.com,9679732194,Ananya Joshi,Google Ads,68999,"19/06/2026, 10:10 PM",19300,Propelld,Paid,
Jun-26,ADS Referral,AI/ML Search Ads,SEM,AIML-B03,09/06/2026,Varun Jain,varun.jain@outlook.com,7876406927,Ananya Joshi,Referral,75999,"21/06/2026, 09:41 PM",29700,Self Finance,Pending,
Jun-26,ADS Referral,DM Meta Ads,FB,DM-B08,23/06/2026,Sneha Joshi,sneha_joshi883@gmail.com,9966170180,Kavya Reddy,Google Ads,42999,"24/06/2026, 07:05 PM",15300,Eduvanz,Paid,
Jun-26,YT,DS Search Ads,SEM,DS-B09,17/06/2026,Meera Hegde,meerahegde319@hotmail.com,9181773160,Kavya Reddy,Google Ads,70999,"30/06/2026, 06:30 PM",23500,Propelld,Paid,
Jun-26,YT,DS Meta Ads,META,DS-B10,14/06/2026,Vishal Nair,vishal.nair219@hotmail.com,9241083490,Deepak Verma,Referral,76999,"16/06/2026, 09:27 AM",26000,Self Finance,Paid,
Jun-26,ADS,BA Search Ads,GADS,BA-B06,10/06/2026,Manish Iyer,manishiyer76@outlook.com,8466425212,Sneha Iyer,Google Ads,55999,"09/06/2026, 03:54 PM",26200,Propelld,Pending,
Jun-26,YT,DA Search Ads,SEM,DA-B14,17/06/2026,Tanvi Hegde,tanvi_hegde@hotmail.com,6743331325,Priya Sharma,Google Ads,65999,"24/06/2026, 06:00 PM",18300,NBFC Direct,Partial,
Jun-26,ADS,AI/ML Search Ads,SEM,AIML-B02,07/06/2026,Shruti Yadav,shruti.yadav551@rediffmail.com,6332535275,Sneha Iyer,YouTube,83999,"26/06/2026, 03:27 PM",30400,Self Finance,Refunded,
Jun-26,ADS,DS Search Ads,SEM,DS-B09,03/06/2026,Vinay Pillai,vinaypillai@yahoo.com,8444129184,Suresh Bhat,YouTube,84999,"20/06/2026, 02:54 PM",27800,Self Finance,Paid,
Jun-26,ADS,CS Search Ads,GADS,CS-B04,04/06/2026,Isha Joshi,ishajoshi@hotmail.com,7172581215,Ananya Joshi,YouTube,58999,"24/06/2026, 01:01 PM",28200,,Partial,
Jun-26,ADS Referral,DM Meta Ads,INST,DM-B08,21/06/2026,Aditya Rao,adityarao520@rediffmail.com,8098832004,Meera Pillai,Google Ads,41999,"18/06/2026, 09:53 PM",13900,NBFC Direct,Paid,
Jun-26,YT,Gen AI Meta Ads,META,GENAI-B03,25/06/2026,Meera Singh,meera.singh155@yahoo.com,7320547082,Sneha Iyer,YouTube,64999,"26/06/2026, 12:03 PM",19700,Eduvanz,Partial,
Jun-26,ADS Referral,DM Meta Ads,INST,DM-B08,05/06/2026,Swati Gupta,swatigupta@rediffmail.com,7623461324,Vikram Das,Meta Ads,44999,"03/06/2026, 11:08 AM",11300,Eduvanz,Loan Disbursed,18/06/2026
Jun-26,ADS,Gen AI Search Ads,GSN,GENAI-B04,04/06/2026,Ishaan Singh,ishaan_singh@gmail.com,7579903895,Meera Pillai,Google Ads,76999,"04/06/2026, 05:38 PM",34000,HDFC Credila,Loan Disbursed,06/06/2026
Jun-26,YT Referral,DA Search Ads,GSN,DA-B14,03/06/2026,Esha Murthy,eshamurthy@outlook.com,7556428473,Ananya Joshi,YouTube,61999,"21/06/2026, 11:25 AM",15000,NBFC Direct,Paid,
Jun-26,ADS,DA Search Ads,SEM,DA-B12,12/06/2026,Geeta Sharma,geeta.sharma@gmail.com,8147271539,Deepak Verma,Meta Ads,59999,"25/06/2026, 06:45 PM",24100,Propelld,Paid,
Jun-26,ADS Referral,DS Search Ads,GADS,DS-B10,21/06/2026,Harish Naidu,harish.naidu70@gmail.com,6107526247,Kavya Reddy,Organic,68999,"10/06/2026, 04:35 PM",17300,HDFC Credila,Paid,
Jun-26,YT,DA Search Ads,GADS,DA-B12,21/06/2026,Isha Bose,isha.bose@yahoo.com,8900554665,Meera Pillai,Email,51999,"25/06/2026, 08:18 PM",15300,Self Finance,Paid,
Jun-26,YT,DA Search Ads,GADS,DA-B12,06/06/2026,Vishal Yadav,vishalyadav413@gmail.com,7360440802,Suresh Bhat,Meta Ads,59999,"26/06/2026, 04:05 PM",26900,,Pending,
Jun-26,ADS,DA Search Ads,GADS,DA-B14,03/06/2026,Rohan Gupta,rohan.gupta@gmail.com,9927323427,Meera Pillai,Meta Ads,67999,"07/06/2026, 08:33 PM",20100,Eduvanz,Paid,
Jun-26,ADS,DA Meta Ads,META,DA-B13,03/06/2026,Rohit Varma,rohit.varma49@gmail.com,9783135148,Arjun Nair,Meta Ads,58999,"23/06/2026, 12:52 PM",23600,,Loan Disbursed,
Jun-26,YT,BA Meta Ads,META,BA-B06,09/06/2026,Divya Verma,divya.verma@rediffmail.com,9643989934,Suresh Bhat,Google Ads,53999,"29/06/2026, 10:38 AM",13300,Propelld,Paid,
Jun-26,ADS Referral,DA Search Ads,GADS,DA-B13,02/06/2026,Shruti Singh,shruti_singh432@outlook.com,6400187556,Arjun Nair,Google Ads,68999,"23/06/2026, 08:08 PM",18500,Self Finance,Pending,
Jun-26,ADS,CS Search Ads,GSN,CS-B05,05/06/2026,Gaurav Gupta,gaurav.gupta@gmail.com,8501937899,Sneha Iyer,Google Ads,62999,"03/06/2026, 01:24 PM",22100,Self Finance,Pending,
Jun-26,ADS,DA Search Ads,GSN,DA-B13,29/06/2026,Sahil Naidu,sahil.naidu566@hotmail.com,9919141623,Suresh Bhat,Organic,50999,"14/06/2026, 06:50 PM",11800,Self Finance,Pending,
Jun-26,YT,AI/ML Search Ads,SEM,AIML-B02,30/06/2026,Shruti Tiwari,shrutitiwari400@outlook.com,8112997816,Priya Sharma,Organic,73999,"09/06/2026, 11:14 AM",27900,,Paid,
Jun-26,ADS Referral,AI/ML Search Ads,SEM,AIML-B02,09/06/2026,Aditya Rajan,adityarajan693@yahoo.com,6510465185,Deepak Verma,Meta Ads,69999,"20/06/2026, 07:54 PM",27800,Propelld,Paid,
Jun-26,ADS,BA Search Ads,GADS,BA-B05,15/06/2026,Pradeep Gupta,pradeep.gupta293@gmail.com,8698081430,Sneha Iyer,Meta Ads,58999,"14/06/2026, 03:03 PM",22900,,Paid,
Jun-26,YT Referral,BA Search Ads,GSN,BA-B06,22/06/2026,Pooja Sharma,pooja.sharma556@yahoo.com,6221475034,Vikram Das,WhatsApp,52999,"15/06/2026, 01:18 PM",25500,Self Finance,Paid,
Jun-26,ADS,Gen AI Search Ads,GADS,GENAI-B03,02/06/2026,Nandini Varma,nandini_varma830@gmail.com,6491433398,Priya Sharma,Organic,58999,"27/06/2026, 10:45 PM",28300,Propelld,Paid,
Jun-26,ADS,CS Search Ads,GSN,CS-B04,19/06/2026,Aarav Pillai,aarav_pillai895@hotmail.com,7319923756,Ananya Joshi,Google Ads,62999,"23/06/2026, 08:39 PM",23500,Auxilo,Paid,
Jun-26,ADS,Gen AI Meta Ads,META,GENAI-B04,22/06/2026,Esha Agarwal,esha_agarwal299@hotmail.com,6260372671,Deepak Verma,Google Ads,77999,"22/06/2026, 09:59 PM",35700,Eduvanz,Paid,
Jun-26,ADS,DS Search Ads,SEM,DS-B10,15/06/2026,Kiran Verma,kiran_verma974@gmail.com,6729776075,Priya Sharma,Meta Ads,71999,"25/06/2026, 01:18 PM",25500,Self Finance,Paid,
Jun-26,ADS,DA Search Ads,GSN,DA-B14,19/06/2026,Aditya Tiwari,aditya.tiwari180@outlook.com,7784792933,Deepak Verma,Google Ads,69999,"26/06/2026, 03:07 PM",32800,Eduvanz,Paid,
Jun-26,YT,BA Search Ads,GSN,BA-B05,28/06/2026,Ananya Agarwal,ananyaagarwal770@outlook.com,7936214459,Arjun Nair,YouTube,49999,"19/06/2026, 05:38 PM",16400,Self Finance,Partial,
Jun-26,ADS Referral,DA Meta Ads,FB,DA-B13,10/06/2026,Ravi Pillai,ravipillai@hotmail.com,8379345520,Vikram Das,Meta Ads,54999,"11/06/2026, 09:25 AM",13200,Self Finance,Paid,
Jun-26,ADS,DA Search Ads,GADS,DA-B14,02/06/2026,Gaurav Ghosh,gaurav.ghosh940@rediffmail.com,9690511679,Deepak Verma,Meta Ads,55999,"24/06/2026, 10:43 PM",19200,Propelld,Paid,
Jun-26,ADS,DS Search Ads,GADS,DS-B10,27/06/2026,Harish Bose,harishbose639@yahoo.com,6085564168,Kavya Reddy,Google Ads,71999,"11/06/2026, 10:34 PM",30400,Self Finance,Pending,
Jun-26,YT,Gen AI Search Ads,SEM,GENAI-B03,28/06/2026,Nikhil Jain,nikhiljain45@yahoo.com,8142878436,Ananya Joshi,YouTube,56999,"14/06/2026, 07:50 PM",21400,Propelld,Paid,
Jun-26,ADS,DA Meta Ads,FB,DA-B14,20/06/2026,Isha Murthy,isha_murthy708@hotmail.com,7081346969,Kavya Reddy,Referral,52999,"23/06/2026, 09:28 PM",23300,Propelld,Paid,
Jun-26,YT Referral,Gen AI Meta Ads,FB,GENAI-B03,30/06/2026,Ravi Nair,ravi.nair@gmail.com,8602760128,Deepak Verma,Google Ads,73999,"12/06/2026, 09:28 AM",24800,Self Finance,Paid,
Jun-26,YT Referral,DM Meta Ads,INST,DM-B08,11/06/2026,Ishaan Gupta,ishaan.gupta905@hotmail.com,8646246033,Meera Pillai,Meta Ads,35999,"23/06/2026, 12:09 PM",15900,,Paid,
Jun-26,ADS,DS Search Ads,SEM,DS-B09,26/06/2026,Sonia Iyer,sonia_iyer561@yahoo.com,9702440972,Rahul Menon,Google Ads,78999,"10/06/2026, 07:18 PM",31800,Propelld,Loan Disbursed,20/06/2026
Jun-26,ADS Referral,AI/ML Search Ads,SEM,AIML-B03,16/06/2026,Manish Das,manish.das@rediffmail.com,6829065828,Priya Sharma,YouTube,68999,"20/06/2026, 05:56 PM",16800,Propelld,Paid,
Jun-26,ADS Referral,Gen AI Meta Ads,META,GENAI-B03,15/06/2026,Ishaan Ghosh,ishaan.ghosh230@yahoo.com,8459397578,Ananya Joshi,YouTube,65999,"20/06/2026, 08:13 PM",23700,,Paid,
Jun-26,ADS,Gen AI Meta Ads,META,GENAI-B04,08/06/2026,Arjun Jain,arjunjain796@gmail.com,7642906103,Sneha Iyer,Meta Ads,69999,"25/06/2026, 04:01 PM",34300,Propelld,Paid,
Jun-26,YT,BA Meta Ads,INST,BA-B05,20/06/2026,Pallavi Ghosh,pallavi.ghosh955@outlook.com,8907697622,Deepak Verma,Referral,51999,"28/06/2026, 01:39 PM",24600,Auxilo,Partial,
Jun-26,ADS Referral,BA Search Ads,GSN,BA-B06,02/06/2026,Nikhil Singh,nikhilsingh164@rediffmail.com,8254276720,Meera Pillai,Referral,55999,"29/06/2026, 09:21 AM",22000,Self Finance,Paid,
Jun-26,ADS,AI/ML Search Ads,GSN,AIML-B02,26/06/2026,Deepak Desai,deepak_desai596@gmail.com,9121650329,Kavya Reddy,Google Ads,71999,"30/06/2026, 09:18 AM",25300,,Paid,
Jun-26,ADS,DS Search Ads,SEM,DS-B08,10/06/2026,Dhruv Gupta,dhruv.gupta@outlook.com,8993856398,Arjun Nair,Meta Ads,76999,"19/06/2026, 02:38 PM",34400,Self Finance,Paid,
Jun-26,ADS Referral,Gen AI Search Ads,SEM,GENAI-B04,02/06/2026,Karan Patel,karan.patel205@hotmail.com,8734184163,Kavya Reddy,Referral,73999,"06/06/2026, 03:33 PM",27600,Eduvanz,Pending,
Jun-26,ADS Referral,DA Meta Ads,INST,DA-B14,07/06/2026,Anjali Verma,anjali.verma353@rediffmail.com,8850441707,Rahul Menon,Meta Ads,52999,"05/06/2026, 02:51 PM",13000,Self Finance,Loan Disbursed,
Jun-26,YT Referral,DA Meta Ads,META,DA-B12,24/06/2026,Meera Das,meeradas260@gmail.com,7503392867,Vikram Das,YouTube,67999,"05/06/2026, 05:37 PM",20700,Eduvanz,Partial,
Jun-26,ADS Referral,BA Meta Ads,INST,BA-B06,29/06/2026,Rohit Pillai,rohitpillai332@hotmail.com,6606231459,Kavya Reddy,YouTube,52999,"11/06/2026, 09:46 AM",21200,Self Finance,Paid,
Jun-26,ADS,DM Meta Ads,META,DM-B08,26/06/2026,Ravi Ghosh,ravi.ghosh@rediffmail.com,9323965963,Sneha Iyer,Google Ads,45999,"15/06/2026, 12:40 PM",10400,,Paid,
Jun-26,ADS,DA Meta Ads,FB,DA-B14,13/06/2026,Nikhil Kumar,nikhil_kumar@yahoo.com,6522415877,Kavya Reddy,Google Ads,50999,"17/06/2026, 12:20 PM",14100,,Loan Disbursed,
Jun-26,ADS Referral,AI/ML Search Ads,GSN,AIML-B03,16/06/2026,Yash Murthy,yash_murthy@gmail.com,6472700433,Meera Pillai,Meta Ads,67999,"22/06/2026, 12:33 PM",27700,,Pending,
Jun-26,YT,BA Search Ads,GADS,BA-B06,15/06/2026,Kritika Patel,kritika_patel@gmail.com,8086491625,Rahul Menon,Meta Ads,53999,"08/06/2026, 04:00 PM",12500,Propelld,Pending,
Jun-26,YT,Gen AI Search Ads,SEM,GENAI-B04,29/06/2026,Karan Joshi,karanjoshi@gmail.com,9314531746,Sneha Iyer,Google Ads,58999,"23/06/2026, 12:54 PM",19000,Auxilo,Paid,
Jun-26,ADS,DM Meta Ads,INST,DM-B08,30/06/2026,Rohan Murthy,rohan_murthy@outlook.com,7099465375,Sneha Iyer,YouTube,44999,"18/06/2026, 01:01 PM",16300,HDFC Credila,Pending,
Jun-26,YT,Gen AI Meta Ads,META,GENAI-B03,08/06/2026,Ananya Singh,ananya_singh@yahoo.com,9003734998,Meera Pillai,Google Ads,55999,"08/06/2026, 04:18 PM",21000,,Partial,
Jun-26,ADS,Gen AI Search Ads,GADS,GENAI-B04,04/06/2026,Deepa Yadav,deepa.yadav881@outlook.com,9767086946,Ananya Joshi,Organic,73999,"23/06/2026, 09:14 AM",23900,,Pending,
Jun-26,YT,DA Meta Ads,INST,DA-B13,17/06/2026,Deepak Yadav,deepak_yadav@outlook.com,8188547041,Suresh Bhat,Meta Ads,54999,"13/06/2026, 12:13 PM",17100,Propelld,Paid,
Jun-26,ADS,DA Meta Ads,INST,DA-B12,13/06/2026,Ananya Shetty,ananyashetty242@outlook.com,8086647549,Arjun Nair,Google Ads,57999,"19/06/2026, 03:30 PM",17300,Self Finance,Partial,
Jun-26,ADS Referral,AI/ML Search Ads,SEM,AIML-B02,24/06/2026,Gaurav Pandey,gauravpandey@gmail.com,7214397025,Vikram Das,Google Ads,86999,"16/06/2026, 06:16 PM",29600,HDFC Credila,Paid,
Jun-26,ADS,AI/ML Search Ads,GSN,AIML-B03,14/06/2026,Vijay Reddy,vijay_reddy@gmail.com,8232162635,Deepak Verma,Google Ads,81999,"20/06/2026, 09:11 AM",23500,Self Finance,Paid,
Jun-26,ADS Referral,DS Meta Ads,FB,DS-B09,03/06/2026,Amit Bose,amit_bose@gmail.com,7730864363,Suresh Bhat,YouTube,64999,"25/06/2026, 12:57 PM",15200,Propelld,Paid,
Jun-26,YT,DA Meta Ads,FB,DA-B12,16/06/2026,Arjun Pillai,arjunpillai@rediffmail.com,6532664062,Ananya Joshi,YouTube,50999,"05/06/2026, 03:53 PM",22300,Propelld,Loan Disbursed,15/06/2026
Jun-26,ADS,BA Meta Ads,META,BA-B06,26/06/2026,Suresh Mehta,sureshmehta997@outlook.com,7666819503,Sneha Iyer,YouTube,55999,"04/06/2026, 09:14 PM",25900,Eduvanz,Paid,
Jun-26,YT,CS Search Ads,GADS,CS-B05,02/06/2026,Shruti Kumar,shrutikumar@hotmail.com,7339138034,Ananya Joshi,Organic,54999,"04/06/2026, 09:30 PM",20600,NBFC Direct,Loan Disbursed,10/06/2026
Jun-26,YT,DS Meta Ads,META,DS-B08,08/06/2026,Kavya Patel,kavya.patel931@yahoo.com,6068131697,Arjun Nair,YouTube,78999,"20/06/2026, 04:18 PM",26200,Self Finance,Partial,
Jun-26,ADS,BA Meta Ads,META,BA-B06,20/06/2026,Kavya Pillai,kavya_pillai151@gmail.com,8316285343,Vikram Das,WhatsApp,56999,"11/06/2026, 07:02 PM",21000,,Loan Disbursed,
Jun-26,ADS,CS Search Ads,GADS,CS-B05,06/06/2026,Vijay Rajan,vijayrajan483@rediffmail.com,6854470160,Priya Sharma,Meta Ads,62999,"04/06/2026, 04:19 PM",19300,Self Finance,Paid,
Jun-26,ADS Referral,DA Meta Ads,META,DA-B14,27/06/2026,Ishaan Patel,ishaanpatel@outlook.com,8396077728,Rahul Menon,Google Ads,68999,"20/06/2026, 10:06 PM",32300,Propelld,Partial,
Jun-26,ADS,Gen AI Search Ads,SEM,GENAI-B03,05/06/2026,Tanvi Patel,tanvi.patel831@rediffmail.com,6018197018,Priya Sharma,WhatsApp,72999,"28/06/2026, 09:42 AM",28800,Self Finance,Partial,
Jun-26,YT,BA Meta Ads,INST,BA-B05,08/06/2026,Sneha Varma,sneha.varma668@rediffmail.com,6718737320,Sneha Iyer,YouTube,46999,"10/06/2026, 10:10 AM",13800,,Partial,
Jun-26,YT,DS Search Ads,GADS,DS-B10,13/06/2026,Harish Pandey,harish.pandey698@rediffmail.com,8250418714,Sneha Iyer,YouTube,69999,"23/06/2026, 04:15 PM",25000,,Paid,
Jun-26,ADS Referral,DA Meta Ads,FB,DA-B13,07/06/2026,Pooja Menon,pooja_menon686@yahoo.com,6555201557,Sneha Iyer,Google Ads,61999,"19/06/2026, 10:17 PM",27200,Self Finance,Pending,
Jun-26,YT,Gen AI Search Ads,GADS,GENAI-B04,24/06/2026,Jaya Gupta,jaya_gupta466@gmail.com,9802613800,Arjun Nair,YouTube,79999,"28/06/2026, 01:25 PM",34500,Self Finance,Paid,
Jun-26,ADS,DA Meta Ads,INST,DA-B13,28/06/2026,Karan Tiwari,karantiwari601@yahoo.com,8999386595,Arjun Nair,Meta Ads,52999,"09/06/2026, 10:44 PM",11100,Eduvanz,Partial,
Jun-26,ADS,BA Meta Ads,INST,BA-B06,27/06/2026,Gaurav Singh,gauravsingh882@hotmail.com,7697102391,Arjun Nair,Referral,51999,"02/06/2026, 05:47 PM",24300,Propelld,Paid,
Jun-26,ADS Referral,DA Meta Ads,META,DA-B13,27/06/2026,Deepak Rajan,deepak_rajan@gmail.com,9806445634,Rahul Menon,Google Ads,54999,"06/06/2026, 08:33 PM",11100,Self Finance,Paid,
Jun-26,YT,DS Search Ads,SEM,DS-B10,05/06/2026,Amit Yadav,amit_yadav225@outlook.com,8700088520,Rahul Menon,YouTube,79999,"09/06/2026, 01:24 PM",31400,Propelld,Refunded,
Jun-26,ADS,DA Meta Ads,META,DA-B13,02/06/2026,Isha Agarwal,isha.agarwal@yahoo.com,9074904414,Vikram Das,YouTube,53999,"19/06/2026, 06:48 PM",25800,NBFC Direct,Refunded,
Jun-26,YT,AI/ML Search Ads,GSN,AIML-B03,24/06/2026,Swati Naidu,swati.naidu@gmail.com,8512441370,Rahul Menon,Meta Ads,86999,"06/06/2026, 05:59 PM",34200,Eduvanz,Paid,
Jun-26,ADS,BA Meta Ads,META,BA-B05,15/06/2026,Bhavna Verma,bhavnaverma732@rediffmail.com,7777418914,Priya Sharma,WhatsApp,49999,"28/06/2026, 11:12 AM",14200,Propelld,Refunded,
Jun-26,YT Referral,CS Search Ads,GADS,CS-B04,02/06/2026,Manish Singh,manish.singh267@gmail.com,9821907445,Rahul Menon,Google Ads,67999,"22/06/2026, 11:07 AM",22700,Self Finance,Paid,
Jun-26,YT Referral,DA Search Ads,SEM,DA-B12,29/06/2026,Karan Gupta,karan.gupta791@outlook.com,6626232862,Priya Sharma,Meta Ads,65999,"26/06/2026, 02:56 PM",26900,,Loan Disbursed,
Jun-26,YT Referral,Gen AI Search Ads,GSN,GENAI-B04,01/06/2026,Pallavi Iyer,pallavi_iyer@outlook.com,9220843254,Meera Pillai,Meta Ads,71999,"29/06/2026, 04:18 PM",14700,,Paid,
Jun-26,ADS,Gen AI Meta Ads,FB,GENAI-B04,23/06/2026,Dhruv Mehta,dhruv.mehta@outlook.com,9363570716,Priya Sharma,YouTube,63999,"28/06/2026, 09:50 PM",13100,,Partial,
Jun-26,ADS,Gen AI Meta Ads,FB,GENAI-B04,23/06/2026,Sandeep Pandey,sandeep.pandey@rediffmail.com,8785358389,Rahul Menon,Meta Ads,55999,"03/06/2026, 12:40 PM",16000,NBFC Direct,Paid,
Jun-26,YT Referral,BA Meta Ads,META,BA-B06,16/06/2026,Nikhil Tiwari,nikhil_tiwari@gmail.com,9407755764,Sneha Iyer,Google Ads,53999,"18/06/2026, 10:59 AM",23000,,Paid,
Jun-26,ADS,DS Search Ads,GSN,DS-B09,24/06/2026,Bhavna Chopra,bhavna.chopra70@hotmail.com,6020750814,Ananya Joshi,Organic,80999,"02/06/2026, 09:35 AM",39700,Propelld,Paid,
Jun-26,YT,DM Meta Ads,INST,DM-B08,22/06/2026,Deepak Pillai,deepakpillai697@hotmail.com,7973557762,Vikram Das,Referral,45999,"25/06/2026, 09:27 PM",16800,Eduvanz,Loan Disbursed,11/06/2026
Jun-26,ADS,Gen AI Search Ads,GADS,GENAI-B03,29/06/2026,Nandini Mehta,nandini.mehta@outlook.com,8939522678,Meera Pillai,Google Ads,64999,"09/06/2026, 10:32 AM",30800,Auxilo,Paid,
Jun-26,ADS Referral,BA Meta Ads,META,BA-B05,19/06/2026,Akash Gupta,akashgupta213@outlook.com,6871270695,Meera Pillai,Meta Ads,55999,"05/06/2026, 06:48 PM",12500,Self Finance,Loan Disbursed,
Jun-26,ADS,DM Meta Ads,FB,DM-B08,09/06/2026,Kritika Fernandes,kritika_fernandes754@hotmail.com,8827690446,Vikram Das,Referral,48999,"16/06/2026, 10:11 PM",13600,HDFC Credila,Loan Disbursed,06/06/2026
Jun-26,ADS,CS Search Ads,GADS,CS-B05,11/06/2026,Meera Joshi,meera_joshi538@gmail.com,6680770755,Ananya Joshi,Organic,59999,"25/06/2026, 12:53 PM",16800,Self Finance,Paid,
Jun-26,ADS Referral,DA Search Ads,SEM,DA-B13,13/06/2026,Swati Rao,swatirao@gmail.com,9790880560,Meera Pillai,Referral,53999,"25/06/2026, 12:26 PM",16000,Eduvanz,Paid,
Jun-26,ADS,DA Meta Ads,META,DA-B12,07/06/2026,Sandeep Agarwal,sandeep_agarwal@hotmail.com,8020165581,Meera Pillai,Google Ads,53999,"25/06/2026, 09:30 PM",14500,,Loan Disbursed,
Jun-26,YT,DS Search Ads,GADS,DS-B10,11/06/2026,Sandeep Mehta,sandeep.mehta54@gmail.com,8042029863,Vikram Das,YouTube,70999,"11/06/2026, 04:53 PM",24600,Auxilo,Partial,
Jun-26,ADS,DA Search Ads,GSN,DA-B13,26/06/2026,Harish Das,harishdas195@gmail.com,9229008107,Meera Pillai,YouTube,54999,"02/06/2026, 09:15 PM",13300,Self Finance,Partial,
Jun-26,ADS,DA Meta Ads,FB,DA-B13,07/06/2026,Priya Agarwal,priya_agarwal@hotmail.com,9028579079,Ananya Joshi,Email,55999,"24/06/2026, 02:52 PM",11900,Self Finance,Partial,
Jun-26,ADS,Gen AI Search Ads,SEM,GENAI-B03,20/06/2026,Rohan Naidu,rohan_naidu@rediffmail.com,7580015328,Ananya Joshi,Organic,59999,"09/06/2026, 09:50 PM",15200,Auxilo,Refunded,
Jun-26,ADS Referral,DA Meta Ads,FB,DA-B13,18/06/2026,Aarav Joshi,aarav_joshi@rediffmail.com,9310160074,Kavya Reddy,Google Ads,57999,"09/06/2026, 12:22 PM",15300,Self Finance,Paid,
Jun-26,ADS Referral,DM Meta Ads,FB,DM-B08,12/06/2026,Harish Murthy,harish.murthy@rediffmail.com,6214573678,Vikram Das,Meta Ads,37999,"08/06/2026, 03:20 PM",11500,HDFC Credila,Paid,
Jun-26,ADS,BA Search Ads,GSN,BA-B06,05/06/2026,Vinay Bose,vinay.bose286@rediffmail.com,7234219634,Suresh Bhat,Google Ads,58999,"03/06/2026, 01:51 PM",20900,Self Finance,Partial,
Jun-26,ADS,DA Meta Ads,META,DA-B12,17/06/2026,Yash Mehta,yash_mehta@rediffmail.com,9483689014,Sneha Iyer,YouTube,51999,"16/06/2026, 01:41 PM",19500,Propelld,Refunded,
Jun-26,ADS,AI/ML Search Ads,SEM,AIML-B02,03/06/2026,Manish Singh,manishsingh194@gmail.com,6900959388,Sneha Iyer,Google Ads,67999,"04/06/2026, 01:36 PM",21300,,Loan Disbursed,
Jun-26,ADS,Gen AI Meta Ads,FB,GENAI-B03,15/06/2026,Aditya Agarwal,aditya_agarwal@yahoo.com,8539036742,Priya Sharma,Meta Ads,70999,"28/06/2026, 09:47 AM",15300,Self Finance,Paid,
Jun-26,ADS,DA Meta Ads,FB,DA-B12,11/06/2026,Akash Joshi,akashjoshi648@outlook.com,8279268687,Suresh Bhat,Organic,58999,"05/06/2026, 07:56 PM",27500,NBFC Direct,Paid,
Jun-26,ADS,DA Meta Ads,FB,DA-B14,01/06/2026,Dhruv Menon,dhruv_menon205@hotmail.com,9078553891,Meera Pillai,Google Ads,63999,"29/06/2026, 01:32 PM",26600,Propelld,Paid,
Jun-26,YT,Gen AI Meta Ads,META,GENAI-B03,08/06/2026,Amit Pillai,amitpillai@gmail.com,6843606684,Deepak Verma,Referral,75999,"29/06/2026, 07:23 PM",34100,Self Finance,Paid,
Jun-26,YT,DS Search Ads,SEM,DS-B10,27/06/2026,Vijay Rao,vijayrao261@yahoo.com,7395209093,Arjun Nair,Google Ads,74999,"12/06/2026, 05:36 PM",28200,,Paid,
Jun-26,ADS,BA Meta Ads,META,BA-B05,05/06/2026,Ananya Bose,ananya.bose@hotmail.com,7133906343,Vikram Das,Google Ads,55999,"25/06/2026, 10:46 PM",27700,Self Finance,Partial,
Jun-26,ADS,BA Search Ads,GSN,BA-B05,08/06/2026,Meera Singh,meerasingh@rediffmail.com,9726789121,Priya Sharma,Google Ads,48999,"14/06/2026, 12:25 PM",24500,Propelld,Pending,
Jun-26,YT Referral,AI/ML Search Ads,SEM,AIML-B03,03/06/2026,Jaya Hegde,jayahegde@hotmail.com,7209744587,Kavya Reddy,YouTube,80999,"01/06/2026, 07:51 PM",28200,Eduvanz,Paid,
Jun-26,YT,DA Search Ads,SEM,DA-B14,18/06/2026,Tanvi Desai,tanvi.desai144@yahoo.com,8299280173,Ananya Joshi,Organic,57999,"13/06/2026, 10:56 PM",22500,Self Finance,Paid,
Jun-26,ADS Referral,Gen AI Meta Ads,META,GENAI-B03,06/06/2026,Uday Varma,uday.varma276@gmail.com,7947072944,Sneha Iyer,Email,71999,"19/06/2026, 05:18 PM",31200,Eduvanz,Partial,
Jun-26,ADS,BA Search Ads,GADS,BA-B06,06/06/2026,Uday Naidu,uday_naidu866@hotmail.com,6934819487,Sneha Iyer,YouTube,54999,"12/06/2026, 03:53 PM",26200,,Paid,
Jun-26,YT,DA Search Ads,GSN,DA-B13,28/06/2026,Geeta Das,geeta_das@hotmail.com,8000384008,Suresh Bhat,Google Ads,55999,"05/06/2026, 03:57 PM",13300,Propelld,Partial,
Jun-26,ADS,CS Search Ads,GADS,CS-B04,29/06/2026,Vishal Shah,vishal.shah191@rediffmail.com,8267632863,Arjun Nair,Meta Ads,55999,"20/06/2026, 02:01 PM",25700,Eduvanz,Partial,
Jun-26,ADS,AI/ML Search Ads,SEM,AIML-B03,18/06/2026,Vishal Rao,vishal_rao@rediffmail.com,7926783443,Rahul Menon,Meta Ads,70999,"16/06/2026, 05:06 PM",33200,Self Finance,Paid,
Jun-26,ADS,CS Search Ads,GADS,CS-B04,08/06/2026,Ananya Singh,ananya.singh@yahoo.com,8474491825,Rahul Menon,YouTube,51999,"01/06/2026, 04:08 PM",14400,Eduvanz,Partial,
Jun-26,YT Referral,DA Meta Ads,INST,DA-B12,11/06/2026,Pradeep Jain,pradeep_jain884@gmail.com,6688999022,Suresh Bhat,YouTube,51999,"30/06/2026, 03:58 PM",12800,NBFC Direct,Paid,
Jun-26,YT,DA Search Ads,SEM,DA-B14,21/06/2026,Sneha Menon,sneha_menon@rediffmail.com,6894864939,Sneha Iyer,Google Ads,51999,"29/06/2026, 08:56 PM",12300,Propelld,Loan Disbursed,29/06/2026
Jun-26,ADS,AI/ML Search Ads,SEM,AIML-B02,09/06/2026,Pradeep Gupta,pradeep.gupta@hotmail.com,9382210839,Meera Pillai,Referral,84999,"28/06/2026, 09:50 AM",28900,,Pending,
Jun-26,ADS,DS Meta Ads,FB,DS-B08,08/06/2026,Dhruv Kumar,dhruv.kumar273@outlook.com,6018466349,Sneha Iyer,Google Ads,72999,"08/06/2026, 11:07 AM",25700,Eduvanz,Pending,
Jun-26,ADS,DA Search Ads,SEM,DA-B13,18/06/2026,Vishal Murthy,vishal.murthy@rediffmail.com,9773566860,Rahul Menon,YouTube,53999,"19/06/2026, 12:54 PM",18200,,Refunded,
Jun-26,ADS Referral,Gen AI Meta Ads,META,GENAI-B04,08/06/2026,Rohit Menon,rohit.menon507@outlook.com,7541290081,Rahul Menon,Meta Ads,65999,"27/06/2026, 08:03 PM",18600,HDFC Credila,Paid,
Jun-26,ADS,DA Search Ads,SEM,DA-B12,19/06/2026,Priya Rao,priya.rao637@rediffmail.com,6952206834,Priya Sharma,YouTube,55999,"22/06/2026, 03:17 PM",14100,,Loan Disbursed,
Jun-26,ADS,Gen AI Search Ads,GSN,GENAI-B04,05/06/2026,Sneha Chopra,sneha.chopra@gmail.com,8494942734,Deepak Verma,Google Ads,71999,"05/06/2026, 07:15 PM",26800,Auxilo,Loan Disbursed,28/06/2026
Jun-26,ADS,Gen AI Search Ads,SEM,GENAI-B04,03/06/2026,Divya Kumar,divya_kumar157@gmail.com,6834419682,Vikram Das,Email,78999,"29/06/2026, 04:08 PM",16000,HDFC Credila,Partial,
Jun-26,ADS Referral,Gen AI Meta Ads,META,GENAI-B04,09/06/2026,Swati Murthy,swati.murthy298@gmail.com,7413099792,Meera Pillai,Email,60999,"29/06/2026, 11:17 AM",24400,Propelld,Paid,
Jun-26,YT,Gen AI Meta Ads,META,GENAI-B03,24/06/2026,Manish Fernandes,manish_fernandes218@hotmail.com,6743538651,Meera Pillai,Google Ads,61999,"27/06/2026, 12:19 PM",26000,Eduvanz,Paid,
Jun-26,ADS Referral,DA Search Ads,SEM,DA-B12,24/06/2026,Aryan Tiwari,aryan.tiwari@outlook.com,6005307005,Vikram Das,Meta Ads,55999,"12/06/2026, 10:57 PM",20600,Self Finance,Partial,
Jun-26,ADS Referral,CS Search Ads,GADS,CS-B04,11/06/2026,Lakshmi Mehta,lakshmimehta@yahoo.com,7662984871,Vikram Das,Meta Ads,62999,"05/06/2026, 09:56 AM",19800,Propelld,Paid,
Jun-26,ADS,DA Meta Ads,INST,DA-B12,09/06/2026,Aarav Naidu,aaravnaidu@yahoo.com,6787036260,Suresh Bhat,Organic,61999,"10/06/2026, 11:11 AM",27600,,Paid,
Jun-26,YT,DM Meta Ads,INST,DM-B07,09/06/2026,Nandini Ghosh,nandini.ghosh282@outlook.com,9411722253,Kavya Reddy,Google Ads,39999,"26/06/2026, 10:25 AM",9800,Self Finance,Paid,
Jun-26,ADS Referral,BA Search Ads,GSN,BA-B06,11/06/2026,Nikhil Hegde,nikhilhegde817@outlook.com,6495887306,Rahul Menon,WhatsApp,46999,"19/06/2026, 04:11 PM",21300,Self Finance,Partial,
Jun-26,ADS Referral,DS Meta Ads,META,DS-B08,18/06/2026,Rohit Pandey,rohit_pandey@yahoo.com,7779171886,Deepak Verma,Organic,63999,"27/06/2026, 07:36 PM",15800,NBFC Direct,Partial,
Jun-26,ADS,DA Search Ads,GSN,DA-B13,18/06/2026,Mohit Rajan,mohit_rajan@outlook.com,8051725215,Suresh Bhat,YouTube,50999,"14/06/2026, 02:47 PM",17800,Self Finance,Paid,
Jun-26,ADS,DS Meta Ads,META,DS-B10,13/06/2026,Pallavi Hegde,pallavi.hegde@rediffmail.com,7533981919,Sneha Iyer,Google Ads,68999,"12/06/2026, 05:23 PM",16400,Self Finance,Pending,
Jun-26,YT,BA Meta Ads,INST,BA-B06,05/06/2026,Anjali Chopra,anjali.chopra@gmail.com,8705319243,Deepak Verma,Google Ads,53999,"10/06/2026, 09:24 PM",22400,,Paid,
Jun-26,ADS Referral,Gen AI Search Ads,SEM,GENAI-B03,29/06/2026,Aditya Menon,aditya_menon643@yahoo.com,6331229702,Ananya Joshi,Google Ads,59999,"19/06/2026, 10:45 AM",15000,,Paid,
Jun-26,YT,Gen AI Meta Ads,META,GENAI-B04,11/06/2026,Kritika Verma,kritika_verma320@hotmail.com,6369073139,Ananya Joshi,Referral,61999,"21/06/2026, 10:45 PM",26200,Auxilo,Partial,
Jun-26,ADS Referral,DA Search Ads,GSN,DA-B14,06/06/2026,Aditya Hegde,aditya.hegde72@yahoo.com,9148041690,Deepak Verma,YouTube,55999,"14/06/2026, 02:34 PM",21500,Eduvanz,Paid,
Jun-26,ADS Referral,DA Search Ads,GSN,DA-B13,30/06/2026,Vinay Hegde,vinay.hegde545@gmail.com,7897164936,Arjun Nair,Google Ads,66999,"23/06/2026, 12:57 PM",25900,Self Finance,Paid,
Jun-26,ADS Referral,DA Search Ads,SEM,DA-B12,26/06/2026,Yash Menon,yash_menon@gmail.com,6813490571,Suresh Bhat,Google Ads,63999,"02/06/2026, 08:23 PM",14600,Self Finance,Paid,
Jun-26,ADS Referral,DS Meta Ads,FB,DS-B09,07/06/2026,Pooja Singh,pooja_singh421@rediffmail.com,6795052334,Rahul Menon,Google Ads,61999,"26/06/2026, 12:19 PM",24200,,Paid,
Jun-26,ADS Referral,DA Search Ads,GSN,DA-B12,28/06/2026,Sandeep Chopra,sandeep_chopra877@yahoo.com,6821192977,Rahul Menon,Organic,59999,"23/06/2026, 05:40 PM",13000,Eduvanz,Partial,
Jun-26,YT,DA Search Ads,GADS,DA-B13,07/06/2026,Sneha Menon,sneha_menon@hotmail.com,7535750106,Vikram Das,YouTube,61999,"21/06/2026, 09:52 PM",30900,Eduvanz,Paid,
Jun-26,YT,Gen AI Search Ads,GSN,GENAI-B04,01/06/2026,Aryan Patel,aryanpatel@hotmail.com,7052048443,Kavya Reddy,YouTube,77999,"07/06/2026, 06:13 PM",21900,Propelld,Partial,
Jun-26,YT,Gen AI Search Ads,SEM,GENAI-B04,17/06/2026,Swati Chopra,swati_chopra322@yahoo.com,7608371134,Deepak Verma,Google Ads,69999,"23/06/2026, 12:00 PM",19700,Self Finance,Paid,
Jun-26,ADS,DM Meta Ads,META,DM-B08,12/06/2026,Deepak Rao,deepakrao@gmail.com,9250928590,Arjun Nair,Meta Ads,48999,"15/06/2026, 12:16 PM",11400,,Paid,
Jun-26,YT,DA Meta Ads,INST,DA-B13,06/06/2026,Isha Hegde,isha_hegde@rediffmail.com,7352982640,Kavya Reddy,Referral,69999,"18/06/2026, 07:53 PM",32900,Propelld,Paid,
Jun-26,ADS,DS Search Ads,GSN,DS-B10,16/06/2026,Gaurav Kapoor,gaurav.kapoor297@gmail.com,8698647670,Rahul Menon,WhatsApp,75999,"29/06/2026, 12:14 PM",37600,Self Finance,Paid,
Jun-26,ADS,BA Search Ads,GADS,BA-B06,11/06/2026,Aditya Ghosh,aditya_ghosh440@hotmail.com,7967123023,Ananya Joshi,Google Ads,56999,"06/06/2026, 05:29 PM",28400,Auxilo,Loan Disbursed,17/06/2026
Jun-26,YT Referral,DS Search Ads,GSN,DS-B09,19/06/2026,Deepak Varma,deepak.varma@yahoo.com,9605732567,Kavya Reddy,Referral,73999,"22/06/2026, 05:42 PM",24300,Propelld,Paid,
Jun-26,ADS,DS Search Ads,GSN,DS-B10,28/06/2026,Manish Kumar,manishkumar@yahoo.com,8976664017,Kavya Reddy,Google Ads,66999,"08/06/2026, 08:29 PM",18500,Self Finance,Partial,
Jun-26,ADS,DA Search Ads,GSN,DA-B12,18/06/2026,Mohit Murthy,mohitmurthy182@yahoo.com,6469192805,Priya Sharma,Referral,54999,"14/06/2026, 08:51 PM",17600,Propelld,Partial,
Jun-26,ADS Referral,DS Meta Ads,META,DS-B09,19/06/2026,Geeta Varma,geeta.varma102@yahoo.com,9309824868,Deepak Verma,Meta Ads,66999,"12/06/2026, 09:44 AM",17600,Propelld,Paid,
Jun-26,ADS,Gen AI Meta Ads,FB,GENAI-B03,21/06/2026,Anjali Patel,anjalipatel@gmail.com,8854026513,Ananya Joshi,Meta Ads,70999,"30/06/2026, 06:44 PM",31800,Self Finance,Pending,
Jun-26,ADS,BA Search Ads,GSN,BA-B05,27/06/2026,Sonia Murthy,soniamurthy@outlook.com,7580643235,Vikram Das,YouTube,50999,"08/06/2026, 01:23 PM",14500,HDFC Credila,Paid,
Jun-26,ADS,DM Meta Ads,INST,DM-B07,22/06/2026,Manish Reddy,manishreddy@rediffmail.com,9099708268,Priya Sharma,Meta Ads,49999,"13/06/2026, 09:03 AM",14000,,Partial,
Jun-26,ADS,DS Search Ads,GADS,DS-B10,09/06/2026,Rohan Naidu,rohan.naidu@rediffmail.com,7615389194,Deepak Verma,Google Ads,75999,"09/06/2026, 05:08 PM",29500,Self Finance,Paid,
Jun-26,ADS,BA Meta Ads,INST,BA-B05,10/06/2026,Akash Sharma,akash_sharma876@hotmail.com,6132165025,Vikram Das,WhatsApp,59999,"18/06/2026, 08:31 PM",26000,Propelld,Paid,
Jun-26,ADS Referral,BA Search Ads,GSN,BA-B05,06/06/2026,Rohit Fernandes,rohit.fernandes@rediffmail.com,7725640859,Ananya Joshi,WhatsApp,56999,"17/06/2026, 09:13 AM",23100,Self Finance,Paid,
Jun-26,ADS,Gen AI Search Ads,SEM,GENAI-B03,21/06/2026,Nandini Varma,nandini_varma@hotmail.com,7313458471,Suresh Bhat,Google Ads,66999,"14/06/2026, 09:24 AM",26600,,Paid,
Jun-26,ADS,Gen AI Meta Ads,FB,GENAI-B04,01/06/2026,Hemant Jain,hemantjain@gmail.com,7649412759,Meera Pillai,Referral,79999,"21/06/2026, 10:42 PM",25500,,Partial,
Jun-26,ADS,Gen AI Search Ads,GSN,GENAI-B04,08/06/2026,Rohit Chopra,rohit_chopra49@outlook.com,8348018214,Deepak Verma,Referral,64999,"25/06/2026, 07:51 PM",19000,Propelld,Loan Disbursed,27/06/2026
Jun-26,YT,CS Search Ads,GSN,CS-B04,16/06/2026,Meera Kapoor,meera.kapoor@hotmail.com,8399415666,Rahul Menon,Organic,68999,"21/06/2026, 10:13 AM",31300,Propelld,Partial,
Jun-26,YT Referral,DA Search Ads,GSN,DA-B14,26/06/2026,Vishal Das,vishal_das@hotmail.com,7833066151,Deepak Verma,Referral,60999,"01/06/2026, 01:55 PM",22400,NBFC Direct,Partial,
Jun-26,YT,DS Meta Ads,FB,DS-B10,02/06/2026,Bhavna Ghosh,bhavna.ghosh703@gmail.com,8047052522,Deepak Verma,Google Ads,76999,"25/06/2026, 12:29 PM",29600,Propelld,Paid,
Jun-26,YT,AI/ML Search Ads,GSN,AIML-B02,03/06/2026,Rohit Verma,rohitverma482@hotmail.com,6725595156,Sneha Iyer,Referral,77999,"30/06/2026, 02:00 PM",21000,Self Finance,Partial,
Jun-26,ADS,Gen AI Meta Ads,FB,GENAI-B04,14/06/2026,Kavya Shah,kavyashah277@rediffmail.com,7678936424,Meera Pillai,Meta Ads,63999,"04/06/2026, 06:34 PM",18400,Self Finance,Paid,
Jun-26,ADS,DS Search Ads,GSN,DS-B08,12/06/2026,Rohit Reddy,rohit_reddy45@hotmail.com,7679697122,Vikram Das,Meta Ads,83999,"18/06/2026, 09:59 PM",21400,Propelld,Paid,
Jun-26,ADS Referral,Gen AI Search Ads,GADS,GENAI-B03,30/06/2026,Priya Shetty,priyashetty16@yahoo.com,7580564823,Rahul Menon,Google Ads,67999,"08/06/2026, 06:17 PM",25300,Self Finance,Paid,
Jun-26,ADS,DA Search Ads,GADS,DA-B12,02/06/2026,Aryan Kapoor,aryan.kapoor925@yahoo.com,9831640239,Meera Pillai,Organic,57999,"19/06/2026, 10:02 AM",19500,Self Finance,Refunded,
Jun-26,YT,BA Meta Ads,INST,BA-B06,18/06/2026,Lakshmi Kapoor,lakshmi_kapoor18@yahoo.com,8133449628,Vikram Das,Google Ads,55999,"02/06/2026, 08:57 PM",19300,Self Finance,Paid,
Jun-26,ADS,BA Meta Ads,META,BA-B06,05/06/2026,Vijay Verma,vijay_verma680@yahoo.com,9702903211,Deepak Verma,YouTube,46999,"05/06/2026, 05:18 PM",18400,Propelld,Pending,
Jun-26,YT,DA Search Ads,SEM,DA-B13,27/06/2026,Sonia Hegde,sonia_hegde@outlook.com,6303500409,Vikram Das,Google Ads,65999,"23/06/2026, 09:47 AM",30200,,Paid,
Jun-26,ADS,DA Meta Ads,META,DA-B14,09/06/2026,Swati Patel,swati_patel930@gmail.com,9975286954,Kavya Reddy,YouTube,68999,"29/06/2026, 02:07 PM",23400,Self Finance,Partial,
Jun-26,ADS,DA Search Ads,GADS,DA-B14,19/06/2026,Pooja Patel,pooja.patel@hotmail.com,8872676550,Vikram Das,YouTube,64999,"16/06/2026, 10:16 AM",24700,Eduvanz,Partial,
Jun-26,ADS,DS Search Ads,GSN,DS-B09,27/06/2026,Vinay Chopra,vinaychopra139@gmail.com,9412701191,Sneha Iyer,Meta Ads,83999,"04/06/2026, 08:20 PM",18700,Self Finance,Refunded,
Jun-26,YT,DS Search Ads,GADS,DS-B10,05/06/2026,Vinay Ghosh,vinay.ghosh352@gmail.com,9660320257,Suresh Bhat,Organic,63999,"25/06/2026, 10:31 PM",22200,Self Finance,Paid,
Jun-26,ADS Referral,BA Search Ads,GADS,BA-B06,26/06/2026,Nandini Agarwal,nandini.agarwal298@rediffmail.com,7811956462,Arjun Nair,Meta Ads,45999,"18/06/2026, 12:08 PM",20400,Propelld,Paid,
Jun-26,YT Referral,DA Search Ads,SEM,DA-B12,15/06/2026,Manish Varma,manish.varma948@outlook.com,9362324428,Meera Pillai,Organic,55999,"24/06/2026, 12:00 PM",25000,,Paid,
Jun-26,ADS,DM Meta Ads,FB,DM-B08,16/06/2026,Yash Varma,yash_varma227@outlook.com,8198405592,Rahul Menon,YouTube,48999,"18/06/2026, 01:56 PM",23600,Auxilo,Partial,
Jun-26,ADS Referral,DA Search Ads,GSN,DA-B13,06/06/2026,Akash Hegde,akash_hegde583@rediffmail.com,8583464760,Deepak Verma,Google Ads,57999,"24/06/2026, 03:19 PM",25500,Eduvanz,Pending,
Jun-26,ADS Referral,DS Search Ads,GADS,DS-B08,28/06/2026,Ananya Das,ananya.das137@yahoo.com,7399881628,Sneha Iyer,Meta Ads,72999,"10/06/2026, 12:30 PM",27900,,Paid,
Jun-26,ADS Referral,DS Search Ads,SEM,DS-B08,01/06/2026,Ananya Shah,ananyashah271@outlook.com,9582851934,Sneha Iyer,Meta Ads,61999,"24/06/2026, 07:08 PM",23200,Eduvanz,Paid,
Jun-26,ADS,CS Search Ads,GADS,CS-B05,29/06/2026,Akash Mehta,akash_mehta29@outlook.com,8023468451,Sneha Iyer,Google Ads,52999,"11/06/2026, 07:43 PM",12200,,Paid,
Jun-26,ADS,Gen AI Meta Ads,META,GENAI-B04,21/06/2026,Nandini Shah,nandini_shah593@outlook.com,7640980095,Ananya Joshi,Google Ads,70999,"21/06/2026, 08:55 PM",16000,Auxilo,Partial,
Jun-26,ADS Referral,DA Meta Ads,FB,DA-B14,10/06/2026,Jaya Ghosh,jaya_ghosh921@yahoo.com,8429756671,Sneha Iyer,YouTube,65999,"06/06/2026, 07:00 PM",18500,Self Finance,Paid,
Jun-26,ADS,DA Search Ads,GSN,DA-B14,16/06/2026,Vishal Shetty,vishal.shetty@outlook.com,7537127558,Ananya Joshi,YouTube,67999,"23/06/2026, 06:40 PM",30600,Propelld,Paid,
Jun-26,YT,CS Search Ads,GADS,CS-B05,02/06/2026,Vinay Nair,vinay_nair240@hotmail.com,9315262559,Sneha Iyer,Meta Ads,56999,"27/06/2026, 09:39 AM",12400,Eduvanz,Partial,
Jun-26,YT,Gen AI Meta Ads,META,GENAI-B04,26/06/2026,Pradeep Sharma,pradeep.sharma107@gmail.com,9270503647,Priya Sharma,Organic,78999,"11/06/2026, 03:57 PM",21000,Self Finance,Pending,
Jun-26,YT,DM Meta Ads,META,DM-B08,18/06/2026,Rohan Hegde,rohan.hegde473@hotmail.com,8368343357,Priya Sharma,Google Ads,39999,"24/06/2026, 05:54 PM",13300,Self Finance,Paid,
Jun-26,ADS Referral,DA Search Ads,SEM,DA-B13,06/06/2026,Pallavi Tiwari,pallavi_tiwari@outlook.com,6818815987,Ananya Joshi,Organic,52999,"16/06/2026, 02:11 PM",11200,Propelld,Pending,
Jun-26,ADS,DA Meta Ads,FB,DA-B13,22/06/2026,Sahil Fernandes,sahil.fernandes@outlook.com,9045180874,Ananya Joshi,Google Ads,59999,"27/06/2026, 04:44 PM",19100,Auxilo,Paid,
Jun-26,YT Referral,DA Meta Ads,INST,DA-B14,20/06/2026,Tanvi Shetty,tanvishetty@outlook.com,6562110557,Ananya Joshi,Google Ads,51999,"16/06/2026, 09:18 PM",22800,Auxilo,Partial,
Jun-26,YT Referral,Gen AI Meta Ads,FB,GENAI-B04,13/06/2026,Vinay Jain,vinayjain238@hotmail.com,9068230729,Arjun Nair,Meta Ads,74999,"20/06/2026, 07:26 PM",28700,Propelld,Paid,
Jun-26,ADS,AI/ML Search Ads,SEM,AIML-B03,26/06/2026,Akash Varma,akash_varma292@outlook.com,7190507633,Suresh Bhat,Meta Ads,85999,"21/06/2026, 12:49 PM",37700,Self Finance,Pending,
Jun-26,ADS,DM Meta Ads,FB,DM-B08,01/06/2026,Kavya Varma,kavya_varma@gmail.com,6371878827,Meera Pillai,Referral,41999,"14/06/2026, 08:37 PM",17700,Self Finance,Paid,
Jun-26,YT,DA Meta Ads,META,DA-B13,08/06/2026,Sahil Desai,sahildesai59@rediffmail.com,9554007087,Deepak Verma,Google Ads,54999,"15/06/2026, 05:28 PM",14600,HDFC Credila,Paid,
Jun-26,ADS Referral,DM Meta Ads,FB,DM-B08,07/06/2026,Meera Nair,meera.nair@yahoo.com,6610741681,Ananya Joshi,Referral,43999,"06/06/2026, 01:14 PM",15000,Self Finance,Paid,
Jun-26,ADS,DS Search Ads,SEM,DS-B10,18/06/2026,Amit Joshi,amit_joshi@outlook.com,8498831903,Suresh Bhat,Meta Ads,83999,"08/06/2026, 12:47 PM",37900,Self Finance,Paid,
Jun-26,YT Referral,CS Search Ads,GADS,CS-B05,21/06/2026,Ananya Kumar,ananya_kumar12@hotmail.com,6745904096,Vikram Das,Meta Ads,50999,"10/06/2026, 09:17 AM",21400,Propelld,Partial,
Jun-26,YT,CS Search Ads,GADS,CS-B04,01/06/2026,Suresh Rao,sureshrao@gmail.com,6987971734,Vikram Das,Referral,63999,"27/06/2026, 12:32 PM",27700,Self Finance,Refunded,
Jun-26,ADS Referral,BA Meta Ads,META,BA-B06,07/06/2026,Deepa Varma,deepa_varma854@gmail.com,8149361656,Suresh Bhat,Google Ads,50999,"27/06/2026, 11:23 AM",18200,,Partial,
Jun-26,ADS,DA Meta Ads,INST,DA-B13,11/06/2026,Gaurav Murthy,gaurav.murthy941@yahoo.com,9482528303,Sneha Iyer,Google Ads,67999,"16/06/2026, 10:47 PM",23400,HDFC Credila,Paid,
Jun-26,ADS,DS Search Ads,SEM,DS-B10,15/06/2026,Meera Sharma,meera.sharma@yahoo.com,8326899750,Arjun Nair,Meta Ads,83999,"11/06/2026, 11:04 AM",37700,Propelld,Paid,
Jun-26,ADS Referral,DA Meta Ads,INST,DA-B14,16/06/2026,Yash Naidu,yashnaidu810@rediffmail.com,7164134183,Suresh Bhat,Referral,57999,"06/06/2026, 07:16 PM",23500,Auxilo,Partial,
Jun-26,YT Referral,DA Meta Ads,META,DA-B13,15/06/2026,Isha Ghosh,isha_ghosh946@gmail.com,8808458161,Kavya Reddy,Google Ads,53999,"18/06/2026, 06:27 PM",19200,Propelld,Paid,
Jun-26,YT,DA Search Ads,GSN,DA-B14,15/06/2026,Deepak Fernandes,deepak_fernandes352@gmail.com,6126394345,Suresh Bhat,Google Ads,57999,"21/06/2026, 11:56 AM",17000,Self Finance,Paid,
Jun-26,ADS,DS Search Ads,SEM,DS-B10,24/06/2026,Vishal Yadav,vishal.yadav271@hotmail.com,9498335103,Suresh Bhat,Meta Ads,71999,"15/06/2026, 05:49 PM",27400,,Paid,
Jun-26,ADS,DA Meta Ads,META,DA-B14,20/06/2026,Geeta Joshi,geeta.joshi978@rediffmail.com,7134550983,Suresh Bhat,WhatsApp,62999,"24/06/2026, 03:17 PM",15100,Eduvanz,Partial,
Jun-26,ADS,DM Meta Ads,FB,DM-B08,19/06/2026,Akash Reddy,akash_reddy@yahoo.com,9864192827,Ananya Joshi,YouTube,46999,"09/06/2026, 06:44 PM",18900,Self Finance,Partial,
Jun-26,ADS,DM Meta Ads,META,DM-B07,07/06/2026,Kiran Joshi,kiranjoshi584@outlook.com,7575762537,Sneha Iyer,Google Ads,46999,"29/06/2026, 12:20 PM",13100,Self Finance,Paid,
Jun-26,ADS Referral,Gen AI Search Ads,SEM,GENAI-B03,29/06/2026,Varun Shetty,varunshetty@outlook.com,8364952864,Ananya Joshi,Meta Ads,61999,"25/06/2026, 12:14 PM",22100,Propelld,Paid,
Jun-26,ADS Referral,Gen AI Meta Ads,FB,GENAI-B03,18/06/2026,Lakshmi Shetty,lakshmi.shetty927@hotmail.com,6441632305,Vikram Das,Google Ads,59999,"01/06/2026, 08:58 PM",27700,HDFC Credila,Loan Disbursed,24/06/2026
Jun-26,ADS,AI/ML Search Ads,GSN,AIML-B03,04/06/2026,Gaurav Nair,gaurav_nair252@gmail.com,9476328040,Sneha Iyer,Email,86999,"20/06/2026, 06:10 PM",22400,Self Finance,Paid,
Jun-26,ADS,CS Search Ads,GADS,CS-B04,15/06/2026,Amit Pillai,amit.pillai@rediffmail.com,6859113039,Kavya Reddy,Google Ads,50999,"14/06/2026, 10:09 AM",25300,,Paid,
Jun-26,ADS,DM Meta Ads,FB,DM-B07,02/06/2026,Yash Kapoor,yash.kapoor@yahoo.com,7758242394,Ananya Joshi,Google Ads,38999,"09/06/2026, 08:05 PM",18300,Propelld,Pending,
Jun-26,ADS,DM Meta Ads,INST,DM-B08,23/06/2026,Varun Reddy,varunreddy756@yahoo.com,9310444415,Priya Sharma,Meta Ads,42999,"02/06/2026, 07:57 PM",12300,Auxilo,Paid,
Jun-26,ADS,BA Meta Ads,META,BA-B06,04/06/2026,Harish Tiwari,harishtiwari342@rediffmail.com,6963766726,Ananya Joshi,Email,57999,"13/06/2026, 06:32 PM",15800,,Pending,
Jun-26,ADS,Gen AI Search Ads,GADS,GENAI-B03,13/06/2026,Pooja Singh,pooja_singh570@rediffmail.com,9698901966,Arjun Nair,Referral,57999,"18/06/2026, 11:43 AM",17800,Self Finance,Partial,
Jun-26,ADS,AI/ML Search Ads,SEM,AIML-B02,18/06/2026,Chetan Rao,chetan.rao@rediffmail.com,6024209476,Meera Pillai,Meta Ads,74999,"23/06/2026, 09:16 PM",19500,Self Finance,Paid,
Jun-26,ADS,AI/ML Search Ads,GSN,AIML-B02,24/06/2026,Nandini Mehta,nandinimehta@outlook.com,6138673328,Ananya Joshi,Google Ads,86999,"20/06/2026, 09:07 PM",38000,Self Finance,Paid,
Jun-26,ADS,DM Meta Ads,INST,DM-B07,13/06/2026,Vishal Fernandes,vishal_fernandes523@gmail.com,6022791351,Rahul Menon,Google Ads,35999,"29/06/2026, 10:20 AM",14100,Self Finance,Pending,
Jun-26,YT,DA Search Ads,GSN,DA-B14,05/06/2026,Esha Fernandes,eshafernandes492@gmail.com,9742627710,Kavya Reddy,Google Ads,57999,"11/06/2026, 10:48 AM",14500,HDFC Credila,Pending,
Jun-26,YT Referral,DA Search Ads,GADS,DA-B14,23/06/2026,Karan Yadav,karan_yadav@yahoo.com,8201357149,Arjun Nair,Organic,59999,"19/06/2026, 11:33 AM",15800,Eduvanz,Pending,
Jun-26,ADS,CS Search Ads,GADS,CS-B05,21/06/2026,Esha Reddy,eshareddy@outlook.com,8960730711,Sneha Iyer,Meta Ads,60999,"14/06/2026, 07:30 PM",26400,Propelld,Paid,
Jun-26,ADS,DA Search Ads,GSN,DA-B12,01/06/2026,Bhavna Bose,bhavnabose1@gmail.com,9167663423,Sneha Iyer,YouTube,63999,"09/06/2026, 04:41 PM",26300,Auxilo,Paid,
Jun-26,ADS,BA Search Ads,GADS,BA-B06,05/06/2026,Ravi Jain,ravijain863@rediffmail.com,9010137136,Priya Sharma,Google Ads,46999,"16/06/2026, 04:34 PM",11600,Self Finance,Paid,
Jun-26,YT,DA Meta Ads,META,DA-B14,13/06/2026,Swati Tiwari,swati_tiwari380@rediffmail.com,7582863736,Sneha Iyer,Google Ads,66999,"20/06/2026, 11:09 AM",19700,,Paid,
Jun-26,ADS,Gen AI Search Ads,GADS,GENAI-B04,06/06/2026,Harish Patel,harish.patel@gmail.com,9198684600,Meera Pillai,YouTube,57999,"24/06/2026, 05:57 PM",18900,,Paid,
Jun-26,ADS,AI/ML Search Ads,GSN,AIML-B03,17/06/2026,Chetan Yadav,chetanyadav@gmail.com,9315228697,Meera Pillai,YouTube,80999,"06/06/2026, 06:05 PM",34400,,Paid,
Jun-26,ADS Referral,DM Meta Ads,INST,DM-B08,24/06/2026,Meera Agarwal,meera.agarwal173@gmail.com,9510451524,Deepak Verma,Google Ads,48999,"25/06/2026, 09:23 AM",21100,Auxilo,Paid,
Jun-26,YT,DM Meta Ads,FB,DM-B08,22/06/2026,Ananya Patel,ananya_patel@outlook.com,6215690890,Rahul Menon,Meta Ads,36999,"10/06/2026, 03:57 PM",8500,Eduvanz,Partial,
Jun-26,YT,BA Meta Ads,META,BA-B05,06/06/2026,Deepak Fernandes,deepak.fernandes813@yahoo.com,9632258457,Priya Sharma,Google Ads,48999,"05/06/2026, 09:10 PM",11700,Propelld,Paid,
Jun-26,YT,DA Search Ads,GSN,DA-B12,10/06/2026,Aarav Verma,aaravverma768@yahoo.com,6575581706,Priya Sharma,Meta Ads,58999,"05/06/2026, 03:23 PM",17100,NBFC Direct,Partial,
Jun-26,ADS Referral,Gen AI Meta Ads,FB,GENAI-B03,22/06/2026,Sakshi Pillai,sakshi_pillai817@yahoo.com,9309922398,Rahul Menon,YouTube,79999,"23/06/2026, 07:39 PM",20200,Self Finance,Paid,
Jun-26,YT,CS Search Ads,GSN,CS-B05,30/06/2026,Rohit Pillai,rohit.pillai@rediffmail.com,7286376358,Deepak Verma,YouTube,59999,"23/06/2026, 09:15 PM",17800,Self Finance,Pending,
Jun-26,YT,BA Search Ads,GSN,BA-B06,03/06/2026,Sakshi Rajan,sakshirajan@hotmail.com,6374242925,Arjun Nair,Organic,47999,"13/06/2026, 03:29 PM",17400,Self Finance,Refunded,
Jun-26,ADS,DA Search Ads,SEM,DA-B13,11/06/2026,Aryan Agarwal,aryan.agarwal20@hotmail.com,9858495015,Kavya Reddy,Email,68999,"02/06/2026, 02:05 PM",27900,Propelld,Partial,
Jun-26,YT Referral,AI/ML Search Ads,GSN,AIML-B03,13/06/2026,Swati Menon,swati_menon346@gmail.com,8824287120,Arjun Nair,Meta Ads,76999,"12/06/2026, 12:11 PM",32500,Self Finance,Paid,
Jun-26,ADS Referral,BA Meta Ads,INST,BA-B05,26/06/2026,Mohit Patel,mohit.patel@outlook.com,6123267664,Sneha Iyer,Google Ads,57999,"21/06/2026, 07:05 PM",13800,Self Finance,Paid,
Jun-26,YT Referral,DS Meta Ads,FB,DS-B08,13/06/2026,Priya Agarwal,priya_agarwal@yahoo.com,8869899150,Meera Pillai,Referral,81999,"15/06/2026, 04:28 PM",40500,Propelld,Paid,
Jun-26,YT Referral,DS Search Ads,GSN,DS-B09,30/06/2026,Anjali Chopra,anjali.chopra441@gmail.com,6318277800,Vikram Das,Meta Ads,83999,"27/06/2026, 02:06 PM",33800,Propelld,Paid,
Jun-26,YT,DS Meta Ads,META,DS-B09,29/06/2026,Mohit Jain,mohit_jain283@yahoo.com,8581993315,Vikram Das,Meta Ads,65999,"20/06/2026, 07:56 PM",30400,Propelld,Paid,
Jun-26,ADS,DS Meta Ads,FB,DS-B09,26/06/2026,Aditya Naidu,aditya.naidu@gmail.com,7074860666,Deepak Verma,Meta Ads,71999,"28/06/2026, 09:34 PM",24100,Auxilo,Pending,
Jun-26,YT,CS Search Ads,GSN,CS-B05,09/06/2026,Ravi Menon,ravimenon633@yahoo.com,9567174728,Ananya Joshi,Meta Ads,65999,"24/06/2026, 11:32 AM",26200,Auxilo,Partial,
Jun-26,ADS,DS Search Ads,GSN,DS-B08,19/06/2026,Harish Iyer,harish.iyer@gmail.com,7934513254,Sneha Iyer,Google Ads,84999,"27/06/2026, 11:55 AM",22700,Propelld,Paid,
Jun-26,ADS,BA Meta Ads,META,BA-B06,23/06/2026,Gaurav Das,gaurav_das472@outlook.com,7434611171,Arjun Nair,YouTube,55999,"15/06/2026, 06:18 PM",23000,Self Finance,Pending,
Jun-26,ADS Referral,DS Search Ads,SEM,DS-B08,14/06/2026,Sahil Menon,sahil_menon28@yahoo.com,7007166309,Kavya Reddy,Meta Ads,68999,"16/06/2026, 01:27 PM",34300,Eduvanz,Partial,
Jun-26,ADS Referral,Gen AI Meta Ads,FB,GENAI-B03,19/06/2026,Harish Pillai,harish.pillai@outlook.com,8371696070,Sneha Iyer,Referral,67999,"05/06/2026, 12:58 PM",15200,Self Finance,Partial,
Jun-26,ADS,Gen AI Meta Ads,FB,GENAI-B04,20/06/2026,Vishal Agarwal,vishal_agarwal254@outlook.com,8146106015,Vikram Das,Meta Ads,77999,"06/06/2026, 12:25 PM",31500,Eduvanz,Loan Disbursed,19/06/2026
Jun-26,ADS,DA Search Ads,GSN,DA-B13,30/06/2026,Bhavna Varma,bhavna_varma@gmail.com,8337599619,Priya Sharma,YouTube,62999,"19/06/2026, 01:39 PM",26300,Self Finance,Pending,
Jun-26,YT,DS Search Ads,GADS,DS-B08,30/06/2026,Shruti Varma,shruti_varma530@yahoo.com,8527303820,Deepak Verma,Email,71999,"07/06/2026, 01:32 PM",26000,Propelld,Partial,
Jun-26,ADS,Gen AI Meta Ads,META,GENAI-B03,17/06/2026,Nikhil Verma,nikhil_verma66@hotmail.com,6032611930,Rahul Menon,Google Ads,62999,"04/06/2026, 09:44 AM",29200,Self Finance,Partial,
Jun-26,YT,DA Meta Ads,META,DA-B14,28/06/2026,Divya Hegde,divyahegde@rediffmail.com,9417711560,Ananya Joshi,Google Ads,66999,"17/06/2026, 04:30 PM",14200,HDFC Credila,Paid,
Jun-26,ADS Referral,BA Search Ads,GADS,BA-B06,24/06/2026,Shruti Hegde,shruti.hegde193@rediffmail.com,7633735926,Kavya Reddy,Google Ads,58999,"03/06/2026, 09:03 PM",12500,Self Finance,Paid,
Jun-26,ADS Referral,BA Meta Ads,INST,BA-B06,11/06/2026,Priya Agarwal,priyaagarwal@hotmail.com,7491568846,Rahul Menon,Organic,56999,"29/06/2026, 09:06 AM",21700,Propelld,Partial,
Jun-26,YT,DM Meta Ads,META,DM-B08,17/06/2026,Divya Rajan,divyarajan83@yahoo.com,6792492417,Vikram Das,Google Ads,48999,"10/06/2026, 09:39 AM",18100,Propelld,Partial,
Jun-26,YT Referral,CS Search Ads,GSN,CS-B04,14/06/2026,Vishal Tiwari,vishaltiwari@rediffmail.com,6798966319,Kavya Reddy,Meta Ads,51999,"04/06/2026, 07:47 PM",20400,Auxilo,Paid,
Jun-26,ADS,DM Meta Ads,META,DM-B08,19/06/2026,Sneha Gupta,sneha.gupta@hotmail.com,7270913157,Vikram Das,YouTube,48999,"03/06/2026, 06:10 PM",23600,Self Finance,Paid,
Jun-26,YT,DM Meta Ads,INST,DM-B07,12/06/2026,Dhruv Reddy,dhruvreddy@yahoo.com,7352608039,Suresh Bhat,Google Ads,39999,"13/06/2026, 08:24 PM",15000,HDFC Credila,Paid,
Jun-26,YT,BA Meta Ads,INST,BA-B05,21/06/2026,Priya Fernandes,priya_fernandes@yahoo.com,6063424086,Ananya Joshi,Meta Ads,56999,"02/06/2026, 03:46 PM",23500,Propelld,Paid,
Jun-26,ADS,DA Meta Ads,META,DA-B13,06/06/2026,Harish Jain,harish.jain210@yahoo.com,8729740258,Ananya Joshi,Google Ads,64999,"21/06/2026, 05:23 PM",14600,Self Finance,Paid,
Jun-26,YT Referral,DA Search Ads,GSN,DA-B12,01/06/2026,Sandeep Desai,sandeepdesai@outlook.com,8649863426,Ananya Joshi,Email,64999,"22/06/2026, 10:31 PM",29000,Self Finance,Paid,
Jun-26,YT,Gen AI Search Ads,GSN,GENAI-B04,28/06/2026,Yash Chopra,yash_chopra@gmail.com,7788715279,Ananya Joshi,Meta Ads,61999,"29/06/2026, 03:50 PM",25500,Self Finance,Paid,
Jun-26,ADS,DM Meta Ads,INST,DM-B07,16/06/2026,Manish Singh,manish.singh@rediffmail.com,6610256566,Deepak Verma,Google Ads,36999,"03/06/2026, 07:16 PM",9500,NBFC Direct,Paid,
Jun-26,ADS,Gen AI Search Ads,GSN,GENAI-B04,28/06/2026,Ravi Joshi,ravijoshi88@gmail.com,9205586325,Meera Pillai,Google Ads,67999,"01/06/2026, 10:06 AM",27200,NBFC Direct,Paid,
Jun-26,ADS Referral,Gen AI Search Ads,GADS,GENAI-B04,04/06/2026,Priya Sharma,priyasharma42@rediffmail.com,6596751482,Arjun Nair,YouTube,72999,"26/06/2026, 12:05 PM",18200,Self Finance,Partial,
Jun-26,YT,DS Search Ads,GADS,DS-B09,27/06/2026,Lakshmi Tiwari,lakshmitiwari592@hotmail.com,9146521833,Deepak Verma,Email,69999,"05/06/2026, 07:29 PM",30800,Self Finance,Partial,
Jun-26,YT,Gen AI Meta Ads,FB,GENAI-B03,18/06/2026,Manish Desai,manishdesai@rediffmail.com,8276553280,Sneha Iyer,Google Ads,73999,"27/06/2026, 06:07 PM",27100,Propelld,Loan Disbursed,16/06/2026
Jun-26,ADS,DS Meta Ads,META,DS-B09,06/06/2026,Geeta Patel,geeta_patel730@yahoo.com,9580400895,Vikram Das,Meta Ads,74999,"01/06/2026, 04:25 PM",24200,NBFC Direct,Paid,
Jun-26,YT,AI/ML Search Ads,GSN,AIML-B03,01/06/2026,Nandini Rajan,nandini_rajan665@yahoo.com,7192286340,Arjun Nair,YouTube,87999,"27/06/2026, 06:08 PM",42500,Self Finance,Paid,
Jun-26,YT Referral,DM Meta Ads,INST,DM-B08,16/06/2026,Varun Chopra,varun_chopra657@hotmail.com,6719847960,Ananya Joshi,Organic,46999,"16/06/2026, 09:07 AM",14600,HDFC Credila,Pending,
Jun-26,ADS,DA Meta Ads,FB,DA-B13,15/06/2026,Uday Rao,udayrao@rediffmail.com,8624347160,Priya Sharma,Organic,58999,"28/06/2026, 12:13 PM",22300,Self Finance,Pending,
Jun-26,ADS,DA Search Ads,GADS,DA-B14,26/06/2026,Deepa Murthy,deepa_murthy433@yahoo.com,8283329120,Suresh Bhat,Referral,66999,"13/06/2026, 10:15 AM",29700,HDFC Credila,Paid,
Jun-26,ADS,DA Search Ads,GSN,DA-B14,20/06/2026,Pradeep Pillai,pradeep_pillai754@hotmail.com,6448226962,Meera Pillai,Organic,58999,"16/06/2026, 01:21 PM",20600,Self Finance,Paid,
Jun-26,ADS,DS Search Ads,GADS,DS-B08,19/06/2026,Priya Fernandes,priya_fernandes254@rediffmail.com,7055521356,Sneha Iyer,Meta Ads,78999,"14/06/2026, 09:59 PM",28800,,Paid,
Jun-26,YT Referral,BA Meta Ads,META,BA-B05,08/06/2026,Aarav Jain,aarav_jain310@yahoo.com,7360610822,Ananya Joshi,Referral,50999,"18/06/2026, 12:52 PM",25300,Eduvanz,Paid,
Jun-26,YT,DA Meta Ads,INST,DA-B12,19/06/2026,Geeta Varma,geetavarma@yahoo.com,8425562489,Sneha Iyer,Meta Ads,58999,"14/06/2026, 07:34 PM",24400,Self Finance,Paid,
Jun-26,YT Referral,DA Search Ads,SEM,DA-B13,19/06/2026,Aryan Pandey,aryanpandey701@yahoo.com,6190225222,Deepak Verma,Meta Ads,61999,"18/06/2026, 11:59 AM",30400,HDFC Credila,Paid,
Jun-26,ADS Referral,DM Meta Ads,FB,DM-B07,30/06/2026,Sonia Hegde,sonia_hegde311@gmail.com,8791777728,Deepak Verma,Meta Ads,48999,"11/06/2026, 02:27 PM",22900,Eduvanz,Paid,
Jun-26,YT,DA Meta Ads,FB,DA-B14,22/06/2026,Pradeep Naidu,pradeep_naidu345@gmail.com,7265009763,Meera Pillai,Google Ads,53999,"21/06/2026, 05:30 PM",20100,Propelld,Refunded,
Jun-26,ADS,DS Search Ads,GADS,DS-B09,26/06/2026,Aryan Bose,aryanbose194@hotmail.com,6900126811,Vikram Das,Meta Ads,74999,"11/06/2026, 02:47 PM",33700,Propelld,Paid,
Jun-26,YT,Gen AI Meta Ads,FB,GENAI-B03,06/06/2026,Harish Murthy,harishmurthy@yahoo.com,9269328103,Kavya Reddy,Google Ads,64999,"02/06/2026, 10:06 AM",25200,Self Finance,Paid,
Jun-26,ADS,BA Meta Ads,INST,BA-B05,01/06/2026,Karan Rao,karan.rao943@outlook.com,6760382117,Priya Sharma,WhatsApp,51999,"13/06/2026, 07:40 PM",18700,Eduvanz,Paid,
Jun-26,YT,AI/ML Search Ads,GSN,AIML-B03,07/06/2026,Yash Fernandes,yash_fernandes@outlook.com,9059677773,Vikram Das,Referral,76999,"16/06/2026, 07:10 PM",29600,HDFC Credila,Paid,
Jun-26,ADS,BA Meta Ads,INST,BA-B05,07/06/2026,Shruti Mehta,shruti.mehta@rediffmail.com,6026789734,Meera Pillai,Meta Ads,51999,"24/06/2026, 01:32 PM",13700,HDFC Credila,Paid,
Jun-26,ADS,DM Meta Ads,FB,DM-B07,22/06/2026,Aditya Rao,aditya_rao@outlook.com,7852586268,Vikram Das,Google Ads,42999,"01/06/2026, 01:46 PM",12100,,Paid,
Jun-26,ADS,DA Meta Ads,FB,DA-B13,17/06/2026,Gaurav Agarwal,gaurav.agarwal138@outlook.com,8959746972,Rahul Menon,YouTube,50999,"25/06/2026, 09:17 PM",12300,Auxilo,Paid,
Jun-26,ADS Referral,DA Search Ads,GADS,DA-B12,18/06/2026,Geeta Pillai,geetapillai833@rediffmail.com,8022034412,Meera Pillai,WhatsApp,57999,"21/06/2026, 12:50 PM",29000,Propelld,Paid,
Jun-26,ADS,AI/ML Search Ads,SEM,AIML-B02,08/06/2026,Varun Tiwari,varun.tiwari@outlook.com,7442815681,Ananya Joshi,YouTube,72999,"08/06/2026, 02:27 PM",20300,Self Finance,Paid,
Jun-26,YT Referral,CS Search Ads,GADS,CS-B05,02/06/2026,Mohit Desai,mohit.desai562@hotmail.com,9321901397,Rahul Menon,WhatsApp,54999,"21/06/2026, 09:51 PM",25100,,Paid,
Jun-26,ADS,Gen AI Search Ads,GADS,GENAI-B03,24/06/2026,Vijay Pillai,vijay.pillai591@hotmail.com,8589512168,Rahul Menon,Google Ads,71999,"15/06/2026, 04:45 PM",28800,HDFC Credila,Paid,
Jun-26,ADS,DA Meta Ads,INST,DA-B13,11/06/2026,Vijay Varma,vijay.varma@hotmail.com,6442328480,Suresh Bhat,YouTube,58999,"01/06/2026, 01:01 PM",15000,HDFC Credila,Loan Disbursed,16/06/2026
Jun-26,ADS,Gen AI Search Ads,GADS,GENAI-B03,07/06/2026,Divya Rao,divya.rao577@hotmail.com,7975655159,Sneha Iyer,Meta Ads,61999,"29/06/2026, 03:50 PM",16800,HDFC Credila,Paid,
Jun-26,YT,DM Meta Ads,META,DM-B08,30/06/2026,Dhruv Menon,dhruvmenon@rediffmail.com,8720558796,Deepak Verma,Google Ads,43999,"16/06/2026, 08:50 PM",21400,HDFC Credila,Partial,
Jun-26,ADS Referral,DA Meta Ads,META,DA-B12,22/06/2026,Anjali Mehta,anjalimehta923@hotmail.com,7539768137,Suresh Bhat,Google Ads,57999,"12/06/2026, 07:29 PM",13400,Auxilo,Paid,
Jun-26,YT,CS Search Ads,GADS,CS-B05,20/06/2026,Pooja Kumar,pooja_kumar551@gmail.com,9587491919,Suresh Bhat,Meta Ads,54999,"08/06/2026, 12:18 PM",23000,,Paid,
Jun-26,ADS,DS Search Ads,GADS,DS-B10,09/06/2026,Yash Reddy,yash_reddy@yahoo.com,7172263365,Priya Sharma,Meta Ads,76999,"05/06/2026, 07:29 PM",24900,Propelld,Pending,
Jun-26,ADS,Gen AI Meta Ads,META,GENAI-B03,11/06/2026,Priya Patel,priyapatel841@hotmail.com,9847011692,Arjun Nair,Google Ads,58999,"09/06/2026, 03:53 PM",29400,Propelld,Paid,
Jun-26,ADS,DS Meta Ads,FB,DS-B10,26/06/2026,Swati Gupta,swati_gupta@gmail.com,9791514450,Priya Sharma,Meta Ads,72999,"25/06/2026, 10:02 AM",17300,Self Finance,Partial,
Jun-26,ADS,BA Meta Ads,INST,BA-B05,14/06/2026,Sneha Reddy,sneha.reddy767@gmail.com,8384441725,Ananya Joshi,Meta Ads,55999,"11/06/2026, 05:13 PM",21900,Propelld,Partial,
Jun-26,ADS,CS Search Ads,GADS,CS-B05,26/06/2026,Lakshmi Tiwari,lakshmitiwari346@yahoo.com,6286991676,Ananya Joshi,WhatsApp,61999,"01/06/2026, 02:20 PM",16700,HDFC Credila,Paid,
Jun-26,ADS Referral,BA Search Ads,GADS,BA-B05,14/06/2026,Deepak Varma,deepak.varma@hotmail.com,6833001832,Suresh Bhat,Email,50999,"12/06/2026, 10:32 AM",23500,NBFC Direct,Loan Disbursed,13/06/2026
Jun-26,YT,DA Meta Ads,META,DA-B12,18/06/2026,Varun Kapoor,varunkapoor@hotmail.com,7309849001,Deepak Verma,Google Ads,57999,"28/06/2026, 09:39 PM",18900,,Partial,
Jun-26,YT,DA Search Ads,GSN,DA-B13,04/06/2026,Varun Chopra,varun_chopra@hotmail.com,6449797582,Priya Sharma,Organic,66999,"11/06/2026, 04:17 PM",27900,Self Finance,Partial,
Jun-26,YT Referral,DA Meta Ads,INST,DA-B12,14/06/2026,Pallavi Naidu,pallavi.naidu906@outlook.com,9779868144,Sneha Iyer,YouTube,67999,"08/06/2026, 09:12 PM",16700,Self Finance,Paid,
Jun-26,ADS,DA Meta Ads,META,DA-B12,24/06/2026,Chetan Agarwal,chetan_agarwal235@yahoo.com,8599758624,Sneha Iyer,Google Ads,68999,"12/06/2026, 08:40 PM",17400,Self Finance,Paid,
Jun-26,ADS,DA Meta Ads,INST,DA-B13,08/06/2026,Ananya Kumar,ananya_kumar@outlook.com,8130980411,Suresh Bhat,Organic,53999,"21/06/2026, 04:53 PM",23900,Eduvanz,Paid,
Jun-26,ADS,DS Search Ads,SEM,DS-B10,03/06/2026,Uday Singh,udaysingh@rediffmail.com,9009696669,Arjun Nair,Google Ads,65999,"27/06/2026, 01:00 PM",17600,HDFC Credila,Pending,
Jun-26,ADS Referral,DA Meta Ads,FB,DA-B14,20/06/2026,Vijay Iyer,vijay_iyer@gmail.com,6832581595,Arjun Nair,Meta Ads,68999,"14/06/2026, 05:32 PM",32300,,Loan Disbursed,
Jun-26,YT,AI/ML Search Ads,GSN,AIML-B02,20/06/2026,Sneha Pillai,sneha.pillai412@rediffmail.com,6902090822,Rahul Menon,Meta Ads,76999,"12/06/2026, 01:11 PM",19800,Self Finance,Paid,
Jun-26,ADS,DA Meta Ads,INST,DA-B12,25/06/2026,Ishaan Agarwal,ishaanagarwal@gmail.com,7030644129,Deepak Verma,YouTube,61999,"02/06/2026, 09:53 AM",21900,Self Finance,Loan Disbursed,
Jun-26,ADS,AI/ML Search Ads,SEM,AIML-B02,04/06/2026,Aarav Verma,aarav.verma@gmail.com,8047706103,Kavya Reddy,WhatsApp,65999,"18/06/2026, 10:16 PM",14400,Self Finance,Paid,
Jun-26,YT,BA Meta Ads,META,BA-B06,19/06/2026,Isha Fernandes,ishafernandes@rediffmail.com,6078772504,Sneha Iyer,WhatsApp,58999,"06/06/2026, 03:46 PM",13000,Eduvanz,Paid,
Jun-26,YT Referral,BA Meta Ads,INST,BA-B06,24/06/2026,Bhavna Bose,bhavna_bose757@outlook.com,6028500798,Arjun Nair,YouTube,45999,"02/06/2026, 04:16 PM",15900,Self Finance,Paid,
Jun-26,YT Referral,DA Meta Ads,FB,DA-B12,02/06/2026,Aarav Murthy,aaravmurthy@hotmail.com,6251214747,Deepak Verma,Google Ads,69999,"26/06/2026, 09:00 PM",15900,,Paid,
Jun-26,YT Referral,Gen AI Meta Ads,META,GENAI-B04,02/06/2026,Sneha Hegde,sneha_hegde102@gmail.com,8482012523,Deepak Verma,Referral,69999,"28/06/2026, 10:20 AM",17500,,Paid,
Jun-26,YT Referral,DS Search Ads,GADS,DS-B10,09/06/2026,Ananya Iyer,ananya_iyer@rediffmail.com,6349304596,Kavya Reddy,YouTube,81999,"07/06/2026, 06:25 PM",29100,Auxilo,Refunded,
Jun-26,ADS,DS Search Ads,GADS,DS-B09,27/06/2026,Rohit Reddy,rohit_reddy571@gmail.com,7258081073,Meera Pillai,Referral,60999,"26/06/2026, 05:23 PM",19100,HDFC Credila,Loan Disbursed,22/06/2026
Jun-26,ADS,BA Meta Ads,META,BA-B06,06/06/2026,Rohit Murthy,rohitmurthy@yahoo.com,8235142435,Kavya Reddy,YouTube,55999,"06/06/2026, 04:00 PM",15400,Self Finance,Paid,
Jun-26,ADS,BA Meta Ads,INST,BA-B05,05/06/2026,Yash Chopra,yash.chopra@gmail.com,8426461434,Meera Pillai,Meta Ads,48999,"07/06/2026, 09:08 AM",20900,,Paid,
Jun-26,YT,BA Search Ads,GADS,BA-B05,23/06/2026,Rahul Verma,rahul_verma753@yahoo.com,6854600186,Arjun Nair,Meta Ads,57999,"14/06/2026, 02:58 PM",16300,Auxilo,Partial,
Jun-26,YT,CS Search Ads,GADS,CS-B05,26/06/2026,Sandeep Pillai,sandeeppillai@gmail.com,7093066457,Suresh Bhat,Meta Ads,63999,"15/06/2026, 09:02 AM",20500,Self Finance,Pending,
Jun-26,ADS Referral,Gen AI Search Ads,GSN,GENAI-B03,19/06/2026,Isha Jain,isha.jain@hotmail.com,7172315292,Rahul Menon,Organic,65999,"26/06/2026, 12:23 PM",24400,Eduvanz,Paid,
Jun-26,YT,DS Meta Ads,FB,DS-B09,23/06/2026,Pallavi Chopra,pallavi.chopra285@hotmail.com,9163704583,Vikram Das,WhatsApp,60999,"27/06/2026, 08:55 PM",27900,Propelld,Paid,
Jun-26,YT,DA Meta Ads,FB,DA-B13,15/06/2026,Pooja Menon,pooja.menon214@gmail.com,8624074017,Deepak Verma,YouTube,68999,"07/06/2026, 07:35 PM",18600,Eduvanz,Paid,
Jun-26,ADS,DA Search Ads,GSN,DA-B12,13/06/2026,Rohan Murthy,rohan.murthy888@outlook.com,7386361462,Rahul Menon,Meta Ads,67999,"18/06/2026, 09:01 AM",33100,Eduvanz,Pending,
Jun-26,YT Referral,DS Meta Ads,META,DS-B08,12/06/2026,Aditya Mehta,aditya_mehta518@yahoo.com,8291078847,Meera Pillai,Referral,70999,"23/06/2026, 05:33 PM",31100,Eduvanz,Paid,
Jun-26,ADS Referral,Gen AI Meta Ads,FB,GENAI-B03,16/06/2026,Sandeep Jain,sandeepjain862@gmail.com,9663744125,Priya Sharma,Email,61999,"10/06/2026, 04:37 PM",19600,Eduvanz,Partial,
Jun-26,YT,BA Meta Ads,INST,BA-B06,23/06/2026,Vijay Singh,vijay_singh681@hotmail.com,7247235299,Meera Pillai,YouTube,50999,"15/06/2026, 12:58 PM",22800,Self Finance,Partial,
Jun-26,ADS Referral,Gen AI Search Ads,SEM,GENAI-B04,15/06/2026,Kiran Singh,kiran_singh@gmail.com,7427642019,Kavya Reddy,Meta Ads,78999,"01/06/2026, 05:11 PM",30900,,Paid,
Jun-26,YT,DS Meta Ads,FB,DS-B10,04/06/2026,Sonia Patel,sonia_patel@outlook.com,6409283102,Ananya Joshi,Organic,83999,"18/06/2026, 02:06 PM",24200,Self Finance,Pending,
Jun-26,YT,Gen AI Meta Ads,META,GENAI-B03,03/06/2026,Sakshi Varma,sakshi.varma228@gmail.com,7825922374,Rahul Menon,Google Ads,58999,"09/06/2026, 12:02 PM",26000,,Partial,
Jun-26,ADS Referral,DA Search Ads,SEM,DA-B14,08/06/2026,Amit Gupta,amit.gupta817@outlook.com,7387965685,Arjun Nair,Organic,58999,"26/06/2026, 08:47 PM",22500,HDFC Credila,Partial,
Jun-26,YT,AI/ML Search Ads,GSN,AIML-B03,09/06/2026,Swati Menon,swatimenon@rediffmail.com,7879342346,Meera Pillai,Referral,67999,"14/06/2026, 07:57 PM",28400,,Refunded,
Jun-26,YT,DA Meta Ads,FB,DA-B12,19/06/2026,Deepak Hegde,deepakhegde573@yahoo.com,6498124275,Deepak Verma,WhatsApp,57999,"13/06/2026, 09:15 AM",14000,Auxilo,Paid,
Jun-26,YT,DS Meta Ads,FB,DS-B10,18/06/2026,Jaya Verma,jayaverma@hotmail.com,6824464873,Vikram Das,Meta Ads,75999,"03/06/2026, 06:05 PM",35900,Eduvanz,Partial,
Jun-26,ADS,BA Meta Ads,INST,BA-B05,17/06/2026,Hemant Shah,hemant_shah373@gmail.com,7384304434,Vikram Das,Referral,56999,"04/06/2026, 09:04 AM",26400,Eduvanz,Paid,
Jun-26,ADS Referral,AI/ML Search Ads,SEM,AIML-B03,03/06/2026,Pallavi Joshi,pallavi_joshi@gmail.com,7423679023,Deepak Verma,Organic,84999,"25/06/2026, 11:39 AM",28700,Self Finance,Paid,
Jun-26,YT Referral,CS Search Ads,GADS,CS-B04,30/06/2026,Ananya Verma,ananya.verma@outlook.com,9506079324,Kavya Reddy,Organic,56999,"16/06/2026, 11:21 AM",24400,,Loan Disbursed,
Jun-26,YT,AI/ML Search Ads,SEM,AIML-B02,04/06/2026,Aryan Varma,aryanvarma294@rediffmail.com,7994718252,Meera Pillai,Google Ads,84999,"30/06/2026, 10:38 AM",28300,Propelld,Paid,
Jun-26,ADS Referral,Gen AI Search Ads,SEM,GENAI-B03,08/06/2026,Kavya Ghosh,kavya_ghosh@gmail.com,7179466024,Rahul Menon,Google Ads,76999,"25/06/2026, 12:18 PM",21700,HDFC Credila,Pending,
Jun-26,YT,Gen AI Search Ads,SEM,GENAI-B04,03/06/2026,Swati Fernandes,swati.fernandes828@rediffmail.com,9217002146,Suresh Bhat,Google Ads,56999,"01/06/2026, 05:40 PM",26300,Propelld,Loan Disbursed,27/06/2026
Jun-26,ADS Referral,CS Search Ads,GADS,CS-B04,24/06/2026,Nandini Murthy,nandini.murthy761@gmail.com,6263890296,Vikram Das,Google Ads,60999,"27/06/2026, 07:33 PM",22900,Self Finance,Paid,
Jun-26,ADS Referral,DS Meta Ads,META,DS-B09,20/06/2026,Kiran Fernandes,kiran.fernandes@hotmail.com,6452093767,Kavya Reddy,Google Ads,80999,"13/06/2026, 05:00 PM",40100,Propelld,Paid,
Jun-26,YT,Gen AI Search Ads,GADS,GENAI-B03,27/06/2026,Uday Ghosh,udayghosh698@hotmail.com,8454903624,Kavya Reddy,YouTube,74999,"13/06/2026, 10:20 PM",27700,Eduvanz,Partial,
Jun-26,ADS,AI/ML Search Ads,SEM,AIML-B02,26/06/2026,Amit Pillai,amit_pillai@yahoo.com,7560210990,Rahul Menon,Meta Ads,69999,"22/06/2026, 05:10 PM",16200,Auxilo,Paid,
Jun-26,ADS,BA Meta Ads,INST,BA-B06,07/06/2026,Amit Agarwal,amit.agarwal579@gmail.com,6949298414,Vikram Das,Google Ads,58999,"18/06/2026, 04:05 PM",17200,Self Finance,Paid,
Jun-26,YT Referral,DA Meta Ads,FB,DA-B12,04/06/2026,Deepak Mehta,deepak.mehta@outlook.com,7791988359,Arjun Nair,Google Ads,57999,"10/06/2026, 09:41 PM",17000,,Paid,
Jun-26,ADS,CS Search Ads,GADS,CS-B04,26/06/2026,Ishaan Chopra,ishaan_chopra@hotmail.com,9682528668,Sneha Iyer,Google Ads,64999,"23/06/2026, 09:07 AM",19600,,Partial,
Jun-26,ADS,DA Meta Ads,FB,DA-B13,11/06/2026,Rohit Das,rohit_das@gmail.com,6251951088,Arjun Nair,Google Ads,67999,"24/06/2026, 01:58 PM",26600,,Paid,
Jun-26,YT Referral,Gen AI Search Ads,SEM,GENAI-B03,18/06/2026,Nikhil Menon,nikhil.menon@outlook.com,9452963013,Kavya Reddy,Google Ads,76999,"05/06/2026, 03:00 PM",31600,Propelld,Paid,
Jun-26,YT,DS Search Ads,SEM,DS-B10,11/06/2026,Ananya Rajan,ananya_rajan993@rediffmail.com,7429360770,Rahul Menon,WhatsApp,68999,"27/06/2026, 09:05 AM",15000,,Loan Disbursed,
Jun-26,ADS,DS Meta Ads,FB,DS-B08,05/06/2026,Tanvi Shah,tanvi_shah300@hotmail.com,8222270829,Priya Sharma,Google Ads,82999,"18/06/2026, 07:12 PM",29300,,Loan Disbursed,
Jun-26,ADS,DA Meta Ads,META,DA-B12,14/06/2026,Ravi Naidu,ravi_naidu@hotmail.com,9338966010,Priya Sharma,YouTube,59999,"12/06/2026, 09:49 PM",29100,Eduvanz,Paid,
Jun-26,YT,DA Meta Ads,META,DA-B13,08/06/2026,Kritika Joshi,kritika_joshi@hotmail.com,8457054654,Ananya Joshi,Google Ads,67999,"28/06/2026, 01:35 PM",15900,Eduvanz,Paid,
Jun-26,ADS,DA Meta Ads,META,DA-B12,14/06/2026,Divya Reddy,divya_reddy@gmail.com,7993370181,Deepak Verma,Google Ads,67999,"29/06/2026, 11:09 AM",28700,,Loan Disbursed,
Jun-26,ADS,Gen AI Search Ads,SEM,GENAI-B03,26/06/2026,Rohit Verma,rohitverma592@hotmail.com,9458179809,Deepak Verma,Meta Ads,56999,"22/06/2026, 09:09 PM",14100,Self Finance,Paid,
Jun-26,YT Referral,BA Search Ads,GADS,BA-B06,17/06/2026,Aarav Agarwal,aarav.agarwal@gmail.com,6895906294,Meera Pillai,YouTube,57999,"17/06/2026, 12:33 PM",28200,HDFC Credila,Paid,
Jun-26,ADS,DM Meta Ads,INST,DM-B08,09/06/2026,Ishaan Kapoor,ishaan_kapoor@gmail.com,7400287947,Ananya Joshi,WhatsApp,38999,"14/06/2026, 12:40 PM",9200,Self Finance,Paid,
Jun-26,ADS Referral,DS Meta Ads,FB,DS-B10,11/06/2026,Lakshmi Reddy,lakshmi.reddy777@hotmail.com,7048781681,Kavya Reddy,YouTube,68999,"30/06/2026, 05:36 PM",14800,Propelld,Paid,
Jun-26,ADS Referral,DA Meta Ads,META,DA-B14,16/06/2026,Nikhil Fernandes,nikhil.fernandes@rediffmail.com,6058726128,Suresh Bhat,Organic,57999,"13/06/2026, 10:42 AM",18200,,Pending,
Jun-26,YT,DA Search Ads,GADS,DA-B14,09/06/2026,Swati Varma,swati_varma126@rediffmail.com,9300456175,Kavya Reddy,YouTube,64999,"26/06/2026, 08:06 PM",24500,Eduvanz,Paid,
Jun-26,ADS Referral,DM Meta Ads,INST,DM-B07,12/06/2026,Bhavna Chopra,bhavnachopra611@gmail.com,7418757655,Vikram Das,Meta Ads,42999,"27/06/2026, 10:37 AM",10100,Self Finance,Paid,
Jun-26,ADS,Gen AI Search Ads,GADS,GENAI-B03,07/06/2026,Esha Yadav,esha.yadav196@gmail.com,7857795404,Meera Pillai,Google Ads,68999,"01/06/2026, 11:08 AM",14900,Propelld,Partial,
Jun-26,ADS Referral,DA Search Ads,GADS,DA-B13,14/06/2026,Deepak Pandey,deepakpandey@gmail.com,6081866877,Rahul Menon,Organic,66999,"07/06/2026, 05:47 PM",27000,,Paid,
Jun-26,ADS,DS Search Ads,GSN,DS-B10,17/06/2026,Tanvi Fernandes,tanvifernandes154@yahoo.com,7338970161,Suresh Bhat,YouTube,81999,"13/06/2026, 06:47 PM",16400,Propelld,Pending,
Jun-26,ADS,CS Search Ads,GSN,CS-B04,26/06/2026,Amit Nair,amit_nair407@yahoo.com,9394666406,Vikram Das,Referral,65999,"28/06/2026, 12:52 PM",26400,Self Finance,Paid,
Jun-26,YT,CS Search Ads,GSN,CS-B05,30/06/2026,Bhavna Rao,bhavna.rao428@yahoo.com,7824033945,Ananya Joshi,Google Ads,51999,"07/06/2026, 09:22 AM",19700,Self Finance,Paid,
Jun-26,YT Referral,DS Search Ads,SEM,DS-B10,29/06/2026,Isha Das,isha.das@outlook.com,8504474466,Meera Pillai,Meta Ads,62999,"18/06/2026, 12:27 PM",16900,Eduvanz,Paid,
Jun-26,ADS,DA Meta Ads,META,DA-B13,04/06/2026,Varun Varma,varun_varma148@gmail.com,8876243527,Ananya Joshi,Meta Ads,68999,"18/06/2026, 09:21 PM",16900,,Pending,
Jun-26,YT,DA Search Ads,GADS,DA-B13,01/06/2026,Aditya Murthy,aditya.murthy@yahoo.com,7888737623,Suresh Bhat,Organic,62999,"03/06/2026, 10:30 PM",18200,Self Finance,Paid,
Jun-26,YT,BA Meta Ads,META,BA-B05,07/06/2026,Dhruv Bose,dhruvbose626@rediffmail.com,8824705883,Suresh Bhat,Google Ads,53999,"13/06/2026, 10:39 AM",21700,Auxilo,Paid,
Jun-26,YT,DA Meta Ads,META,DA-B14,11/06/2026,Sandeep Singh,sandeep.singh@outlook.com,7074819138,Vikram Das,Google Ads,60999,"28/06/2026, 01:03 PM",25000,Self Finance,Paid,
Jun-26,ADS Referral,BA Meta Ads,INST,BA-B05,17/06/2026,Meera Mehta,meera_mehta369@rediffmail.com,6944800288,Ananya Joshi,Referral,57999,"19/06/2026, 09:48 AM",27700,Auxilo,Paid,
Jun-26,ADS,BA Meta Ads,META,BA-B05,02/06/2026,Suresh Fernandes,sureshfernandes@rediffmail.com,8069267298,Suresh Bhat,YouTube,52999,"10/06/2026, 02:33 PM",10900,Auxilo,Paid,
Jun-26,YT Referral,Gen AI Search Ads,GADS,GENAI-B03,24/06/2026,Mohit Joshi,mohit_joshi@hotmail.com,8599843554,Meera Pillai,Referral,70999,"10/06/2026, 07:00 PM",17200,Self Finance,Partial,
Jun-26,YT Referral,DS Search Ads,SEM,DS-B09,06/06/2026,Pallavi Menon,pallavi_menon@rediffmail.com,9858495759,Meera Pillai,Organic,70999,"25/06/2026, 09:02 PM",16200,Propelld,Paid,
Jun-26,YT,CS Search Ads,GSN,CS-B05,12/06/2026,Lakshmi Naidu,lakshmi.naidu852@yahoo.com,8696367902,Suresh Bhat,Google Ads,57999,"23/06/2026, 08:30 PM",24400,Self Finance,Partial,
Jun-26,ADS,DS Search Ads,SEM,DS-B10,05/06/2026,Chetan Hegde,chetan_hegde890@hotmail.com,6065227312,Priya Sharma,Referral,66999,"03/06/2026, 10:37 PM",18900,Propelld,Pending,
Jun-26,ADS,DA Meta Ads,FB,DA-B12,21/06/2026,Akash Menon,akash.menon798@gmail.com,6237009430,Rahul Menon,Meta Ads,69999,"26/06/2026, 04:15 PM",19600,,Partial,
Jun-26,ADS,DA Search Ads,GSN,DA-B13,19/06/2026,Pradeep Jain,pradeepjain@rediffmail.com,9902700038,Suresh Bhat,YouTube,69999,"22/06/2026, 10:40 PM",29300,Eduvanz,Paid,
Jun-26,ADS Referral,DS Search Ads,GADS,DS-B10,06/06/2026,Lakshmi Mehta,lakshmimehta@yahoo.com,7584162333,Suresh Bhat,Google Ads,62999,"29/06/2026, 02:47 PM",22900,,Paid,
Jun-26,ADS,BA Search Ads,GADS,BA-B05,22/06/2026,Kritika Gupta,kritika.gupta444@gmail.com,7647026869,Deepak Verma,YouTube,50999,"07/06/2026, 02:56 PM",19600,Propelld,Loan Disbursed,15/06/2026
Jun-26,ADS,DS Search Ads,GSN,DS-B08,15/06/2026,Sandeep Bose,sandeep.bose118@gmail.com,9807678103,Sneha Iyer,WhatsApp,70999,"09/06/2026, 04:40 PM",33100,,Paid,
Jun-26,ADS,BA Meta Ads,META,BA-B05,06/06/2026,Sahil Menon,sahil.menon@hotmail.com,9508215945,Suresh Bhat,Google Ads,46999,"17/06/2026, 01:10 PM",17300,,Paid,
Jun-26,ADS,CS Search Ads,GADS,CS-B05,05/06/2026,Shruti Shetty,shruti.shetty148@hotmail.com,9988331116,Suresh Bhat,Google Ads,65999,"12/06/2026, 01:55 PM",20800,Propelld,Pending,
Jun-26,ADS,DS Search Ads,SEM,DS-B10,06/06/2026,Vishal Agarwal,vishal_agarwal@rediffmail.com,6333865861,Suresh Bhat,Organic,71999,"30/06/2026, 09:19 AM",17100,Eduvanz,Pending,
Jun-26,YT Referral,DS Search Ads,GADS,DS-B08,12/06/2026,Sakshi Nair,sakshi_nair@rediffmail.com,6945978364,Rahul Menon,Meta Ads,79999,"10/06/2026, 06:40 PM",39900,Self Finance,Partial,
Jun-26,YT,DA Meta Ads,FB,DA-B14,30/06/2026,Kiran Chopra,kiranchopra321@yahoo.com,7331829708,Priya Sharma,Google Ads,67999,"28/06/2026, 02:02 PM",29700,,Pending,
Jun-26,YT Referral,BA Meta Ads,INST,BA-B05,21/06/2026,Sneha Nair,snehanair@hotmail.com,6063121242,Vikram Das,Organic,49999,"27/06/2026, 05:29 PM",16800,,Paid,
Jun-26,ADS,DA Meta Ads,META,DA-B12,04/06/2026,Nikhil Nair,nikhilnair255@hotmail.com,6862425906,Arjun Nair,YouTube,50999,"05/06/2026, 04:45 PM",21400,Propelld,Paid,
Jun-26,YT,BA Meta Ads,INST,BA-B05,19/06/2026,Dhruv Rao,dhruv_rao@hotmail.com,8862183839,Deepak Verma,Referral,46999,"29/06/2026, 01:59 PM",9900,Propelld,Partial,
Jun-26,ADS,AI/ML Search Ads,SEM,AIML-B03,25/06/2026,Vishal Kumar,vishal.kumar351@yahoo.com,8068452326,Meera Pillai,Meta Ads,76999,"24/06/2026, 05:44 PM",22700,Self Finance,Partial,
Jun-26,YT Referral,Gen AI Search Ads,SEM,GENAI-B03,04/06/2026,Swati Rajan,swati_rajan@outlook.com,6693817607,Sneha Iyer,Google Ads,62999,"11/06/2026, 01:48 PM",16700,Eduvanz,Partial,
Jun-26,YT,BA Search Ads,GSN,BA-B05,03/06/2026,Nandini Gupta,nandinigupta@gmail.com,8983936619,Ananya Joshi,Meta Ads,46999,"08/06/2026, 07:02 PM",12300,Propelld,Loan Disbursed,30/06/2026
Jun-26,ADS,DS Search Ads,SEM,DS-B10,24/06/2026,Karan Mehta,karanmehta@hotmail.com,8629281001,Rahul Menon,Meta Ads,62999,"02/06/2026, 05:41 PM",20300,Propelld,Loan Disbursed,19/06/2026
Jun-26,YT,Gen AI Search Ads,GSN,GENAI-B03,28/06/2026,Ravi Rajan,ravi.rajan@rediffmail.com,7922047315,Suresh Bhat,YouTube,62999,"09/06/2026, 03:56 PM",16800,Self Finance,Paid,
Jun-26,YT,DS Search Ads,GADS,DS-B09,27/06/2026,Ravi Varma,ravi_varma@hotmail.com,6823225452,Kavya Reddy,YouTube,70999,"09/06/2026, 06:38 PM",27700,Self Finance,Paid,
Jun-26,ADS,DA Search Ads,GSN,DA-B13,12/06/2026,Pradeep Nair,pradeepnair78@hotmail.com,6457303884,Meera Pillai,Organic,68999,"04/06/2026, 06:23 PM",27400,Propelld,Paid,
Jun-26,ADS,DS Meta Ads,FB,DS-B10,21/06/2026,Divya Kapoor,divya_kapoor602@yahoo.com,6734829042,Rahul Menon,YouTube,77999,"25/06/2026, 05:47 PM",29000,Self Finance,Paid,
Jun-26,ADS,DM Meta Ads,META,DM-B07,09/06/2026,Shruti Nair,shruti.nair@yahoo.com,6659920479,Vikram Das,Organic,43999,"04/06/2026, 09:41 AM",16000,Eduvanz,Paid,
Jun-26,ADS Referral,DA Search Ads,GADS,DA-B13,17/06/2026,Nikhil Mehta,nikhil.mehta930@gmail.com,7973910033,Vikram Das,YouTube,62999,"10/06/2026, 12:14 PM",26900,HDFC Credila,Loan Disbursed,22/06/2026
Jun-26,YT Referral,DA Search Ads,GADS,DA-B12,30/06/2026,Uday Rajan,uday_rajan607@hotmail.com,7366465509,Kavya Reddy,Referral,56999,"24/06/2026, 02:14 PM",21600,NBFC Direct,Partial,
Jun-26,ADS Referral,CS Search Ads,GADS,CS-B05,11/06/2026,Yash Hegde,yash_hegde860@rediffmail.com,7019388070,Suresh Bhat,Google Ads,69999,"08/06/2026, 05:53 PM",28900,Self Finance,Paid,
Jun-26,ADS,Gen AI Search Ads,GADS,GENAI-B04,30/06/2026,Rohit Fernandes,rohit_fernandes540@hotmail.com,9022029045,Rahul Menon,Meta Ads,59999,"09/06/2026, 03:25 PM",27400,HDFC Credila,Loan Disbursed,28/06/2026
Jun-26,ADS,DS Meta Ads,META,DS-B10,27/06/2026,Karan Kumar,karan_kumar@outlook.com,9480801126,Vikram Das,YouTube,75999,"13/06/2026, 02:02 PM",28600,,Paid,
Jun-26,ADS,DA Meta Ads,FB,DA-B12,27/06/2026,Dhruv Iyer,dhruviyer863@yahoo.com,6376601764,Deepak Verma,Meta Ads,64999,"28/06/2026, 03:26 PM",23800,Propelld,Paid,
Jun-26,YT,CS Search Ads,GSN,CS-B04,27/06/2026,Sonia Yadav,sonia.yadav@hotmail.com,9692872649,Meera Pillai,Meta Ads,69999,"05/06/2026, 10:46 PM",17600,Eduvanz,Pending,
Jun-26,YT,AI/ML Search Ads,GSN,AIML-B02,27/06/2026,Isha Naidu,isha.naidu@yahoo.com,6615032288,Rahul Menon,WhatsApp,75999,"24/06/2026, 02:10 PM",25000,Self Finance,Pending,
Jun-26,ADS Referral,DA Search Ads,GADS,DA-B12,21/06/2026,Meera Varma,meera_varma229@outlook.com,7691034917,Rahul Menon,Meta Ads,62999,"25/06/2026, 12:06 PM",17800,HDFC Credila,Paid,
Jun-26,YT,DA Search Ads,GADS,DA-B13,12/06/2026,Sonia Pillai,sonia.pillai@rediffmail.com,9132713400,Rahul Menon,Email,55999,"26/06/2026, 11:50 AM",13800,,Paid,
Jun-26,ADS,DM Meta Ads,FB,DM-B08,07/06/2026,Suresh Rajan,suresh.rajan@hotmail.com,6105876804,Suresh Bhat,YouTube,42999,"17/06/2026, 03:04 PM",18700,,Paid,
Jun-26,YT Referral,DA Search Ads,GADS,DA-B12,01/06/2026,Kavya Sharma,kavyasharma291@yahoo.com,8571776879,Ananya Joshi,Google Ads,51999,"06/06/2026, 10:08 AM",13900,,Paid,
Jun-26,ADS,Gen AI Search Ads,GADS,GENAI-B04,25/06/2026,Vijay Rajan,vijay_rajan@rediffmail.com,7879111418,Ananya Joshi,Meta Ads,55999,"18/06/2026, 11:20 AM",21500,Eduvanz,Paid,
Jun-26,ADS,DS Search Ads,GSN,DS-B08,04/06/2026,Suresh Jain,sureshjain@rediffmail.com,8232757577,Kavya Reddy,Google Ads,72999,"20/06/2026, 12:56 PM",24800,Self Finance,Paid,
Jun-26,ADS,BA Search Ads,GADS,BA-B06,25/06/2026,Meera Varma,meeravarma579@gmail.com,6012667868,Sneha Iyer,Meta Ads,48999,"13/06/2026, 04:46 PM",10500,Self Finance,Paid,
Jun-26,ADS,DA Search Ads,GSN,DA-B13,29/06/2026,Aarav Murthy,aarav.murthy@outlook.com,9120708713,Vikram Das,Organic,69999,"27/06/2026, 03:56 PM",20300,Self Finance,Loan Disbursed,
Jun-26,YT,DS Meta Ads,FB,DS-B10,14/06/2026,Rahul Shah,rahul.shah@yahoo.com,6446663749,Kavya Reddy,Meta Ads,76999,"13/06/2026, 10:43 AM",32800,Eduvanz,Paid,
Jun-26,YT,Gen AI Search Ads,GSN,GENAI-B03,25/06/2026,Akash Chopra,akash.chopra58@gmail.com,9164578972,Vikram Das,Meta Ads,57999,"12/06/2026, 06:09 PM",27000,Self Finance,Partial,
Jun-26,ADS Referral,DM Meta Ads,META,DM-B07,07/06/2026,Ishaan Pillai,ishaanpillai31@gmail.com,6902757902,Priya Sharma,Organic,38999,"08/06/2026, 05:18 PM",12500,Self Finance,Paid,
Jun-26,YT,Gen AI Search Ads,SEM,GENAI-B03,25/06/2026,Ananya Pandey,ananya_pandey808@hotmail.com,6029696831,Rahul Menon,WhatsApp,68999,"01/06/2026, 08:56 PM",14800,HDFC Credila,Partial,
Jun-26,ADS Referral,DA Meta Ads,FB,DA-B12,23/06/2026,Aarav Verma,aarav_verma@outlook.com,8755564921,Arjun Nair,Email,68999,"15/06/2026, 09:22 PM",22700,Auxilo,Partial,
Jun-26,ADS,Gen AI Meta Ads,FB,GENAI-B03,23/06/2026,Harish Jain,harishjain7@rediffmail.com,9649967170,Priya Sharma,Google Ads,76999,"30/06/2026, 01:16 PM",23700,HDFC Credila,Loan Disbursed,06/06/2026
Jun-26,ADS,DS Meta Ads,META,DS-B08,18/06/2026,Yash Tiwari,yash_tiwari348@gmail.com,7084277995,Arjun Nair,Organic,64999,"01/06/2026, 10:12 PM",13800,Eduvanz,Pending,
Jun-26,ADS,Gen AI Meta Ads,FB,GENAI-B03,20/06/2026,Esha Yadav,esha.yadav744@gmail.com,6147631873,Vikram Das,Google Ads,67999,"19/06/2026, 04:26 PM",32200,Propelld,Loan Disbursed,15/06/2026
Jun-26,ADS Referral,DA Search Ads,GADS,DA-B12,10/06/2026,Divya Pandey,divyapandey@gmail.com,7431894345,Vikram Das,Google Ads,50999,"15/06/2026, 02:43 PM",23400,Self Finance,Partial,
Jun-26,YT Referral,CS Search Ads,GADS,CS-B05,20/06/2026,Varun Fernandes,varun_fernandes@outlook.com,9604784275,Kavya Reddy,Organic,65999,"11/06/2026, 04:55 PM",28700,Eduvanz,Pending,
Jun-26,ADS,BA Meta Ads,INST,BA-B05,03/06/2026,Akash Kapoor,akashkapoor944@hotmail.com,7709646322,Meera Pillai,YouTube,54999,"08/06/2026, 07:03 PM",16100,Auxilo,Loan Disbursed,21/06/2026
Jun-26,ADS,Gen AI Search Ads,GADS,GENAI-B04,19/06/2026,Priya Verma,priya.verma@hotmail.com,6966007230,Rahul Menon,WhatsApp,77999,"23/06/2026, 02:37 PM",32900,Self Finance,Paid,
Jun-26,ADS Referral,CS Search Ads,GSN,CS-B05,07/06/2026,Nandini Desai,nandini.desai@gmail.com,7817369323,Sneha Iyer,Google Ads,54999,"25/06/2026, 11:47 AM",13800,NBFC Direct,Paid,
Jun-26,ADS,DA Meta Ads,INST,DA-B13,11/06/2026,Aryan Reddy,aryan.reddy@hotmail.com,8354187420,Arjun Nair,Google Ads,51999,"26/06/2026, 11:53 AM",14500,Auxilo,Loan Disbursed,18/06/2026
Jun-26,ADS,DS Search Ads,GADS,DS-B09,28/06/2026,Pooja Rao,poojarao471@yahoo.com,9284772677,Kavya Reddy,Email,73999,"24/06/2026, 03:46 PM",19900,Self Finance,Paid,
Jun-26,ADS Referral,DA Search Ads,GSN,DA-B13,11/06/2026,Mohit Verma,mohit_verma470@rediffmail.com,8640388060,Arjun Nair,Google Ads,65999,"29/06/2026, 08:38 PM",27500,Propelld,Paid,
Jun-26,YT,Gen AI Search Ads,GADS,GENAI-B03,07/06/2026,Suresh Iyer,suresh.iyer532@rediffmail.com,7298283109,Priya Sharma,Referral,56999,"07/06/2026, 04:55 PM",12500,Self Finance,Partial,
Jun-26,ADS,Gen AI Meta Ads,META,GENAI-B04,28/06/2026,Harish Rao,harishrao483@yahoo.com,7751450228,Ananya Joshi,Meta Ads,59999,"03/06/2026, 09:31 AM",18900,HDFC Credila,Partial,
Jun-26,YT Referral,AI/ML Search Ads,SEM,AIML-B03,23/06/2026,Ishaan Hegde,ishaanhegde2@gmail.com,8810770627,Meera Pillai,Meta Ads,66999,"17/06/2026, 01:52 PM",23900,Self Finance,Refunded,
Jun-26,ADS,DS Search Ads,GADS,DS-B09,12/06/2026,Karan Iyer,karan.iyer@yahoo.com,6847608168,Suresh Bhat,Meta Ads,75999,"25/06/2026, 06:39 PM",33200,Self Finance,Paid,
Jun-26,ADS Referral,DS Search Ads,GADS,DS-B08,13/06/2026,Ananya Gupta,ananyagupta@yahoo.com,6223931020,Rahul Menon,Google Ads,77999,"06/06/2026, 08:30 PM",25000,,Paid,
Jun-26,ADS,DA Meta Ads,INST,DA-B14,24/06/2026,Uday Rajan,udayrajan@hotmail.com,6450104008,Meera Pillai,YouTube,59999,"02/06/2026, 08:17 PM",22800,Eduvanz,Pending,
Jun-26,YT Referral,DA Meta Ads,INST,DA-B13,10/06/2026,Aditya Shah,aditya.shah942@yahoo.com,7127242203,Vikram Das,Google Ads,58999,"05/06/2026, 02:49 PM",22800,Auxilo,Paid,
Jun-26,YT Referral,DS Meta Ads,META,DS-B08,02/06/2026,Varun Desai,varundesai@rediffmail.com,6270322741,Deepak Verma,Meta Ads,67999,"24/06/2026, 02:29 PM",27700,Auxilo,Paid,
Jun-26,YT,CS Search Ads,GADS,CS-B04,30/06/2026,Suresh Bose,suresh_bose6@rediffmail.com,8214662806,Meera Pillai,Google Ads,55999,"02/06/2026, 01:16 PM",27200,,Partial,
Jun-26,ADS,DA Search Ads,GSN,DA-B14,26/06/2026,Suresh Fernandes,suresh.fernandes839@yahoo.com,7630592875,Ananya Joshi,Google Ads,51999,"25/06/2026, 09:43 AM",16900,Self Finance,Paid,
Jun-26,ADS,DM Meta Ads,FB,DM-B08,05/06/2026,Tanvi Bose,tanvi.bose482@outlook.com,9505275954,Meera Pillai,Meta Ads,46999,"04/06/2026, 11:31 AM",19600,,Paid,
Jun-26,ADS,Gen AI Search Ads,SEM,GENAI-B03,25/06/2026,Nandini Desai,nandini.desai@yahoo.com,6039664820,Kavya Reddy,Google Ads,62999,"28/06/2026, 06:06 PM",17800,Auxilo,Paid,
Jun-26,ADS,DA Meta Ads,INST,DA-B14,21/06/2026,Rahul Ghosh,rahul.ghosh231@rediffmail.com,7688712910,Arjun Nair,Google Ads,57999,"07/06/2026, 03:32 PM",26200,Eduvanz,Paid,
Jun-26,ADS,DS Search Ads,SEM,DS-B09,29/06/2026,Sneha Kapoor,sneha_kapoor678@gmail.com,7715241775,Priya Sharma,Meta Ads,84999,"08/06/2026, 04:48 PM",23400,Self Finance,Partial,
Jun-26,ADS,DA Meta Ads,INST,DA-B13,12/06/2026,Lakshmi Rao,lakshmirao942@outlook.com,9501298133,Deepak Verma,Google Ads,68999,"25/06/2026, 02:01 PM",29200,Propelld,Paid,
Jun-26,ADS,DA Meta Ads,FB,DA-B12,14/06/2026,Gaurav Murthy,gaurav.murthy@rediffmail.com,9626249439,Deepak Verma,Email,56999,"22/06/2026, 06:12 PM",21500,Self Finance,Paid,
Jun-26,ADS,DM Meta Ads,META,DM-B07,27/06/2026,Shruti Kapoor,shrutikapoor396@outlook.com,9698135072,Rahul Menon,WhatsApp,40999,"08/06/2026, 06:16 PM",9900,Self Finance,Paid,
Jun-26,ADS,Gen AI Search Ads,GSN,GENAI-B03,01/06/2026,Sonia Jain,sonia_jain@hotmail.com,8795654666,Ananya Joshi,YouTube,66999,"01/06/2026, 02:26 PM",21500,Self Finance,Paid,
Jun-26,ADS,DA Meta Ads,INST,DA-B12,14/06/2026,Nikhil Agarwal,nikhilagarwal220@rediffmail.com,8483314535,Kavya Reddy,Referral,52999,"29/06/2026, 09:20 AM",21500,Self Finance,Paid,
Jun-26,ADS,DS Search Ads,GADS,DS-B09,11/06/2026,Ananya Rajan,ananya_rajan@outlook.com,8950346452,Suresh Bhat,YouTube,66999,"29/06/2026, 07:07 PM",29400,Self Finance,Paid,
Jun-26,ADS,DA Search Ads,SEM,DA-B14,07/06/2026,Sakshi Das,sakshi_das857@gmail.com,7509275779,Suresh Bhat,Meta Ads,60999,"21/06/2026, 08:30 PM",13400,NBFC Direct,Paid,
Jun-26,ADS Referral,BA Meta Ads,META,BA-B06,02/06/2026,Priya Verma,priya_verma@yahoo.com,7188947053,Rahul Menon,Organic,49999,"02/06/2026, 03:46 PM",18200,Propelld,Paid,
Jun-26,ADS,DS Meta Ads,FB,DS-B09,27/06/2026,Nandini Shah,nandini.shah17@yahoo.com,7466710826,Arjun Nair,Google Ads,73999,"11/06/2026, 09:01 PM",28100,HDFC Credila,Pending,
Jun-26,YT,BA Search Ads,GADS,BA-B05,07/06/2026,Karan Ghosh,karan.ghosh@yahoo.com,8741280864,Rahul Menon,Referral,46999,"09/06/2026, 05:29 PM",13900,Propelld,Paid,
Jun-26,YT,DS Search Ads,GSN,DS-B08,13/06/2026,Amit Yadav,amit.yadav827@outlook.com,7719175553,Ananya Joshi,Organic,82999,"17/06/2026, 07:33 PM",37400,Self Finance,Paid,
Jun-26,YT,Gen AI Search Ads,SEM,GENAI-B04,12/06/2026,Kritika Yadav,kritikayadav850@yahoo.com,7530910490,Priya Sharma,Meta Ads,68999,"21/06/2026, 07:04 PM",19100,Self Finance,Paid,
Jun-26,ADS,DS Search Ads,GADS,DS-B10,20/06/2026,Kavya Sharma,kavya_sharma226@yahoo.com,7314851799,Priya Sharma,Organic,61999,"12/06/2026, 06:31 PM",15500,Self Finance,Partial,
Jun-26,ADS,BA Search Ads,GADS,BA-B06,03/06/2026,Vinay Patel,vinaypatel@hotmail.com,9507154309,Deepak Verma,YouTube,55999,"13/06/2026, 11:54 AM",25400,Propelld,Paid,
Jun-26,ADS,Gen AI Search Ads,GADS,GENAI-B04,02/06/2026,Shruti Bose,shrutibose527@rediffmail.com,8097899190,Sneha Iyer,Referral,62999,"06/06/2026, 01:23 PM",21300,HDFC Credila,Partial,
Jun-26,ADS Referral,DA Meta Ads,FB,DA-B14,12/06/2026,Anjali Shah,anjali.shah@outlook.com,9841853910,Rahul Menon,YouTube,57999,"13/06/2026, 04:08 PM",22900,Eduvanz,Pending,
Jun-26,YT Referral,BA Search Ads,GADS,BA-B05,13/06/2026,Swati Desai,swati_desai@yahoo.com,6846658282,Sneha Iyer,YouTube,47999,"26/06/2026, 12:10 PM",18200,Propelld,Paid,
Jun-26,ADS,DA Search Ads,GSN,DA-B12,21/06/2026,Lakshmi Murthy,lakshmi.murthy@rediffmail.com,7964732232,Priya Sharma,Google Ads,54999,"01/06/2026, 09:15 PM",11100,Propelld,Paid,
Jun-26,ADS Referral,DM Meta Ads,FB,DM-B07,13/06/2026,Kavya Pillai,kavyapillai539@gmail.com,8657231808,Meera Pillai,Google Ads,49999,"28/06/2026, 05:30 PM",24500,Eduvanz,Paid,
Jun-26,ADS,BA Search Ads,GSN,BA-B06,10/06/2026,Sandeep Rao,sandeep_rao@outlook.com,7594056116,Arjun Nair,Google Ads,52999,"20/06/2026, 03:46 PM",23300,Self Finance,Paid,
Jun-26,ADS,CS Search Ads,GSN,CS-B05,06/06/2026,Ravi Das,ravi.das@hotmail.com,8886961621,Vikram Das,Organic,58999,"01/06/2026, 10:13 AM",24000,Self Finance,Pending,
Jun-26,ADS,Gen AI Meta Ads,FB,GENAI-B03,26/06/2026,Sandeep Pillai,sandeeppillai979@gmail.com,9133821990,Arjun Nair,WhatsApp,71999,"09/06/2026, 09:20 AM",17900,Self Finance,Loan Disbursed,
Jun-26,YT Referral,DA Search Ads,GADS,DA-B13,03/06/2026,Sonia Joshi,sonia.joshi495@gmail.com,6338543397,Vikram Das,Meta Ads,62999,"28/06/2026, 09:54 AM",20800,Propelld,Loan Disbursed,27/06/2026
Jun-26,ADS,DA Meta Ads,INST,DA-B13,10/06/2026,Manish Agarwal,manish_agarwal350@outlook.com,8082253999,Vikram Das,Google Ads,60999,"01/06/2026, 03:03 PM",29200,Self Finance,Loan Disbursed,
Jun-26,YT,Gen AI Meta Ads,META,GENAI-B04,01/06/2026,Divya Varma,divya.varma178@outlook.com,8968503679,Rahul Menon,Meta Ads,70999,"09/06/2026, 07:32 PM",17000,Eduvanz,Paid,
Jun-26,ADS,Gen AI Search Ads,SEM,GENAI-B04,09/06/2026,Deepak Nair,deepak.nair899@yahoo.com,9512084931,Suresh Bhat,YouTube,64999,"08/06/2026, 07:59 PM",32400,Self Finance,Partial,
Jun-26,ADS,DA Meta Ads,FB,DA-B14,22/06/2026,Esha Menon,esha.menon965@outlook.com,6965639069,Sneha Iyer,Meta Ads,50999,"02/06/2026, 10:28 AM",24800,HDFC Credila,Partial,
Jun-26,YT Referral,DA Search Ads,SEM,DA-B14,08/06/2026,Pallavi Joshi,pallavi.joshi315@rediffmail.com,8560277829,Arjun Nair,Meta Ads,65999,"21/06/2026, 07:26 PM",23000,Eduvanz,Paid,
Jun-26,ADS,CS Search Ads,GADS,CS-B04,06/06/2026,Chetan Nair,chetannair252@hotmail.com,6604046057,Deepak Verma,Organic,60999,"01/06/2026, 10:30 AM",24800,Self Finance,Paid,
Jun-26,ADS,DA Meta Ads,META,DA-B13,14/06/2026,Sandeep Rajan,sandeep_rajan773@hotmail.com,7888103442,Suresh Bhat,YouTube,64999,"29/06/2026, 01:43 PM",17300,Self Finance,Partial,
Jun-26,YT,DM Meta Ads,FB,DM-B08,17/06/2026,Sahil Mehta,sahil.mehta@rediffmail.com,7692792036,Meera Pillai,YouTube,41999,"18/06/2026, 04:48 PM",16600,Propelld,Pending,
Jun-26,ADS,DS Meta Ads,META,DS-B09,29/06/2026,Kavya Kumar,kavyakumar538@gmail.com,9190374617,Sneha Iyer,Google Ads,79999,"19/06/2026, 07:17 PM",22900,Self Finance,Paid,
Jun-26,ADS,DA Search Ads,SEM,DA-B14,04/06/2026,Suresh Naidu,suresh_naidu463@rediffmail.com,6549856482,Arjun Nair,YouTube,64999,"04/06/2026, 07:22 PM",31900,Self Finance,Loan Disbursed,
Jun-26,ADS,DS Search Ads,SEM,DS-B10,01/06/2026,Rohan Bose,rohan_bose706@rediffmail.com,6375140513,Deepak Verma,Referral,60999,"19/06/2026, 05:58 PM",14600,HDFC Credila,Paid,
Jun-26,ADS Referral,DA Meta Ads,FB,DA-B13,07/06/2026,Sakshi Kapoor,sakshi.kapoor32@hotmail.com,9202642936,Vikram Das,Meta Ads,64999,"13/06/2026, 09:35 AM",25600,Auxilo,Paid,
Jun-26,ADS,DA Meta Ads,META,DA-B14,20/06/2026,Deepak Ghosh,deepakghosh492@outlook.com,8481230508,Vikram Das,Meta Ads,68999,"13/06/2026, 09:31 AM",17400,HDFC Credila,Paid,
Jun-26,ADS,Gen AI Meta Ads,FB,GENAI-B03,07/06/2026,Sahil Agarwal,sahil.agarwal318@yahoo.com,7414196107,Sneha Iyer,Meta Ads,56999,"29/06/2026, 11:08 AM",15800,Self Finance,Pending,
Jun-26,ADS,DA Meta Ads,INST,DA-B12,18/06/2026,Nikhil Pandey,nikhil.pandey862@rediffmail.com,9959734820,Deepak Verma,Referral,61999,"01/06/2026, 01:09 PM",18300,Self Finance,Paid,
Jun-26,ADS,Gen AI Search Ads,SEM,GENAI-B04,15/06/2026,Chetan Gupta,chetan_gupta942@outlook.com,7059845747,Meera Pillai,Meta Ads,76999,"03/06/2026, 04:18 PM",20100,Self Finance,Pending,
Jun-26,ADS,CS Search Ads,GSN,CS-B04,08/06/2026,Chetan Murthy,chetan.murthy926@yahoo.com,6406462572,Arjun Nair,Meta Ads,55999,"24/06/2026, 10:35 PM",18700,Eduvanz,Pending,
Jun-26,YT,Gen AI Search Ads,GSN,GENAI-B03,25/06/2026,Bhavna Iyer,bhavna.iyer678@outlook.com,7981673578,Ananya Joshi,Google Ads,66999,"26/06/2026, 05:08 PM",18100,Self Finance,Pending,
Jun-26,ADS Referral,Gen AI Search Ads,SEM,GENAI-B03,14/06/2026,Sneha Gupta,sneha.gupta718@outlook.com,8078296611,Priya Sharma,Organic,76999,"07/06/2026, 04:17 PM",16700,Self Finance,Paid,
Jun-26,ADS,DS Search Ads,GSN,DS-B10,28/06/2026,Chetan Joshi,chetan.joshi326@outlook.com,9377263183,Kavya Reddy,Meta Ads,74999,"12/06/2026, 12:07 PM",22200,Self Finance,Paid,
Jun-26,YT Referral,DA Search Ads,SEM,DA-B13,04/06/2026,Dhruv Kumar,dhruv_kumar52@outlook.com,9323341570,Meera Pillai,Google Ads,59999,"07/06/2026, 02:02 PM",27500,Propelld,Paid,
Jun-26,ADS,Gen AI Search Ads,GADS,GENAI-B03,30/06/2026,Sneha Shetty,sneha_shetty@hotmail.com,8603228366,Arjun Nair,Meta Ads,64999,"30/06/2026, 02:39 PM",18800,,Paid,
Jun-26,ADS Referral,CS Search Ads,GADS,CS-B05,04/06/2026,Manish Rajan,manishrajan@hotmail.com,8657153191,Vikram Das,Organic,60999,"19/06/2026, 01:14 PM",29200,NBFC Direct,Paid,
Jun-26,ADS,DM Meta Ads,FB,DM-B07,15/06/2026,Manish Chopra,manish_chopra147@gmail.com,8499796868,Arjun Nair,Email,45999,"10/06/2026, 02:39 PM",16300,NBFC Direct,Loan Disbursed,29/06/2026
Jun-26,ADS,DA Search Ads,SEM,DA-B12,06/06/2026,Dhruv Bose,dhruv_bose248@yahoo.com,7689891677,Vikram Das,Meta Ads,61999,"10/06/2026, 11:33 AM",22300,Auxilo,Paid,
Jun-26,ADS,Gen AI Search Ads,GADS,GENAI-B03,13/06/2026,Aarav Nair,aaravnair@gmail.com,9368130690,Meera Pillai,Organic,76999,"06/06/2026, 09:58 PM",16800,Eduvanz,Loan Disbursed,21/06/2026
Jun-26,ADS,Gen AI Meta Ads,META,GENAI-B04,13/06/2026,Ravi Fernandes,ravifernandes909@outlook.com,7330658675,Suresh Bhat,Meta Ads,55999,"15/06/2026, 08:24 PM",21400,Propelld,Pending,
Jun-26,YT,DS Search Ads,SEM,DS-B08,27/06/2026,Gaurav Bose,gauravbose261@outlook.com,9544918432,Rahul Menon,Google Ads,82999,"21/06/2026, 08:11 PM",39200,Self Finance,Paid,
Jun-26,YT Referral,DA Meta Ads,META,DA-B14,06/06/2026,Divya Jain,divya.jain210@yahoo.com,8001340976,Ananya Joshi,Google Ads,68999,"17/06/2026, 09:55 PM",17600,Self Finance,Paid,
Jun-26,ADS,Gen AI Search Ads,GADS,GENAI-B04,27/06/2026,Meera Agarwal,meeraagarwal@rediffmail.com,8877095084,Meera Pillai,Meta Ads,74999,"17/06/2026, 09:05 AM",17900,Self Finance,Loan Disbursed,
Jun-26,ADS,DA Meta Ads,INST,DA-B14,11/06/2026,Aditya Pandey,adityapandey458@rediffmail.com,6208298783,Suresh Bhat,Meta Ads,61999,"27/06/2026, 11:00 AM",24400,Self Finance,Paid,
Jun-26,YT,DA Meta Ads,INST,DA-B14,04/06/2026,Jaya Naidu,jaya.naidu@gmail.com,6285870410,Sneha Iyer,Meta Ads,59999,"06/06/2026, 04:59 PM",15500,Propelld,Loan Disbursed,18/06/2026
Jun-26,YT Referral,CS Search Ads,GSN,CS-B04,24/06/2026,Kavya Das,kavyadas@gmail.com,6704964922,Arjun Nair,Email,56999,"06/06/2026, 09:03 AM",14900,Self Finance,Partial,
Jun-26,ADS,DS Search Ads,GSN,DS-B09,17/06/2026,Amit Chopra,amitchopra@gmail.com,7120839861,Kavya Reddy,Meta Ads,76999,"16/06/2026, 11:38 AM",24400,Self Finance,Paid,
Jun-26,ADS Referral,CS Search Ads,GADS,CS-B04,28/06/2026,Pooja Sharma,pooja.sharma159@rediffmail.com,9873617783,Sneha Iyer,Meta Ads,54999,"08/06/2026, 02:00 PM",12100,,Refunded,
Jun-26,ADS,CS Search Ads,GADS,CS-B04,06/06/2026,Anjali Iyer,anjali.iyer@gmail.com,6966025859,Priya Sharma,Meta Ads,62999,"17/06/2026, 04:20 PM",14100,Auxilo,Paid,
Jun-26,ADS Referral,DA Meta Ads,META,DA-B12,17/06/2026,Chetan Shah,chetan.shah@outlook.com,8588588548,Rahul Menon,Meta Ads,51999,"10/06/2026, 01:24 PM",24700,Self Finance,Paid,
Jun-26,ADS,DS Meta Ads,META,DS-B10,15/06/2026,Amit Nair,amit_nair@yahoo.com,9741480515,Ananya Joshi,Google Ads,73999,"17/06/2026, 09:14 PM",20900,Self Finance,Loan Disbursed,
Jun-26,ADS,BA Search Ads,GSN,BA-B05,05/06/2026,Ravi Reddy,ravi_reddy@gmail.com,7979635399,Rahul Menon,Meta Ads,47999,"16/06/2026, 11:11 AM",17600,Self Finance,Paid,
Jun-26,YT Referral,Gen AI Meta Ads,META,GENAI-B03,28/06/2026,Vijay Singh,vijaysingh65@hotmail.com,6144880241,Meera Pillai,Meta Ads,66999,"19/06/2026, 11:15 AM",17900,Eduvanz,Paid,
Jun-26,ADS,DS Search Ads,GSN,DS-B10,21/06/2026,Gaurav Singh,gauravsingh@hotmail.com,7109243825,Sneha Iyer,YouTube,70999,"04/06/2026, 05:53 PM",18200,,Partial,
Jun-26,YT Referral,BA Search Ads,GADS,BA-B06,17/06/2026,Geeta Ghosh,geeta_ghosh@outlook.com,8485200790,Arjun Nair,Meta Ads,46999,"05/06/2026, 08:51 PM",16300,Self Finance,Pending,
Jun-26,YT,BA Search Ads,GSN,BA-B05,29/06/2026,Rohan Murthy,rohan.murthy216@outlook.com,8380175362,Deepak Verma,YouTube,56999,"28/06/2026, 10:10 AM",18700,NBFC Direct,Paid,
Jun-26,ADS,Gen AI Search Ads,GSN,GENAI-B03,03/06/2026,Swati Bose,swati.bose256@rediffmail.com,7275780329,Sneha Iyer,Google Ads,67999,"25/06/2026, 07:59 PM",15800,Self Finance,Paid,
Jun-26,ADS,Gen AI Meta Ads,META,GENAI-B03,13/06/2026,Yash Naidu,yash.naidu992@rediffmail.com,9336829365,Rahul Menon,YouTube,62999,"27/06/2026, 06:32 PM",19700,Self Finance,Paid,
Jun-26,ADS Referral,CS Search Ads,GSN,CS-B05,25/06/2026,Mohit Kumar,mohitkumar922@hotmail.com,6684262383,Ananya Joshi,Google Ads,54999,"13/06/2026, 08:41 PM",13100,Self Finance,Paid,
Jun-26,YT,DA Meta Ads,FB,DA-B12,14/06/2026,Geeta Ghosh,geetaghosh562@outlook.com,7989313729,Sneha Iyer,Meta Ads,66999,"24/06/2026, 07:44 PM",31500,Self Finance,Loan Disbursed,
Jun-26,YT Referral,DS Search Ads,SEM,DS-B09,17/06/2026,Swati Fernandes,swatifernandes@outlook.com,8543549193,Vikram Das,Meta Ads,75999,"13/06/2026, 06:02 PM",35600,,Loan Disbursed,
Jun-26,YT,Gen AI Meta Ads,FB,GENAI-B04,29/06/2026,Uday Chopra,udaychopra800@hotmail.com,9256811076,Vikram Das,Google Ads,61999,"14/06/2026, 09:42 AM",17800,Eduvanz,Paid,
Jun-26,ADS,DA Search Ads,GSN,DA-B12,26/06/2026,Pradeep Pillai,pradeep.pillai@gmail.com,7695747737,Kavya Reddy,Meta Ads,53999,"09/06/2026, 03:59 PM",26300,Propelld,Partial,
Jun-26,ADS Referral,DS Search Ads,SEM,DS-B10,13/06/2026,Vishal Desai,vishal_desai@gmail.com,6798108209,Rahul Menon,Referral,81999,"18/06/2026, 08:52 PM",24600,Propelld,Loan Disbursed,20/06/2026
Jun-26,ADS,Gen AI Meta Ads,META,GENAI-B04,26/06/2026,Meera Tiwari,meera.tiwari@yahoo.com,9882607433,Meera Pillai,Organic,57999,"30/06/2026, 11:36 AM",12700,,Paid,
Jun-26,ADS,DS Meta Ads,FB,DS-B09,21/06/2026,Sandeep Varma,sandeep.varma@hotmail.com,7576016049,Ananya Joshi,Referral,74999,"06/06/2026, 11:16 AM",36600,,Paid,
Jun-26,ADS,AI/ML Search Ads,SEM,AIML-B02,18/06/2026,Vishal Fernandes,vishal_fernandes@gmail.com,9156209858,Suresh Bhat,Google Ads,84999,"14/06/2026, 11:30 AM",29400,Self Finance,Pending,
Jun-26,ADS,Gen AI Meta Ads,META,GENAI-B03,27/06/2026,Tanvi Sharma,tanvisharma376@hotmail.com,8376578645,Meera Pillai,Meta Ads,67999,"18/06/2026, 08:54 PM",30200,Propelld,Partial,
Jun-26,YT Referral,BA Search Ads,GADS,BA-B06,10/06/2026,Akash Ghosh,akashghosh973@rediffmail.com,8111546328,Kavya Reddy,Meta Ads,45999,"23/06/2026, 09:24 AM",19800,Self Finance,Paid,
Jun-26,ADS,DA Search Ads,GADS,DA-B14,04/06/2026,Karan Varma,karan.varma@outlook.com,7386092348,Priya Sharma,Google Ads,63999,"12/06/2026, 09:29 PM",16100,Auxilo,Loan Disbursed,25/06/2026
Jun-26,ADS Referral,DA Meta Ads,META,DA-B13,09/06/2026,Swati Desai,swati.desai205@gmail.com,9505315169,Arjun Nair,YouTube,69999,"26/06/2026, 11:11 AM",16500,Auxilo,Partial,
Jun-26,ADS,DA Search Ads,GSN,DA-B13,28/06/2026,Aryan Desai,aryan.desai430@gmail.com,7469724895,Priya Sharma,Meta Ads,50999,"08/06/2026, 04:26 PM",16900,Eduvanz,Paid,
Jun-26,ADS,DA Meta Ads,FB,DA-B14,25/06/2026,Divya Jain,divya_jain593@outlook.com,6521527489,Vikram Das,Organic,59999,"13/06/2026, 10:23 AM",24500,Eduvanz,Paid,
Jun-26,YT,DA Search Ads,GSN,DA-B14,11/06/2026,Swati Fernandes,swati_fernandes717@gmail.com,7767840043,Meera Pillai,Google Ads,62999,"22/06/2026, 05:49 PM",20800,Self Finance,Paid,
Jun-26,YT Referral,CS Search Ads,GSN,CS-B04,11/06/2026,Gaurav Tiwari,gaurav_tiwari@hotmail.com,9438937998,Suresh Bhat,Google Ads,51999,"30/06/2026, 03:01 PM",23900,Self Finance,Paid,
Jun-26,ADS,DM Meta Ads,INST,DM-B08,04/06/2026,Anjali Tiwari,anjalitiwari984@gmail.com,6955390374,Ananya Joshi,Google Ads,45999,"06/06/2026, 10:52 PM",14900,Self Finance,Paid,
Jun-26,ADS Referral,DS Search Ads,GADS,DS-B08,30/06/2026,Suresh Iyer,sureshiyer@yahoo.com,9467696242,Deepak Verma,Referral,69999,"03/06/2026, 12:12 PM",31100,Self Finance,Paid,
Jun-26,ADS,CS Search Ads,GADS,CS-B05,04/06/2026,Dhruv Ghosh,dhruv_ghosh713@hotmail.com,8843048663,Ananya Joshi,Google Ads,59999,"06/06/2026, 04:11 PM",28500,Self Finance,Paid,
Jun-26,ADS,DA Meta Ads,META,DA-B12,12/06/2026,Yash Bose,yashbose417@yahoo.com,8212029636,Rahul Menon,Organic,52999,"24/06/2026, 09:44 AM",10800,Self Finance,Paid,
Jun-26,ADS Referral,DA Search Ads,SEM,DA-B14,13/06/2026,Sneha Agarwal,snehaagarwal215@hotmail.com,9385374100,Meera Pillai,YouTube,66999,"09/06/2026, 10:22 PM",15800,Self Finance,Paid,
Jun-26,ADS,Gen AI Search Ads,GSN,GENAI-B04,22/06/2026,Dhruv Rao,dhruv_rao@hotmail.com,9463002672,Kavya Reddy,Google Ads,61999,"23/06/2026, 10:48 AM",20800,Propelld,Paid,
Jun-26,ADS,DA Search Ads,GADS,DA-B14,29/06/2026,Ishaan Iyer,ishaan.iyer829@hotmail.com,6650697874,Vikram Das,YouTube,50999,"29/06/2026, 12:57 PM",18400,Self Finance,Partial,
Jun-26,ADS Referral,DA Search Ads,GADS,DA-B13,19/06/2026,Karan Rao,karanrao136@gmail.com,7186840745,Priya Sharma,Google Ads,67999,"12/06/2026, 08:35 PM",17700,Eduvanz,Loan Disbursed,10/06/2026
Jun-26,ADS,DA Search Ads,GSN,DA-B13,27/06/2026,Rohan Das,rohan_das@outlook.com,8214259845,Kavya Reddy,Meta Ads,61999,"29/06/2026, 09:35 AM",20100,,Partial,
Jun-26,ADS,DA Search Ads,GSN,DA-B14,21/06/2026,Aditya Kumar,adityakumar700@rediffmail.com,8834629079,Arjun Nair,Google Ads,53999,"05/06/2026, 12:19 PM",23800,Auxilo,Paid,
Jun-26,ADS,Gen AI Search Ads,GADS,GENAI-B04,27/06/2026,Sneha Pandey,snehapandey265@outlook.com,9559373170,Priya Sharma,Google Ads,72999,"22/06/2026, 10:58 AM",23000,Self Finance,Paid,
Jun-26,ADS,Gen AI Meta Ads,META,GENAI-B03,15/06/2026,Aarav Kumar,aaravkumar606@gmail.com,6843672862,Sneha Iyer,Google Ads,65999,"05/06/2026, 10:53 PM",26800,Self Finance,Partial,
Jun-26,ADS,DA Search Ads,GSN,DA-B12,19/06/2026,Sneha Rajan,sneharajan@gmail.com,7351371086,Suresh Bhat,YouTube,55999,"19/06/2026, 01:02 PM",25200,NBFC Direct,Paid,
Jun-26,ADS Referral,Gen AI Search Ads,GSN,GENAI-B04,03/06/2026,Deepak Fernandes,deepak_fernandes@rediffmail.com,8846598354,Arjun Nair,Meta Ads,68999,"16/06/2026, 01:38 PM",27500,HDFC Credila,Partial,
Jun-26,YT,DA Meta Ads,META,DA-B13,13/06/2026,Esha Verma,esha_verma@yahoo.com,9820243321,Suresh Bhat,YouTube,63999,"12/06/2026, 02:28 PM",31500,Self Finance,Loan Disbursed,
Jun-26,ADS,CS Search Ads,GADS,CS-B05,30/06/2026,Anjali Gupta,anjali_gupta@gmail.com,9882654589,Deepak Verma,Referral,54999,"10/06/2026, 01:28 PM",24900,Auxilo,Paid,
Jun-26,ADS Referral,DA Meta Ads,FB,DA-B12,20/06/2026,Ananya Pillai,ananya_pillai@hotmail.com,7257200048,Rahul Menon,Google Ads,61999,"07/06/2026, 08:11 PM",21700,,Pending,
Jun-26,ADS,DA Search Ads,SEM,DA-B12,09/06/2026,Pallavi Tiwari,pallavitiwari@gmail.com,8341072868,Sneha Iyer,Google Ads,50999,"30/06/2026, 11:46 AM",16800,Self Finance,Paid,
Jun-26,ADS Referral,DA Search Ads,GADS,DA-B12,20/06/2026,Kritika Verma,kritikaverma923@outlook.com,7355432673,Vikram Das,Organic,61999,"11/06/2026, 03:19 PM",12400,Self Finance,Partial,
Jun-26,ADS,DM Meta Ads,META,DM-B08,06/06/2026,Meera Singh,meerasingh93@gmail.com,6972614783,Priya Sharma,WhatsApp,42999,"05/06/2026, 03:17 PM",12000,Propelld,Paid,
Jun-26,YT,DA Meta Ads,FB,DA-B14,21/06/2026,Vinay Desai,vinaydesai@outlook.com,8264883444,Suresh Bhat,Meta Ads,61999,"29/06/2026, 08:36 PM",16300,Propelld,Loan Disbursed,22/06/2026
Jun-26,ADS,BA Meta Ads,META,BA-B05,18/06/2026,Varun Singh,varun.singh@hotmail.com,8574296254,Arjun Nair,Meta Ads,49999,"13/06/2026, 01:54 PM",17300,,Paid,
Jun-26,ADS Referral,DS Search Ads,GADS,DS-B08,18/06/2026,Gaurav Chopra,gauravchopra716@yahoo.com,8643388125,Sneha Iyer,YouTube,65999,"07/06/2026, 10:52 PM",28800,Propelld,Partial,
Jun-26,ADS,DA Search Ads,GADS,DA-B14,26/06/2026,Jaya Chopra,jaya_chopra@gmail.com,7983529135,Arjun Nair,Google Ads,59999,"01/06/2026, 12:36 PM",28600,Propelld,Partial,
Jun-26,YT Referral,DA Search Ads,GSN,DA-B12,14/06/2026,Chetan Nair,chetannair729@yahoo.com,7598563385,Vikram Das,Google Ads,58999,"03/06/2026, 04:52 PM",18100,Self Finance,Pending,
Jun-26,ADS Referral,DA Search Ads,SEM,DA-B14,29/06/2026,Ishaan Jain,ishaanjain919@rediffmail.com,8174539066,Arjun Nair,Referral,63999,"14/06/2026, 10:05 AM",26900,,Partial,
Jun-26,YT,DA Search Ads,SEM,DA-B14,02/06/2026,Bhavna Kumar,bhavna.kumar334@gmail.com,9841935639,Kavya Reddy,Meta Ads,64999,"04/06/2026, 02:25 PM",21400,Propelld,Paid,
Jun-26,YT Referral,DA Search Ads,GSN,DA-B13,02/06/2026,Pradeep Verma,pradeep_verma@rediffmail.com,6193039164,Sneha Iyer,Email,54999,"23/06/2026, 09:31 PM",26600,Propelld,Paid,
Jun-26,ADS Referral,Gen AI Search Ads,GADS,GENAI-B03,21/06/2026,Akash Rao,akash_rao950@rediffmail.com,6930796418,Kavya Reddy,WhatsApp,69999,"10/06/2026, 09:02 PM",16700,HDFC Credila,Pending,
Jun-26,YT,BA Search Ads,GADS,BA-B06,21/06/2026,Esha Nair,esha.nair@hotmail.com,7048258026,Meera Pillai,Google Ads,53999,"29/06/2026, 04:52 PM",23800,Propelld,Paid,
Jun-26,YT Referral,DA Meta Ads,META,DA-B13,13/06/2026,Ravi Varma,ravivarma@outlook.com,6199670105,Rahul Menon,Organic,66999,"13/06/2026, 10:10 PM",31900,HDFC Credila,Pending,
Jun-26,ADS,Gen AI Meta Ads,META,GENAI-B04,30/06/2026,Nandini Singh,nandini_singh@outlook.com,7891933742,Sneha Iyer,YouTube,68999,"23/06/2026, 10:09 AM",23100,Self Finance,Paid,
Jun-26,YT,Gen AI Search Ads,SEM,GENAI-B03,27/06/2026,Uday Verma,uday.verma@rediffmail.com,7028990235,Vikram Das,Referral,76999,"24/06/2026, 09:09 PM",34500,Self Finance,Paid,
Jun-26,ADS,DA Meta Ads,INST,DA-B14,25/06/2026,Rohan Varma,rohan.varma260@hotmail.com,9575920034,Suresh Bhat,YouTube,58999,"14/06/2026, 10:21 PM",19800,Propelld,Loan Disbursed,23/06/2026
Jun-26,ADS Referral,DA Meta Ads,META,DA-B12,15/06/2026,Kavya Nair,kavya_nair776@yahoo.com,7173599013,Priya Sharma,Meta Ads,57999,"21/06/2026, 10:31 PM",26500,Eduvanz,Partial,
Jun-26,ADS,Gen AI Search Ads,SEM,GENAI-B03,29/06/2026,Uday Rajan,udayrajan@outlook.com,9625209762,Deepak Verma,Google Ads,73999,"20/06/2026, 10:51 PM",23100,HDFC Credila,Loan Disbursed,19/06/2026
Jun-26,YT,DA Search Ads,SEM,DA-B13,19/06/2026,Nikhil Bose,nikhil.bose665@yahoo.com,6466172329,Sneha Iyer,Google Ads,62999,"27/06/2026, 06:09 PM",20200,Self Finance,Paid,
Jun-26,YT,Gen AI Meta Ads,META,GENAI-B04,30/06/2026,Rohan Verma,rohan.verma559@gmail.com,8840340343,Deepak Verma,Meta Ads,56999,"12/06/2026, 10:16 PM",28200,,Loan Disbursed,
Jun-26,ADS,BA Search Ads,GSN,BA-B05,21/06/2026,Akash Kumar,akash.kumar736@hotmail.com,7202489967,Rahul Menon,Google Ads,57999,"02/06/2026, 12:19 PM",12500,Self Finance,Loan Disbursed,
Jun-26,ADS,DA Meta Ads,FB,DA-B12,26/06/2026,Rahul Desai,rahul.desai242@yahoo.com,6354137715,Kavya Reddy,YouTube,61999,"01/06/2026, 11:25 AM",18400,Self Finance,Paid,
Jun-26,ADS,DS Search Ads,SEM,DS-B08,12/06/2026,Vijay Bose,vijaybose858@outlook.com,7365327769,Arjun Nair,Organic,60999,"01/06/2026, 05:35 PM",12300,Eduvanz,Loan Disbursed,15/06/2026
Jun-26,ADS,DS Search Ads,GSN,DS-B09,25/06/2026,Aryan Singh,aryansingh@outlook.com,7257756197,Ananya Joshi,Referral,60999,"04/06/2026, 08:57 PM",22700,Self Finance,Partial,
Jun-26,ADS,BA Meta Ads,INST,BA-B06,07/06/2026,Arjun Fernandes,arjun_fernandes@outlook.com,6503201837,Kavya Reddy,Meta Ads,55999,"04/06/2026, 08:20 PM",27900,HDFC Credila,Pending,
Jun-26,YT,AI/ML Search Ads,SEM,AIML-B03,27/06/2026,Varun Iyer,varun.iyer840@rediffmail.com,8054550427,Priya Sharma,Google Ads,70999,"24/06/2026, 11:14 AM",21900,Eduvanz,Paid,
Jun-26,ADS,DM Meta Ads,META,DM-B07,18/06/2026,Meera Ghosh,meera_ghosh@hotmail.com,6616250215,Vikram Das,YouTube,46999,"23/06/2026, 07:53 PM",14300,Eduvanz,Paid,
Jun-26,YT Referral,CS Search Ads,GSN,CS-B05,20/06/2026,Lakshmi Reddy,lakshmi.reddy653@outlook.com,8494888364,Priya Sharma,Meta Ads,66999,"25/06/2026, 09:15 PM",26800,Propelld,Loan Disbursed,08/06/2026
Jun-26,ADS,CS Search Ads,GSN,CS-B04,21/06/2026,Sakshi Menon,sakshimenon148@rediffmail.com,7250929209,Priya Sharma,YouTube,67999,"20/06/2026, 12:32 PM",30900,Self Finance,Partial,
Jun-26,ADS,DS Meta Ads,META,DS-B08,03/06/2026,Varun Gupta,varungupta@gmail.com,8751504173,Priya Sharma,Meta Ads,81999,"29/06/2026, 10:53 PM",35700,Propelld,Paid,
Jun-26,YT,BA Search Ads,GSN,BA-B05,11/06/2026,Gaurav Rajan,gaurav_rajan589@outlook.com,9100055687,Deepak Verma,Referral,57999,"20/06/2026, 03:25 PM",14700,,Paid,
Jun-26,YT,Gen AI Search Ads,SEM,GENAI-B03,07/06/2026,Pooja Iyer,poojaiyer@outlook.com,9054680803,Kavya Reddy,Google Ads,67999,"27/06/2026, 10:03 PM",17700,Self Finance,Paid,
Jun-26,YT Referral,DA Meta Ads,META,DA-B12,23/06/2026,Harish Sharma,harishsharma429@hotmail.com,9773810512,Vikram Das,Google Ads,61999,"22/06/2026, 02:22 PM",25200,HDFC Credila,Paid,
Jun-26,YT,Gen AI Meta Ads,FB,GENAI-B04,26/06/2026,Aditya Verma,aditya_verma908@hotmail.com,7947950579,Kavya Reddy,Referral,66999,"29/06/2026, 03:58 PM",17200,,Paid,
Jun-26,YT Referral,BA Search Ads,GSN,BA-B05,19/06/2026,Akash Jain,akashjain@rediffmail.com,7487946025,Kavya Reddy,YouTube,45999,"10/06/2026, 04:06 PM",13300,HDFC Credila,Partial,
Jun-26,YT,CS Search Ads,GSN,CS-B05,16/06/2026,Shruti Shetty,shruti.shetty595@outlook.com,7304258979,Ananya Joshi,Meta Ads,56999,"09/06/2026, 09:48 PM",12400,Auxilo,Paid,
Jun-26,ADS,DS Search Ads,SEM,DS-B10,07/06/2026,Meera Agarwal,meera_agarwal923@yahoo.com,9404995249,Rahul Menon,Meta Ads,74999,"30/06/2026, 02:16 PM",25800,HDFC Credila,Pending,
Jun-26,ADS,DM Meta Ads,INST,DM-B07,02/06/2026,Rahul Gupta,rahulgupta@hotmail.com,8753411024,Rahul Menon,Google Ads,49999,"10/06/2026, 11:49 AM",10500,Auxilo,Loan Disbursed,05/06/2026
Jun-26,YT Referral,DS Search Ads,GADS,DS-B10,18/06/2026,Nikhil Gupta,nikhil.gupta@rediffmail.com,8430847013,Suresh Bhat,Google Ads,65999,"23/06/2026, 04:29 PM",14400,Self Finance,Pending,
Jun-26,YT Referral,DM Meta Ads,META,DM-B07,06/06/2026,Varun Rao,varunrao@outlook.com,7607924585,Sneha Iyer,Google Ads,44999,"03/06/2026, 09:48 PM",13200,Propelld,Paid,
Jun-26,ADS,DS Search Ads,GSN,DS-B09,09/06/2026,Varun Naidu,varunnaidu135@hotmail.com,8726200300,Arjun Nair,Meta Ads,73999,"10/06/2026, 08:30 PM",29800,Eduvanz,Refunded,
Jun-26,YT,DS Meta Ads,FB,DS-B08,08/06/2026,Meera Agarwal,meera.agarwal685@rediffmail.com,6970952703,Kavya Reddy,Referral,64999,"22/06/2026, 05:08 PM",19400,,Loan Disbursed,
Jun-26,ADS,DS Search Ads,GADS,DS-B10,12/06/2026,Sneha Desai,snehadesai859@gmail.com,7766001294,Meera Pillai,WhatsApp,73999,"23/06/2026, 06:33 PM",16500,Propelld,Partial,
Jun-26,ADS Referral,CS Search Ads,GADS,CS-B05,29/06/2026,Priya Kumar,priyakumar457@outlook.com,8085089004,Vikram Das,Google Ads,63999,"25/06/2026, 07:55 PM",16800,Eduvanz,Loan Disbursed,19/06/2026
Jun-26,YT,DA Search Ads,GADS,DA-B14,28/06/2026,Mohit Kapoor,mohitkapoor319@gmail.com,6189206740,Deepak Verma,Google Ads,63999,"19/06/2026, 05:06 PM",26900,NBFC Direct,Partial,
Jun-26,YT,DS Meta Ads,META,DS-B10,19/06/2026,Vishal Rao,vishalrao385@gmail.com,8316195458,Meera Pillai,Meta Ads,82999,"12/06/2026, 10:02 AM",27700,HDFC Credila,Paid,
Jun-26,ADS Referral,DA Meta Ads,INST,DA-B14,25/06/2026,Vishal Joshi,vishaljoshi388@outlook.com,9713266456,Rahul Menon,Email,69999,"16/06/2026, 07:14 PM",27000,Self Finance,Paid,
Jun-26,YT,BA Meta Ads,INST,BA-B06,25/06/2026,Kavya Rajan,kavyarajan149@hotmail.com,7999204186,Priya Sharma,Google Ads,46999,"21/06/2026, 04:59 PM",13600,Self Finance,Pending,
Jun-26,YT,BA Meta Ads,META,BA-B06,30/06/2026,Gaurav Yadav,gauravyadav858@rediffmail.com,8971387221,Meera Pillai,Google Ads,49999,"13/06/2026, 09:28 PM",19900,,Loan Disbursed,
Jun-26,ADS Referral,BA Meta Ads,META,BA-B05,13/06/2026,Isha Murthy,isha_murthy272@gmail.com,9127835310,Suresh Bhat,YouTube,48999,"18/06/2026, 11:33 AM",12500,Propelld,Loan Disbursed,25/06/2026
Jun-26,YT,DS Meta Ads,FB,DS-B10,30/06/2026,Rohan Joshi,rohan.joshi862@gmail.com,9277874762,Ananya Joshi,Email,84999,"19/06/2026, 12:03 PM",22300,Self Finance,Pending,
Jun-26,ADS Referral,DM Meta Ads,INST,DM-B08,13/06/2026,Gaurav Ghosh,gaurav_ghosh@yahoo.com,8191484472,Kavya Reddy,Meta Ads,44999,"26/06/2026, 10:16 AM",10200,Self Finance,Partial,
Jun-26,ADS,DA Meta Ads,INST,DA-B12,12/06/2026,Vishal Fernandes,vishal.fernandes24@gmail.com,6154510715,Rahul Menon,Google Ads,58999,"21/06/2026, 12:46 PM",15200,Self Finance,Partial,
Jun-26,ADS,DS Meta Ads,FB,DS-B09,10/06/2026,Deepa Reddy,deepa_reddy@hotmail.com,9038043807,Ananya Joshi,Meta Ads,72999,"02/06/2026, 08:25 PM",30200,Propelld,Paid,
Jun-26,ADS,DA Meta Ads,INST,DA-B12,23/06/2026,Vijay Kumar,vijay_kumar708@hotmail.com,7052914351,Sneha Iyer,Google Ads,64999,"10/06/2026, 09:02 AM",28100,Self Finance,Pending,
Jun-26,ADS,DS Search Ads,GADS,DS-B10,22/06/2026,Bhavna Kapoor,bhavna_kapoor@rediffmail.com,6530695392,Sneha Iyer,Google Ads,71999,"22/06/2026, 07:08 PM",22900,Eduvanz,Paid,
Jun-26,YT,Gen AI Meta Ads,META,GENAI-B04,19/06/2026,Pradeep Desai,pradeep.desai@gmail.com,6425192235,Sneha Iyer,WhatsApp,64999,"03/06/2026, 09:15 PM",18500,Propelld,Partial,
Jun-26,ADS,DA Meta Ads,FB,DA-B12,18/06/2026,Uday Patel,uday.patel128@rediffmail.com,9553892504,Suresh Bhat,Google Ads,60999,"06/06/2026, 07:07 PM",29900,Self Finance,Paid,
Jun-26,ADS,Gen AI Meta Ads,FB,GENAI-B04,09/06/2026,Hemant Joshi,hemant.joshi727@outlook.com,6155946982,Deepak Verma,Meta Ads,72999,"24/06/2026, 04:31 PM",28500,NBFC Direct,Paid,
Jun-26,YT,DS Meta Ads,META,DS-B09,09/06/2026,Rohit Rajan,rohitrajan875@outlook.com,6526311686,Rahul Menon,Meta Ads,82999,"01/06/2026, 07:23 PM",34200,Self Finance,Partial,
Jun-26,ADS,BA Meta Ads,META,BA-B05,30/06/2026,Amit Rao,amit_rao372@gmail.com,6746204424,Meera Pillai,Referral,57999,"27/06/2026, 05:47 PM",14300,Self Finance,Pending,
Jun-26,ADS Referral,DS Search Ads,GSN,DS-B09,04/06/2026,Vinay Gupta,vinay.gupta@yahoo.com,8122156593,Suresh Bhat,Google Ads,67999,"11/06/2026, 04:13 PM",31600,Self Finance,Pending,
Jun-26,ADS,DA Meta Ads,FB,DA-B13,19/06/2026,Yash Reddy,yashreddy@gmail.com,6257993468,Kavya Reddy,Email,59999,"03/06/2026, 01:06 PM",28100,Eduvanz,Paid,
Jun-26,YT,BA Meta Ads,META,BA-B05,03/06/2026,Pallavi Kumar,pallavikumar262@rediffmail.com,7633721428,Ananya Joshi,Meta Ads,59999,"02/06/2026, 09:06 AM",26600,,Partial,
Jun-26,YT,BA Search Ads,GADS,BA-B06,14/06/2026,Shruti Mehta,shruti_mehta844@outlook.com,8121581235,Priya Sharma,Organic,59999,"08/06/2026, 04:03 PM",22400,NBFC Direct,Paid,
Jun-26,YT,DA Meta Ads,META,DA-B14,26/06/2026,Sandeep Singh,sandeepsingh534@hotmail.com,9817308753,Priya Sharma,Google Ads,61999,"17/06/2026, 03:34 PM",28500,Self Finance,Pending,
Jun-26,ADS,DA Meta Ads,FB,DA-B13,17/06/2026,Vishal Mehta,vishal_mehta956@gmail.com,8707552301,Kavya Reddy,Google Ads,57999,"24/06/2026, 02:42 PM",16800,Self Finance,Loan Disbursed,
Jun-26,ADS,DA Meta Ads,INST,DA-B13,20/06/2026,Meera Jain,meerajain@gmail.com,6377403914,Rahul Menon,YouTube,52999,"19/06/2026, 10:02 PM",15800,,Paid,
Jun-26,ADS Referral,CS Search Ads,GSN,CS-B04,07/06/2026,Deepa Rajan,deeparajan307@yahoo.com,8467969594,Priya Sharma,Google Ads,53999,"05/06/2026, 01:27 PM",25000,Self Finance,Paid,
Jun-26,YT,CS Search Ads,GADS,CS-B04,07/06/2026,Kavya Fernandes,kavya.fernandes@yahoo.com,6632967297,Suresh Bhat,Meta Ads,50999,"27/06/2026, 03:47 PM",21100,Self Finance,Paid,
Jun-26,ADS,AI/ML Search Ads,SEM,AIML-B03,03/06/2026,Rohit Chopra,rohit.chopra840@outlook.com,8893843076,Meera Pillai,Organic,78999,"01/06/2026, 02:56 PM",18800,Propelld,Partial,
Jun-26,ADS,Gen AI Search Ads,GADS,GENAI-B04,27/06/2026,Anjali Desai,anjalidesai746@gmail.com,8211362590,Priya Sharma,Referral,71999,"01/06/2026, 02:42 PM",19400,,Pending,
Jun-26,ADS,DA Meta Ads,META,DA-B13,25/06/2026,Divya Pandey,divyapandey38@gmail.com,8104929802,Arjun Nair,Organic,50999,"27/06/2026, 09:53 PM",23600,HDFC Credila,Paid,
Jun-26,ADS,DA Search Ads,SEM,DA-B14,02/06/2026,Ravi Rajan,ravi.rajan@outlook.com,6468914976,Ananya Joshi,Google Ads,52999,"22/06/2026, 10:56 AM",13600,,Paid,
Jun-26,ADS,DS Search Ads,SEM,DS-B10,19/06/2026,Pallavi Kapoor,pallavi_kapoor271@rediffmail.com,6222823296,Kavya Reddy,Referral,71999,"20/06/2026, 01:46 PM",21300,Eduvanz,Paid,
Jun-26,ADS Referral,DA Meta Ads,FB,DA-B14,08/06/2026,Pradeep Jain,pradeepjain@yahoo.com,8985886111,Suresh Bhat,Google Ads,50999,"25/06/2026, 10:33 PM",11800,Self Finance,Loan Disbursed,
Jun-26,ADS Referral,BA Search Ads,GSN,BA-B05,24/06/2026,Aryan Rajan,aryan_rajan24@gmail.com,8922939665,Vikram Das,Google Ads,56999,"04/06/2026, 08:02 PM",15700,Auxilo,Partial,
Jun-26,ADS,DA Meta Ads,META,DA-B14,06/06/2026,Sakshi Desai,sakshi_desai@gmail.com,7100511476,Suresh Bhat,Meta Ads,66999,"04/06/2026, 11:05 AM",22200,Eduvanz,Pending,
Jun-26,YT Referral,DS Search Ads,SEM,DS-B09,27/06/2026,Nikhil Mehta,nikhil.mehta@hotmail.com,8608365916,Meera Pillai,Google Ads,71999,"19/06/2026, 02:53 PM",35300,Self Finance,Paid,
Jun-26,YT,DS Search Ads,GADS,DS-B08,26/06/2026,Geeta Reddy,geetareddy318@outlook.com,7210952941,Suresh Bhat,Referral,63999,"13/06/2026, 01:43 PM",23300,NBFC Direct,Partial,
Jun-26,ADS,DA Meta Ads,FB,DA-B13,30/06/2026,Meera Yadav,meera_yadav483@yahoo.com,7842409453,Sneha Iyer,Email,59999,"29/06/2026, 01:58 PM",17900,,Paid,
Jun-26,ADS,DM Meta Ads,FB,DM-B07,11/06/2026,Kiran Sharma,kiran_sharma230@outlook.com,7494958226,Sneha Iyer,Meta Ads,45999,"21/06/2026, 09:20 AM",11900,,Loan Disbursed,
Jun-26,YT,Gen AI Search Ads,GADS,GENAI-B04,11/06/2026,Uday Patel,uday.patel@hotmail.com,8873131788,Vikram Das,Google Ads,64999,"26/06/2026, 11:01 AM",28400,Self Finance,Loan Disbursed,
Jun-26,ADS,Gen AI Meta Ads,FB,GENAI-B03,14/06/2026,Arjun Joshi,arjunjoshi@outlook.com,7216665827,Sneha Iyer,YouTube,69999,"17/06/2026, 01:45 PM",26900,Self Finance,Pending,
Jun-26,YT,Gen AI Meta Ads,META,GENAI-B03,22/06/2026,Gaurav Fernandes,gaurav_fernandes451@hotmail.com,8618757893,Suresh Bhat,Google Ads,65999,"03/06/2026, 02:45 PM",24000,Propelld,Partial,
Jun-26,ADS,Gen AI Meta Ads,FB,GENAI-B03,05/06/2026,Arjun Murthy,arjunmurthy399@gmail.com,7551807415,Vikram Das,YouTube,75999,"30/06/2026, 08:07 PM",33800,Propelld,Paid,
Jun-26,ADS Referral,BA Search Ads,GADS,BA-B05,22/06/2026,Vishal Hegde,vishal_hegde@rediffmail.com,7125931009,Ananya Joshi,YouTube,55999,"02/06/2026, 02:14 PM",20400,NBFC Direct,Partial,
Jun-26,ADS Referral,BA Search Ads,GSN,BA-B06,24/06/2026,Sahil Desai,sahildesai249@yahoo.com,9128366544,Meera Pillai,YouTube,55999,"09/06/2026, 06:32 PM",20800,Self Finance,Paid,
Jun-26,YT,DA Meta Ads,META,DA-B13,08/06/2026,Meera Naidu,meeranaidu762@hotmail.com,7649875298,Deepak Verma,Organic,62999,"12/06/2026, 11:39 AM",25200,HDFC Credila,Paid,
Jun-26,ADS,Gen AI Search Ads,GADS,GENAI-B03,30/06/2026,Kavya Pillai,kavyapillai791@yahoo.com,8388549350,Vikram Das,Referral,66999,"15/06/2026, 12:00 PM",32000,HDFC Credila,Paid,
Jun-26,YT,DM Meta Ads,INST,DM-B08,01/06/2026,Gaurav Iyer,gaurav_iyer28@hotmail.com,8941256674,Vikram Das,Meta Ads,48999,"14/06/2026, 06:03 PM",20800,Self Finance,Paid,
Jun-26,ADS,DS Meta Ads,FB,DS-B09,11/06/2026,Sakshi Murthy,sakshi_murthy692@hotmail.com,7578528267,Deepak Verma,Google Ads,62999,"07/06/2026, 09:57 AM",24100,HDFC Credila,Loan Disbursed,19/06/2026
Jun-26,ADS,AI/ML Search Ads,GSN,AIML-B03,10/06/2026,Hemant Jain,hemant_jain@rediffmail.com,8444453057,Meera Pillai,Organic,71999,"06/06/2026, 01:00 PM",31100,Eduvanz,Paid,
Jun-26,ADS Referral,Gen AI Search Ads,GSN,GENAI-B03,08/06/2026,Arjun Patel,arjun.patel387@yahoo.com,6439790140,Sneha Iyer,WhatsApp,70999,"13/06/2026, 03:47 PM",17800,Auxilo,Loan Disbursed,28/06/2026
Jun-26,ADS,CS Search Ads,GADS,CS-B04,02/06/2026,Ravi Chopra,ravi.chopra@gmail.com,9829913816,Vikram Das,Referral,56999,"21/06/2026, 10:27 AM",12900,Auxilo,Paid,
Jun-26,ADS,DA Meta Ads,FB,DA-B14,26/06/2026,Ananya Chopra,ananya.chopra@gmail.com,6303940064,Vikram Das,YouTube,66999,"08/06/2026, 12:03 PM",25000,,Paid,
Jun-26,ADS,Gen AI Search Ads,SEM,GENAI-B03,30/06/2026,Rohit Das,rohit.das@gmail.com,7884116391,Kavya Reddy,Meta Ads,64999,"10/06/2026, 09:06 AM",16500,Self Finance,Loan Disbursed,
Jun-26,ADS,DA Meta Ads,FB,DA-B13,25/06/2026,Aryan Reddy,aryan.reddy@gmail.com,9936953504,Suresh Bhat,YouTube,57999,"27/06/2026, 10:20 PM",25100,Self Finance,Paid,
Jun-26,ADS,DM Meta Ads,META,DM-B08,14/06/2026,Mohit Verma,mohit.verma@yahoo.com,7461442065,Deepak Verma,Referral,46999,"17/06/2026, 03:55 PM",18600,Auxilo,Paid,
Jun-26,ADS Referral,BA Meta Ads,META,BA-B06,17/06/2026,Chetan Fernandes,chetan.fernandes630@rediffmail.com,6181583479,Rahul Menon,Google Ads,54999,"16/06/2026, 01:15 PM",26400,,Paid,
Jun-26,YT Referral,DS Search Ads,GADS,DS-B09,25/06/2026,Meera Kumar,meera.kumar@gmail.com,7404815542,Suresh Bhat,Meta Ads,74999,"09/06/2026, 05:05 PM",36800,HDFC Credila,Loan Disbursed,01/06/2026
Jun-26,YT,CS Search Ads,GSN,CS-B05,01/06/2026,Sneha Murthy,sneha.murthy@hotmail.com,9357247107,Arjun Nair,Meta Ads,53999,"12/06/2026, 11:25 AM",21300,HDFC Credila,Loan Disbursed,13/06/2026
Jun-26,YT,DA Meta Ads,INST,DA-B14,04/06/2026,Vijay Pandey,vijay_pandey551@rediffmail.com,6940264090,Meera Pillai,YouTube,54999,"19/06/2026, 09:15 AM",25600,HDFC Credila,Partial,
Jun-26,ADS,Gen AI Search Ads,SEM,GENAI-B04,07/06/2026,Rahul Reddy,rahulreddy534@gmail.com,6073537287,Rahul Menon,Meta Ads,69999,"29/06/2026, 02:13 PM",16500,Propelld,Pending,
Jun-26,YT,DM Meta Ads,INST,DM-B08,06/06/2026,Jaya Menon,jayamenon359@yahoo.com,8690158242,Meera Pillai,Google Ads,36999,"28/06/2026, 11:36 AM",14000,Self Finance,Paid,
Jun-26,YT Referral,DA Search Ads,GADS,DA-B12,03/06/2026,Aditya Chopra,adityachopra986@hotmail.com,9837391374,Ananya Joshi,Google Ads,58999,"14/06/2026, 12:15 PM",22600,Self Finance,Paid,
Jun-26,ADS Referral,DA Search Ads,SEM,DA-B13,06/06/2026,Karan Ghosh,karan.ghosh@outlook.com,6096675088,Kavya Reddy,Google Ads,65999,"01/06/2026, 07:09 PM",29500,NBFC Direct,Paid,
Jun-26,ADS,DS Meta Ads,FB,DS-B09,07/06/2026,Lakshmi Ghosh,lakshmi.ghosh@yahoo.com,8195196050,Vikram Das,Google Ads,82999,"27/06/2026, 01:33 PM",40800,Self Finance,Loan Disbursed,
Jun-26,ADS,Gen AI Meta Ads,META,GENAI-B04,23/06/2026,Ravi Rao,ravi.rao876@hotmail.com,6207526233,Sneha Iyer,Google Ads,64999,"05/06/2026, 08:10 PM",18700,Propelld,Paid,
Jun-26,YT Referral,AI/ML Search Ads,GSN,AIML-B03,24/06/2026,Meera Yadav,meera_yadav644@rediffmail.com,6928496284,Vikram Das,YouTube,78999,"11/06/2026, 11:38 AM",34600,Self Finance,Partial,
Jun-26,ADS,DA Search Ads,GADS,DA-B13,02/06/2026,Varun Iyer,varuniyer915@hotmail.com,9409703316,Vikram Das,YouTube,56999,"29/06/2026, 10:18 AM",12500,Self Finance,Paid,
Jun-26,YT,DS Search Ads,GSN,DS-B08,03/06/2026,Divya Reddy,divya_reddy508@yahoo.com,6932592701,Rahul Menon,YouTube,71999,"05/06/2026, 03:08 PM",15700,Eduvanz,Paid,
Jun-26,YT,DA Meta Ads,FB,DA-B13,02/06/2026,Divya Sharma,divya_sharma@outlook.com,9036546477,Deepak Verma,Meta Ads,57999,"18/06/2026, 10:07 PM",25300,Self Finance,Paid,
Jun-26,ADS Referral,DA Meta Ads,META,DA-B12,18/06/2026,Lakshmi Gupta,lakshmi.gupta140@gmail.com,8877278555,Vikram Das,Google Ads,56999,"07/06/2026, 08:44 PM",15600,Self Finance,Paid,
Jun-26,YT,Gen AI Meta Ads,META,GENAI-B03,09/06/2026,Vijay Naidu,vijay_naidu620@yahoo.com,9942657692,Kavya Reddy,Google Ads,69999,"02/06/2026, 05:00 PM",27100,Self Finance,Paid,
Jun-26,YT Referral,DS Search Ads,GSN,DS-B10,04/06/2026,Meera Tiwari,meeratiwari@outlook.com,7691409754,Meera Pillai,YouTube,61999,"09/06/2026, 05:26 PM",27500,Propelld,Paid,
Jun-26,ADS,AI/ML Search Ads,GSN,AIML-B03,09/06/2026,Ananya Rao,ananya_rao200@gmail.com,9226489752,Sneha Iyer,Organic,79999,"07/06/2026, 03:55 PM",36000,Self Finance,Paid,
Jun-26,YT,BA Search Ads,GSN,BA-B05,22/06/2026,Nandini Nair,nandini.nair858@outlook.com,7532113043,Sneha Iyer,Referral,45999,"06/06/2026, 06:49 PM",18300,Self Finance,Pending,
Jun-26,ADS,AI/ML Search Ads,SEM,AIML-B02,02/06/2026,Ishaan Reddy,ishaan_reddy122@outlook.com,6750163240,Rahul Menon,Meta Ads,68999,"05/06/2026, 01:29 PM",28400,Self Finance,Loan Disbursed,
Jun-26,ADS,Gen AI Search Ads,GADS,GENAI-B03,13/06/2026,Ravi Chopra,ravi_chopra@rediffmail.com,6463593328,Meera Pillai,YouTube,61999,"10/06/2026, 11:55 AM",27100,,Loan Disbursed,
Jun-26,YT,DM Meta Ads,INST,DM-B07,21/06/2026,Karan Fernandes,karanfernandes@hotmail.com,9409903671,Rahul Menon,YouTube,44999,"27/06/2026, 04:12 PM",11300,Self Finance,Loan Disbursed,
Jun-26,ADS Referral,Gen AI Meta Ads,FB,GENAI-B03,29/06/2026,Bhavna Ghosh,bhavna.ghosh4@outlook.com,7783572294,Sneha Iyer,YouTube,74999,"04/06/2026, 11:02 AM",21100,Self Finance,Partial,
Jun-26,ADS,CS Search Ads,GSN,CS-B04,20/06/2026,Aarav Tiwari,aarav.tiwari819@outlook.com,6290294399,Deepak Verma,Organic,53999,"23/06/2026, 07:05 PM",25600,HDFC Credila,Paid,
Jun-26,YT,AI/ML Search Ads,SEM,AIML-B02,01/06/2026,Kiran Agarwal,kiran.agarwal476@outlook.com,8434074855,Ananya Joshi,YouTube,69999,"14/06/2026, 12:51 PM",30000,,Paid,
Jun-26,ADS Referral,DA Meta Ads,INST,DA-B12,08/06/2026,Karan Agarwal,karanagarwal@hotmail.com,6108442780,Kavya Reddy,Meta Ads,53999,"01/06/2026, 01:30 PM",14200,Self Finance,Partial,
Jun-26,ADS Referral,AI/ML Search Ads,GSN,AIML-B03,23/06/2026,Akash Sharma,akash_sharma179@outlook.com,7562003219,Sneha Iyer,Google Ads,69999,"25/06/2026, 09:51 PM",34500,NBFC Direct,Loan Disbursed,25/06/2026
Jun-26,YT,AI/ML Search Ads,GSN,AIML-B02,03/06/2026,Gaurav Kumar,gaurav.kumar548@hotmail.com,7512686225,Sneha Iyer,Referral,89999,"08/06/2026, 04:10 PM",39700,Eduvanz,Paid,
Jun-26,ADS Referral,DA Meta Ads,META,DA-B14,02/06/2026,Sonia Pandey,sonia_pandey@rediffmail.com,7231600941,Priya Sharma,YouTube,51999,"11/06/2026, 07:21 PM",18600,Propelld,Pending,
Jun-26,YT,CS Search Ads,GSN,CS-B04,07/06/2026,Esha Agarwal,esha_agarwal@rediffmail.com,6614013303,Suresh Bhat,YouTube,67999,"06/06/2026, 06:35 PM",18200,Self Finance,Loan Disbursed,
Jun-26,ADS Referral,BA Meta Ads,INST,BA-B05,22/06/2026,Sandeep Murthy,sandeepmurthy495@outlook.com,9149537100,Suresh Bhat,Google Ads,51999,"02/06/2026, 07:18 PM",23900,Auxilo,Paid,
Jun-26,ADS,DS Meta Ads,FB,DS-B10,21/06/2026,Swati Fernandes,swati.fernandes@hotmail.com,9217485999,Deepak Verma,Referral,75999,"19/06/2026, 12:55 PM",15300,Self Finance,Paid,
Jun-26,YT,Gen AI Search Ads,GSN,GENAI-B03,15/06/2026,Deepak Mehta,deepak_mehta970@hotmail.com,8348297840,Rahul Menon,Organic,79999,"30/06/2026, 07:14 PM",20100,Propelld,Paid,
Jun-26,YT,DA Search Ads,GSN,DA-B13,16/06/2026,Swati Joshi,swati_joshi@gmail.com,8975752066,Vikram Das,Referral,66999,"04/06/2026, 05:31 PM",14100,Auxilo,Paid,
Jun-26,YT,BA Meta Ads,INST,BA-B05,04/06/2026,Aryan Nair,aryan.nair@gmail.com,8823040724,Arjun Nair,Referral,47999,"11/06/2026, 04:00 PM",11100,Self Finance,Partial,
Jun-26,ADS,Gen AI Search Ads,GSN,GENAI-B03,13/06/2026,Sonia Jain,sonia_jain109@hotmail.com,8232677748,Sneha Iyer,Google Ads,69999,"20/06/2026, 05:38 PM",16000,,Paid,
Jun-26,YT,AI/ML Search Ads,SEM,AIML-B02,25/06/2026,Priya Yadav,priyayadav576@outlook.com,8910672673,Ananya Joshi,Google Ads,66999,"04/06/2026, 10:23 AM",17900,,Paid,
Jun-26,YT,DA Meta Ads,FB,DA-B12,08/06/2026,Amit Menon,amit_menon@rediffmail.com,9102861829,Vikram Das,Meta Ads,54999,"06/06/2026, 09:31 PM",23400,Propelld,Partial,
Jun-26,YT Referral,BA Search Ads,GSN,BA-B06,23/06/2026,Rohan Varma,rohanvarma146@outlook.com,7041085296,Suresh Bhat,Meta Ads,49999,"17/06/2026, 06:45 PM",19000,Auxilo,Paid,
Jun-26,YT,DA Meta Ads,META,DA-B12,14/06/2026,Anjali Chopra,anjalichopra89@gmail.com,9602619857,Suresh Bhat,YouTube,50999,"16/06/2026, 09:00 AM",10500,,Pending,
Jun-26,ADS,DA Search Ads,SEM,DA-B14,17/06/2026,Esha Pandey,eshapandey@hotmail.com,8239584029,Vikram Das,Google Ads,51999,"03/06/2026, 01:17 PM",16900,NBFC Direct,Paid,
Jun-26,ADS,DM Meta Ads,FB,DM-B08,06/06/2026,Shruti Verma,shruti.verma@gmail.com,9110333924,Deepak Verma,Referral,38999,"18/06/2026, 04:26 PM",14000,Self Finance,Paid,
Jun-26,ADS Referral,BA Meta Ads,INST,BA-B06,11/06/2026,Pooja Rajan,pooja.rajan777@rediffmail.com,8718665985,Vikram Das,YouTube,59999,"22/06/2026, 09:30 AM",21000,Propelld,Paid,
Jun-26,ADS,DS Meta Ads,FB,DS-B10,11/06/2026,Aarav Naidu,aarav.naidu@rediffmail.com,9259660895,Suresh Bhat,Meta Ads,65999,"28/06/2026, 08:10 PM",16200,Propelld,Paid,
Jun-26,ADS,Gen AI Search Ads,GSN,GENAI-B04,18/06/2026,Kavya Menon,kavya.menon624@yahoo.com,7250780844,Deepak Verma,Google Ads,66999,"09/06/2026, 12:01 PM",32100,Auxilo,Paid,
Jun-26,ADS Referral,Gen AI Meta Ads,FB,GENAI-B04,18/06/2026,Vinay Das,vinay.das@outlook.com,6673936744,Ananya Joshi,Organic,66999,"24/06/2026, 05:22 PM",20100,Self Finance,Refunded,
Jun-26,ADS,DM Meta Ads,META,DM-B08,27/06/2026,Ishaan Agarwal,ishaan.agarwal540@yahoo.com,6895799172,Vikram Das,Google Ads,40999,"27/06/2026, 05:17 PM",10200,Eduvanz,Paid,
Jun-26,YT Referral,DA Meta Ads,FB,DA-B14,27/06/2026,Lakshmi Desai,lakshmi.desai@yahoo.com,9612523744,Meera Pillai,Email,64999,"16/06/2026, 04:03 PM",23600,Self Finance,Paid,
Jun-26,ADS,BA Search Ads,GADS,BA-B05,03/06/2026,Aarav Kumar,aarav_kumar373@yahoo.com,7210583262,Rahul Menon,Referral,51999,"22/06/2026, 11:44 AM",19000,HDFC Credila,Paid,
Jun-26,ADS,DS Meta Ads,FB,DS-B08,24/06/2026,Arjun Kumar,arjun_kumar725@yahoo.com,6665765158,Deepak Verma,Referral,60999,"28/06/2026, 09:38 AM",13600,Eduvanz,Pending,
Jun-26,YT Referral,DA Meta Ads,META,DA-B12,21/06/2026,Swati Fernandes,swatifernandes33@hotmail.com,9331242258,Kavya Reddy,Google Ads,69999,"03/06/2026, 03:52 PM",27300,Self Finance,Partial,
Jun-26,ADS,DA Search Ads,SEM,DA-B12,15/06/2026,Nandini Das,nandinidas645@hotmail.com,8454284251,Meera Pillai,Referral,58999,"02/06/2026, 05:08 PM",28500,Propelld,Partial,
Jun-26,YT Referral,DA Meta Ads,FB,DA-B14,01/06/2026,Vijay Sharma,vijaysharma557@rediffmail.com,7048702114,Sneha Iyer,Organic,55999,"13/06/2026, 03:07 PM",22500,Self Finance,Pending,
Jun-26,ADS,DA Meta Ads,META,DA-B13,11/06/2026,Vijay Sharma,vijay_sharma@gmail.com,6883090899,Vikram Das,Google Ads,64999,"10/06/2026, 03:53 PM",30800,Self Finance,Paid,
Jun-26,ADS Referral,Gen AI Meta Ads,FB,GENAI-B03,02/06/2026,Meera Singh,meera_singh701@gmail.com,9164954236,Arjun Nair,Meta Ads,59999,"28/06/2026, 06:40 PM",13700,Propelld,Paid,
Jun-26,ADS,Gen AI Search Ads,SEM,GENAI-B04,11/06/2026,Priya Pandey,priya.pandey141@yahoo.com,7220359422,Sneha Iyer,Meta Ads,74999,"05/06/2026, 06:38 PM",30100,Eduvanz,Paid,
Jun-26,YT Referral,DA Search Ads,SEM,DA-B14,02/06/2026,Tanvi Yadav,tanvi.yadav@gmail.com,9362943460,Suresh Bhat,Organic,56999,"02/06/2026, 06:54 PM",25300,Self Finance,Partial,
Jun-26,YT,AI/ML Search Ads,SEM,AIML-B03,22/06/2026,Vinay Das,vinaydas157@yahoo.com,8123859107,Kavya Reddy,Organic,73999,"10/06/2026, 09:41 AM",21100,Self Finance,Paid,
Jun-26,ADS,CS Search Ads,GADS,CS-B05,08/06/2026,Tanvi Menon,tanvimenon350@gmail.com,6337996835,Meera Pillai,YouTube,51999,"08/06/2026, 09:55 PM",22200,,Paid,
Jun-26,ADS Referral,AI/ML Search Ads,SEM,AIML-B02,11/06/2026,Sandeep Sharma,sandeep.sharma969@hotmail.com,9734817632,Suresh Bhat,YouTube,68999,"23/06/2026, 10:36 AM",17200,Auxilo,Paid,
Jun-26,ADS,DA Search Ads,SEM,DA-B12,29/06/2026,Pooja Gupta,pooja_gupta345@rediffmail.com,8080263924,Deepak Verma,Organic,63999,"01/06/2026, 12:49 PM",19100,Self Finance,Partial,
Jun-26,YT,DM Meta Ads,META,DM-B08,19/06/2026,Mohit Verma,mohit_verma@outlook.com,7465191028,Suresh Bhat,Meta Ads,38999,"22/06/2026, 06:57 PM",18500,Self Finance,Partial,
Jun-26,ADS,DS Search Ads,GADS,DS-B10,28/06/2026,Nandini Mehta,nandini.mehta748@outlook.com,8197383776,Ananya Joshi,Google Ads,66999,"30/06/2026, 07:19 PM",21800,Self Finance,Loan Disbursed,
Jun-26,YT,DA Search Ads,GADS,DA-B12,07/06/2026,Divya Varma,divya_varma@outlook.com,9726797269,Arjun Nair,Google Ads,62999,"05/06/2026, 07:11 PM",29200,Auxilo,Refunded,
Jun-26,ADS Referral,BA Meta Ads,META,BA-B05,12/06/2026,Pradeep Tiwari,pradeep.tiwari@outlook.com,7887496743,Vikram Das,Meta Ads,58999,"06/06/2026, 08:38 PM",11800,Propelld,Paid,
Jun-26,ADS,DA Search Ads,GSN,DA-B14,05/06/2026,Rohan Tiwari,rohan.tiwari92@outlook.com,7303180808,Deepak Verma,YouTube,67999,"21/06/2026, 03:42 PM",29900,Auxilo,Paid,
Jun-26,ADS Referral,DA Search Ads,SEM,DA-B14,22/06/2026,Deepa Das,deepadas@yahoo.com,9446378739,Kavya Reddy,Organic,58999,"11/06/2026, 08:29 PM",14900,Self Finance,Pending,
Jun-26,YT,DM Meta Ads,INST,DM-B08,10/06/2026,Aditya Chopra,aditya_chopra314@gmail.com,8560579849,Vikram Das,YouTube,40999,"12/06/2026, 08:13 PM",9900,Propelld,Loan Disbursed,12/06/2026
Jun-26,YT,AI/ML Search Ads,GSN,AIML-B03,06/06/2026,Rohit Pandey,rohitpandey@rediffmail.com,8347710789,Kavya Reddy,Google Ads,69999,"23/06/2026, 11:06 AM",24000,,Paid,
Jun-26,YT,Gen AI Meta Ads,FB,GENAI-B03,06/06/2026,Harish Naidu,harish.naidu@hotmail.com,8349092094,Kavya Reddy,Google Ads,63999,"28/06/2026, 09:22 AM",29600,Self Finance,Loan Disbursed,
Jun-26,YT,BA Search Ads,GADS,BA-B06,27/06/2026,Meera Varma,meera_varma@hotmail.com,6228911873,Arjun Nair,YouTube,51999,"13/06/2026, 12:27 PM",16400,Self Finance,Paid,
Jun-26,ADS Referral,DS Search Ads,GADS,DS-B09,30/06/2026,Pradeep Kumar,pradeepkumar877@outlook.com,9295160947,Rahul Menon,Meta Ads,74999,"09/06/2026, 11:29 AM",31100,Self Finance,Paid,
Jun-26,ADS,DM Meta Ads,INST,DM-B07,21/06/2026,Nandini Menon,nandini_menon@outlook.com,8097314381,Rahul Menon,Google Ads,48999,"17/06/2026, 01:35 PM",17300,Eduvanz,Partial,
Jun-26,YT,Gen AI Search Ads,GADS,GENAI-B03,26/06/2026,Amit Jain,amit_jain188@yahoo.com,6041336855,Kavya Reddy,Google Ads,58999,"18/06/2026, 07:44 PM",27400,Propelld,Paid,
Jun-26,YT,DA Search Ads,GADS,DA-B12,16/06/2026,Vinay Kapoor,vinay.kapoor189@yahoo.com,8952934524,Deepak Verma,Email,54999,"22/06/2026, 06:02 PM",25700,HDFC Credila,Paid,
Jun-26,ADS Referral,Gen AI Meta Ads,FB,GENAI-B04,14/06/2026,Kiran Pandey,kiran_pandey@hotmail.com,8592013529,Kavya Reddy,Google Ads,62999,"11/06/2026, 12:15 PM",24300,Propelld,Paid,
Jun-26,ADS,Gen AI Meta Ads,FB,GENAI-B03,06/06/2026,Deepak Fernandes,deepak.fernandes814@rediffmail.com,9322673383,Rahul Menon,Meta Ads,72999,"09/06/2026, 02:08 PM",17000,Self Finance,Paid,
Jun-26,ADS Referral,BA Meta Ads,INST,BA-B05,09/06/2026,Sneha Rajan,sneha.rajan124@gmail.com,8852029756,Kavya Reddy,YouTube,50999,"21/06/2026, 10:14 AM",16100,Propelld,Pending,
Jun-26,ADS,BA Meta Ads,INST,BA-B06,04/06/2026,Mohit Singh,mohit_singh903@hotmail.com,8546715520,Suresh Bhat,Google Ads,50999,"04/06/2026, 11:30 AM",18200,,Paid,
Jun-26,ADS,Gen AI Meta Ads,FB,GENAI-B03,04/06/2026,Kavya Joshi,kavya_joshi@gmail.com,6200678982,Sneha Iyer,YouTube,77999,"15/06/2026, 09:01 AM",19200,Self Finance,Paid,
Jun-26,ADS,Gen AI Meta Ads,META,GENAI-B03,12/06/2026,Karan Pandey,karanpandey@yahoo.com,6174211765,Sneha Iyer,Google Ads,69999,"05/06/2026, 09:11 PM",21500,Self Finance,Paid,
Jun-26,ADS Referral,CS Search Ads,GSN,CS-B04,24/06/2026,Varun Sharma,varun.sharma@rediffmail.com,9920519165,Deepak Verma,Meta Ads,61999,"07/06/2026, 09:29 PM",21500,Self Finance,Paid,
Jun-26,ADS Referral,DS Meta Ads,META,DS-B10,10/06/2026,Esha Varma,eshavarma@rediffmail.com,6201795122,Arjun Nair,Meta Ads,61999,"22/06/2026, 02:06 PM",24200,,Partial,
Jun-26,ADS Referral,Gen AI Meta Ads,FB,GENAI-B03,26/06/2026,Jaya Sharma,jayasharma966@yahoo.com,8483212164,Sneha Iyer,YouTube,55999,"17/06/2026, 09:16 PM",24600,Propelld,Paid,
Jun-26,YT,Gen AI Meta Ads,META,GENAI-B04,09/06/2026,Nandini Nair,nandini.nair@yahoo.com,7937859859,Meera Pillai,YouTube,63999,"25/06/2026, 08:12 PM",22800,,Paid,
Jun-26,YT,Gen AI Search Ads,GSN,GENAI-B04,12/06/2026,Tanvi Mehta,tanvimehta@gmail.com,7100147596,Meera Pillai,WhatsApp,60999,"08/06/2026, 03:55 PM",18300,Auxilo,Paid,
Jun-26,ADS,BA Search Ads,GADS,BA-B05,11/06/2026,Rahul Rao,rahul.rao136@yahoo.com,9862343431,Deepak Verma,Email,58999,"05/06/2026, 08:37 PM",18400,Auxilo,Paid,
Jun-26,ADS Referral,DS Search Ads,GSN,DS-B10,12/06/2026,Jaya Patel,jaya.patel@gmail.com,6484513804,Deepak Verma,Email,71999,"02/06/2026, 11:56 AM",22300,Self Finance,Pending,
Jun-26,ADS,BA Search Ads,GADS,BA-B05,24/06/2026,Swati Pandey,swatipandey381@outlook.com,7803159318,Rahul Menon,Organic,51999,"20/06/2026, 05:41 PM",14400,Propelld,Paid,
Jun-26,ADS Referral,DA Meta Ads,INST,DA-B12,01/06/2026,Hemant Pandey,hemantpandey491@outlook.com,9545540813,Deepak Verma,YouTube,64999,"12/06/2026, 08:14 PM",25100,Auxilo,Paid,
Jun-26,ADS,DS Search Ads,GSN,DS-B10,11/06/2026,Dhruv Tiwari,dhruv_tiwari344@yahoo.com,8737454187,Suresh Bhat,YouTube,70999,"14/06/2026, 08:57 PM",20300,HDFC Credila,Paid,
Jun-26,ADS,Gen AI Meta Ads,META,GENAI-B04,24/06/2026,Chetan Nair,chetan_nair873@yahoo.com,9377538778,Kavya Reddy,Google Ads,55999,"27/06/2026, 08:03 PM",24900,,Pending,
